ID,–í–æ–ø—Ä–æ—Å,–û—Ç–≤–µ—Ç
1,"–ó–¥—Ä–∞–≤—Å—Ç–≤—É–π—Ç–µ, –∞ –¥–æ–ø–æ–ª–Ω–∏—Ç–µ–ª—å–Ω—ã–µ –±–∞–ª–ª—ã –∑–∞ —É—á–∞—Å—Ç–∏–µ –≤ –æ–ª–∏–º–ø–∏–∞–¥–µ –í–°–û–®, –¥–∞—é—Ç –∑–∞ —É—á–∞—Å—Ç–∏–µ –∏–ª–∏ –∫–∞–∫–∏–µ-—Ç–æ –º–µ—Å—Ç–∞?","–î–æ–ø–æ–ª–Ω–∏—Ç–µ–ª—å–Ω—ã–µ –±–∞–ª–ª—ã –∑–∞ —É—á–∞—Å—Ç–∏–µ –≤ –æ–ª–∏–º–ø–∏–∞–¥–µ –í–°–û–® –Ω–∞—á–∏—Å–ª—è—é—Ç—Å—è –Ω–µ —Ç–æ–ª—å–∫–æ –∑–∞ –∑–∞–Ω—è—Ç—ã–µ –ø—Ä–∏–∑–æ–≤—ã–µ –º–µ—Å—Ç–∞, –Ω–æ –∏ –∑–∞ —É—á–∞—Å—Ç–∏–µ. –£—á–∞—Å—Ç–Ω–∏–∫–∏, –ø—Ä–æ—à–µ–¥—à–∏–µ –æ—á–Ω—ã–π —ç—Ç–∞–ø –æ–ª–∏–º–ø–∏–∞–¥—ã, –º–æ–≥—É—Ç –ø–æ–ª—É—á–∏—Ç—å –¥–æ–ø–æ–ª–Ω–∏—Ç–µ–ª—å–Ω—ã–µ –±–∞–ª–ª—ã –ø—Ä–∏ –ø–æ—Å—Ç—É–ø–ª–µ–Ω–∏–∏ –≤ –£—Ä–§–£. –ö–æ–Ω–∫—Ä–µ—Ç–Ω–æ–µ –∫–æ–ª–∏—á–µ—Å—Ç–≤–æ –±–∞–ª–ª–æ–≤ –∑–∞–≤–∏—Å–∏—Ç –æ—Ç —É—Ä–æ–≤–Ω—è –¥–æ—Å—Ç–∏–∂–µ–Ω–∏—è (–Ω–∞–ø—Ä–∏–º–µ—Ä, –ø—Ä–∏–∑–æ–≤—ã–µ –º–µ—Å—Ç–∞) –∏ –∫–∞—Ç–µ–≥–æ—Ä–∏–∏ –æ–ª–∏–º–ø–∏–∞–¥—ã. –í–∞–∂–Ω–æ, —á—Ç–æ –±–∞–ª–ª—ã –∑–∞ —É—á–∞—Å—Ç–∏–µ –≤ –æ–ª–∏–º–ø–∏–∞–¥–µ –º–æ–≥—É—Ç –±—ã—Ç—å —É—á—Ç–µ–Ω—ã —Ç–æ–ª—å–∫–æ –≤ —Å–ª—É—á–∞–µ, –µ—Å–ª–∏ –æ–Ω–∞ –≤—Ö–æ–¥–∏—Ç –≤ –ø–µ—Ä–µ—á–µ–Ω—å –æ–ª–∏–º–ø–∏–∞–¥, —É—Ç–≤–µ—Ä–∂–¥–µ–Ω–Ω—ã—Ö –¥–ª—è –Ω–∞—á–∏—Å–ª–µ–Ω–∏—è –±–∞–ª–ª–æ–≤, –∏ –µ—Å–ª–∏ —É—á–∞—Å—Ç–Ω–∏–∫ —Å–æ–æ—Ç–≤–µ—Ç—Å—Ç–≤—É–µ—Ç —É—Å—Ç–∞–Ω–æ–≤–ª–µ–Ω–Ω—ã–º —Ç—Ä–µ–±–æ–≤–∞–Ω–∏—è–º. 

–î–ª—è –ø–æ–ª—É—á–µ–Ω–∏—è —Ç–æ—á–Ω–æ–π –∏–Ω—Ñ–æ—Ä–º–∞—Ü–∏–∏ –∏ –∞–∫—Ç—É–∞–ª—å–Ω—ã—Ö —É—Å–ª–æ–≤–∏–π –Ω–∞—á–∏—Å–ª–µ–Ω–∏—è –±–∞–ª–ª–æ–≤ –∑–∞ —É—á–∞—Å—Ç–∏–µ –≤ –æ–ª–∏–º–ø–∏–∞–¥–∞—Ö –í–°–û–®, —Ä–µ–∫–æ–º–µ–Ω–¥—É–µ—Ç—Å—è –æ–∑–Ω–∞–∫–æ–º–∏—Ç—å—Å—è —Å —Ä–∞–∑–¥–µ–ª–æ–º ""–ü—Ä–∏–µ–º–Ω–∞—è –∫–∞–º–ø–∞–Ω–∏—è"" –Ω–∞ –æ—Ñ–∏—Ü–∏–∞–ª—å–Ω–æ–º —Å–∞–π—Ç–µ –£—Ä–§–£."
2,"–ó–¥—Ä–∞–≤—Å—Ç–≤—É–π—Ç–µ, –µ—Å–ª–∏ —è —É—á–∞—Å—Ç–≤–æ–≤–∞–ª–∞ –≤ –æ–ª–∏–º–ø–∏–∞–¥–µ ""–ò–∑—É–º—Ä—É–¥"" –≤ 23 –≥–æ–¥—É, –¥–∞–¥—É—Ç –ª–∏ –º–Ω–µ 3 –¥–æ–ø–æ–ª–Ω–∏—Ç–µ–ª—å–Ω—ã—Ö –±–∞–ª–ª–∞ –ø—Ä–∏ –ø–æ—Å—Ç—É–ø–ª–µ–Ω–∏–∏ –≤ —ç—Ç–æ–º –≥–æ–¥—É?","–°–æ–≥–ª–∞—Å–Ω–æ –ø—Ä–∞–≤–∏–ª–∞–º –ø—Ä–∏–µ–º–∞ –≤ –£—Ä–§–£, –¥–æ–ø–æ–ª–Ω–∏—Ç–µ–ª—å–Ω—ã–µ –±–∞–ª–ª—ã –∑–∞ —É—á–∞—Å—Ç–∏–µ –≤ –æ–ª–∏–º–ø–∏–∞–¥–∞—Ö —Å–æ—Ö—Ä–∞–Ω—è—é—Ç—Å—è –≤ –∑–∞–≤–∏—Å–∏–º–æ—Å—Ç–∏ –æ—Ç —Ç–∏–ø–∞ –æ–ª–∏–º–ø–∏–∞–¥—ã –∏ —Ä–µ–∑—É–ª—å—Ç–∞—Ç–∞. –í —Å–ª—É—á–∞–µ —Å –æ–ª–∏–º–ø–∏–∞–¥–æ–π ""–ò–∑—É–º—Ä—É–¥"", —Ä–µ–∑—É–ª—å—Ç–∞—Ç —Å–æ—Ö—Ä–∞–Ω—è–µ—Ç—Å—è –Ω–∞ 2 –≥–æ–¥–∞ –¥–ª—è —É—á–∞—Å—Ç–Ω–∏–∫–æ–≤, –ø—Ä–æ—à–µ–¥—à–∏—Ö –æ—á–Ω—ã–π —ç—Ç–∞–ø. –¢–∞–∫–∏–º –æ–±—Ä–∞–∑–æ–º, –µ—Å–ª–∏ –≤—ã —É—á–∞—Å—Ç–≤–æ–≤–∞–ª–∏ –≤ –æ–ª–∏–º–ø–∏–∞–¥–µ –≤ 2023 –≥–æ–¥—É –∏ –ø—Ä–æ—à–ª–∏ –æ—á–Ω—ã–π —ç—Ç–∞–ø, –≤—ã –º–æ–∂–µ—Ç–µ –ø–æ–ª—É—á–∏—Ç—å –¥–æ–ø–æ–ª–Ω–∏—Ç–µ–ª—å–Ω—ã–µ –±–∞–ª–ª—ã –ø—Ä–∏ –ø–æ—Å—Ç—É–ø–ª–µ–Ω–∏–∏ –≤ 2024 –≥–æ–¥—É. 

–ï—Å–ª–∏ –∂–µ –≤—ã –∑–∞–Ω—è–ª–∏ –ø—Ä–∏–∑–æ–≤–æ–µ –º–µ—Å—Ç–æ, –¥–æ–ø–æ–ª–Ω–∏—Ç–µ–ª—å–Ω—ã–µ –±–∞–ª–ª—ã –º–æ–≥—É—Ç —Å–æ—Ö—Ä–∞–Ω—è—Ç—å—Å—è –Ω–∞ 4 –≥–æ–¥–∞.

–î–ª—è –±–æ–ª–µ–µ —Ç–æ—á–Ω–æ–π –∏–Ω—Ñ–æ—Ä–º–∞—Ü–∏–∏ –æ –Ω–∞—á–∏—Å–ª–µ–Ω–∏–∏ –±–∞–ª–ª–æ–≤ –≤ —Ä–∞–º–∫–∞—Ö –∫–æ–Ω–∫—Ä–µ—Ç–Ω–æ–π –æ–ª–∏–º–ø–∏–∞–¥—ã –∏ —É—Å–ª–æ–≤–∏–π –ø–æ—Å—Ç—É–ø–ª–µ–Ω–∏—è, –≤–∞–º —Å—Ç–æ–∏—Ç –æ–∑–Ω–∞–∫–æ–º–∏—Ç—å—Å—è —Å –∞–∫—Ç—É–∞–ª—å–Ω—ã–º–∏ –ø–æ–ª–æ–∂–µ–Ω–∏—è–º–∏ –Ω–∞ —Å–∞–π—Ç–µ –£—Ä–§–£."
3,"–î–æ–±—Ä—ã–π –≤–µ—á–µ—Ä! –ü–æ–¥—Å–∫–∞–∂–∏—Ç–µ, –ø–æ–∂–∞–ª—É–π—Å—Ç–∞, –∫–∞–∫ –±—É–¥–µ—Ç –æ–ø—Ä–µ–¥–µ–ª—è—Ç—å—Å—è –ø—Ä–æ—Ö–æ–¥–Ω–æ–π –±–∞–ª–ª –∏–∑ –æ—Ç–±–æ—Ä–æ—á–Ω–æ–≥–æ —ç—Ç–∞–ø–∞ –≤ —Å–ª–µ–¥—É—é—â–∏–π –≤ –æ–ª–∏–º–ø–∏–∞–¥–µ ""–ò–∑—É–º—Ä—É–¥""?","–ü—Ä–æ—Ö–æ–¥–Ω–æ–π –±–∞–ª–ª –¥–ª—è –ø–µ—Ä–µ—Ö–æ–¥–∞ –Ω–∞ —Å–ª–µ–¥—É—é—â–∏–π —ç—Ç–∞–ø –æ–ª–∏–º–ø–∏–∞–¥—ã ""–ò–∑—É–º—Ä—É–¥"" –æ–ø—Ä–µ–¥–µ–ª—è–µ—Ç—Å—è –Ω–∞ –æ—Å–Ω–æ–≤–µ —Ä–µ–∑—É–ª—å—Ç–∞—Ç–æ–≤ –æ—Ç–±–æ—Ä–æ—á–Ω–æ–≥–æ —ç—Ç–∞–ø–∞. –í–∞–∂–Ω—ã–º –º–æ–º–µ–Ω—Ç–æ–º —è–≤–ª—è–µ—Ç—Å—è —Ç–æ, —á—Ç–æ –¥–æ–ø–æ–ª–Ω–∏—Ç–µ–ª—å–Ω—ã–µ –±–∞–ª–ª—ã –∑–∞ —É—á–∞—Å—Ç–∏–µ –≤ –æ–ª–∏–º–ø–∏–∞–¥–µ –º–æ–≥—É—Ç –±—ã—Ç—å –Ω–∞—á–∏—Å–ª–µ–Ω—ã —Ç–æ–ª—å–∫–æ –∑–∞ –æ—á–Ω–æ–µ —É—á–∞—Å—Ç–∏–µ. –¢–æ –µ—Å—Ç—å, –¥–ª—è –ø–æ–ª—É—á–µ–Ω–∏—è –¥–æ–ø–æ–ª–Ω–∏—Ç–µ–ª—å–Ω—ã—Ö –±–∞–ª–ª–æ–≤ –ø—Ä–∏ –ø–æ—Å—Ç—É–ø–ª–µ–Ω–∏–∏ –≤ —É–Ω–∏–≤–µ—Ä—Å–∏—Ç–µ—Ç, –Ω–µ–æ–±—Ö–æ–¥–∏–º–æ –ø—Ä–æ–π—Ç–∏ –æ—á–Ω—ã–π —ç—Ç–∞–ø –æ–ª–∏–º–ø–∏–∞–¥—ã.

–ü—Ä–æ—Ö–æ–¥–Ω–æ–π –±–∞–ª–ª –¥–ª—è —É—á–∞—Å—Ç–∏—è –≤ —Å–ª–µ–¥—É—é—â–µ–º —ç—Ç–∞–ø–µ –±—É–¥–µ—Ç –∑–∞–≤–∏—Å–µ—Ç—å –æ—Ç –Ω–∞–±—Ä–∞–Ω–Ω—ã—Ö –≤–∞–º–∏ –æ—á–∫–æ–≤ –Ω–∞ –æ—Ç–±–æ—Ä–æ—á–Ω–æ–º —ç—Ç–∞–ø–µ, –∞ —Ç–∞–∫–∂–µ –æ—Ç –æ–±—â–µ–≥–æ —É—Ä–æ–≤–Ω—è —Å–ª–æ–∂–Ω–æ—Å—Ç–∏ –∑–∞–¥–∞–Ω–∏–π –∏ –∫–æ–ª–∏—á–µ—Å—Ç–≤–∞ —É—á–∞—Å—Ç–Ω–∏–∫–æ–≤. –î–ª—è —Ç–æ—á–Ω–æ–π –∏–Ω—Ñ–æ—Ä–º–∞—Ü–∏–∏ –æ —Å–∏—Å—Ç–µ–º–µ –æ–ø—Ä–µ–¥–µ–ª–µ–Ω–∏—è –ø—Ä–æ—Ö–æ–¥–Ω—ã—Ö –±–∞–ª–ª–æ–≤ –∏ –∫—Ä–∏—Ç–µ—Ä–∏—è—Ö –¥–ª—è —É—á–∞—Å—Ç–∏—è –≤ —Å–ª–µ–¥—É—é—â–∏—Ö —ç—Ç–∞–ø–∞—Ö, —Ä–µ–∫–æ–º–µ–Ω–¥—É–µ–º –æ–∑–Ω–∞–∫–æ–º–∏—Ç—å—Å—è —Å –æ—Ñ–∏—Ü–∏–∞–ª—å–Ω—ã–º–∏ –ø—Ä–∞–≤–∏–ª–∞–º–∏ –æ–ª–∏–º–ø–∏–∞–¥—ã –Ω–∞ —Å–∞–π—Ç–µ –£—Ä–§–£ –∏–ª–∏ –≤ –¥–æ–∫—É–º–µ–Ω—Ç–∞—Ü–∏–∏, –ø—Ä–µ–¥–æ—Å—Ç–∞–≤–ª–µ–Ω–Ω–æ–π –æ—Ä–≥–∞–Ω–∏–∑–∞—Ç–æ—Ä–∞–º–∏.

–ü–æ–¥—Ä–æ–±–Ω–µ–µ –æ–± —É—Å–ª–æ–≤–∏—è—Ö —É—á–∞—Å—Ç–∏—è –∏ –Ω–∞—á–∏—Å–ª–µ–Ω–∏–∏ –±–∞–ª–ª–æ–≤ –º–æ–∂–Ω–æ —É–∑–Ω–∞—Ç—å –Ω–∞ —Å—Ç—Ä–∞–Ω–∏—Ü–µ –æ–ª–∏–º–ø–∏–∞–¥—ã ""–ò–∑—É–º—Ä—É–¥"" –≤ —Ä–∞–∑–¥–µ–ª–µ ""–ü—Ä–∏–µ–º–Ω–∞—è –∫–∞–º–ø–∞–Ω–∏—è"" –£—Ä–§–£."
4,"–î–æ–±—Ä—ã–π –¥–µ–Ω—å! –ü–æ–¥—Å–∫–∞–∂–∏—Ç–µ, –ø–æ–∂–∞–ª—É–π—Å—Ç–∞, –≤–æ—Ç —è –ø—Ä–æ—à—ë–ª –ø–æ 3–µ–º –ø—Ä–µ–¥–º–µ—Ç–∞–º –æ–ª–∏–º–ø–∏–∞–¥—ã ""–ò–∑—É–º—Ä—É–¥"" –≤ –∑–∞–∫–ª—é—á–∏—Ç–µ–ª—å–Ω—ã–π —ç—Ç–∞–ø. –ú–Ω–µ –∑–∞ —ç—Ç–æ –¥–æ–±–∞–≤—è—Ç —Ç–æ–ª—å–∫–æ 3 –±–∞–ª–ª–∞ –ø—Ä–∏ –ø–æ—Å—Ç—É–ø–ª–µ–Ω–∏–∏? –ò–ª–∏ 9?","–í —Å–ª—É—á–∞–µ, –µ—Å–ª–∏ –≤—ã –ø—Ä–æ—à–ª–∏ –≤ –∑–∞–∫–ª—é—á–∏—Ç–µ–ª—å–Ω—ã–π —ç—Ç–∞–ø –æ–ª–∏–º–ø–∏–∞–¥—ã ""–ò–∑—É–º—Ä—É–¥"" –ø–æ –Ω–µ—Å–∫–æ–ª—å–∫–∏–º –ø—Ä–µ–¥–º–µ—Ç–∞–º, –Ω–∞—á–∏—Å–ª–µ–Ω–∏–µ –¥–æ–ø–æ–ª–Ω–∏—Ç–µ–ª—å–Ω—ã—Ö –±–∞–ª–ª–æ–≤ –ø—Ä–∏ –ø–æ—Å—Ç—É–ø–ª–µ–Ω–∏–∏ –±—É–¥–µ—Ç –ø—Ä–æ–∏—Å—Ö–æ–¥–∏—Ç—å —Å–æ–≥–ª–∞—Å–Ω–æ –ø—Ä–∞–≤–∏–ª–∞–º, –¥–µ–π—Å—Ç–≤—É—é—â–∏–º –≤ —Ç–µ–∫—É—â–µ–º –≥–æ–¥—É. –í –æ—Ç–ª–∏—á–∏–µ –æ—Ç –Ω–µ–∫–æ—Ç–æ—Ä—ã—Ö –¥—Ä—É–≥–∏—Ö –æ–ª–∏–º–ø–∏–∞–¥, –≥–¥–µ –±–∞–ª–ª—ã –º–æ–≥—É—Ç —Å—É–º–º–∏—Ä–æ–≤–∞—Ç—å—Å—è –∑–∞ –∫–∞–∂–¥—ã–π –ø—Ä–µ–¥–º–µ—Ç, –≤ –æ–ª–∏–º–ø–∏–∞–¥—ã ""–ò–∑—É–º—Ä—É–¥"" –¥–æ–ø–æ–ª–Ω–∏—Ç–µ–ª—å–Ω—ã–µ –±–∞–ª–ª—ã –Ω–∞—á–∏—Å–ª—è—é—Ç—Å—è —Ç–æ–ª—å–∫–æ –∑–∞ –æ–¥–Ω–æ –∏–∑ –¥–æ—Å—Ç–∏–∂–µ–Ω–∏–π (–æ–±—ã—á–Ω–æ –∑–∞ –ª—É—á—à–∏–π —Ä–µ–∑—É–ª—å—Ç–∞—Ç). –¢–∞–∫–∏–º –æ–±—Ä–∞–∑–æ–º, –≤–∞–º –±—É–¥–µ—Ç –Ω–∞—á–∏—Å–ª–µ–Ω –º–∞–∫—Å–∏–º—É–º 3 –±–∞–ª–ª–∞, –¥–∞–∂–µ –µ—Å–ª–∏ –≤—ã –ø—Ä–æ—à–ª–∏ –∑–∞–∫–ª—é—á–∏—Ç–µ–ª—å–Ω—ã–π —ç—Ç–∞–ø –ø–æ –Ω–µ—Å–∫–æ–ª—å–∫–∏–º –ø—Ä–µ–¥–º–µ—Ç–∞–º.

–û–¥–Ω–∞–∫–æ, –≤—Å–µ–≥–¥–∞ —Å—Ç–æ–∏—Ç —É—á–∏—Ç—ã–≤–∞—Ç—å, —á—Ç–æ –ø—Ä–∞–≤–∏–ª–∞ –º–æ–≥—É—Ç –∏–∑–º–µ–Ω—è—Ç—å—Å—è, –∏ –¥–ª—è –ø–æ–ª—É—á–µ–Ω–∏—è –∞–∫—Ç—É–∞–ª—å–Ω–æ–π –∏–Ω—Ñ–æ—Ä–º–∞—Ü–∏–∏, –∞ —Ç–∞–∫–∂–µ —Ç–æ—á–Ω—ã—Ö —É—Å–ª–æ–≤–∏–π –Ω–∞—á–∏—Å–ª–µ–Ω–∏—è –±–∞–ª–ª–æ–≤ –≤ —Ç–µ–∫—É—â–µ–º –≥–æ–¥—É, —Ä–µ–∫–æ–º–µ–Ω–¥—É–µ–º –æ–±—Ä–∞—Ç–∏—Ç—å—Å—è –∫ –æ—Ñ–∏—Ü–∏–∞–ª—å–Ω—ã–º –∏—Å—Ç–æ—á–Ω–∏–∫–∞–º.

–î–ª—è –ø–æ–¥—Ä–æ–±–Ω–æ–π –∏–Ω—Ñ–æ—Ä–º–∞—Ü–∏–∏ –æ –Ω–∞—á–∏—Å–ª–µ–Ω–∏–∏ –±–∞–ª–ª–æ–≤ –∏ –ø—Ä–∞–≤–∏–ª–∞—Ö –ø–æ—Å—Ç—É–ø–ª–µ–Ω–∏—è, –º–æ–∂–Ω–æ –æ–∑–Ω–∞–∫–æ–º–∏—Ç—å—Å—è —Å —Ä–∞–∑–¥–µ–ª–æ–º ""–ü—Ä–∏–µ–º–Ω–∞—è –∫–∞–º–ø–∞–Ω–∏—è"" –Ω–∞ —Å–∞–π—Ç–µ –£—Ä–§–£."
5,"–ü—Ä–∏ –ø–æ—Å—Ç—É–ø–ª–µ–Ω–∏–∏ –Ω–∞—Å–∫–æ–ª—å–∫–æ –≤–∞–∂–µ–Ω —Å—Ä–µ–¥–Ω–∏–π –±–∞–ª–ª –∞—Ç—Ç–µ—Å—Ç–∞—Ç–∞? –∫ –ø—Ä–∏–º–µ—Ä—É –µ—Å–ª–∏ —É –º–µ–Ω—è —Å—Ä–µ–¥–Ω–∏–π –±–∞–ª–ª –∞—Ç—Ç–µ—Å—Ç–∞—Ç–∞ –±—É–¥–µ—Ç –≤—Å–µ–≥–æ 3,7 –∞ –ë–∞–ª–ª –ï–ì–≠ 280. –°–º–æ–≥—É –ª–∏ —è –ø–æ—Å—Ç—É–ø–∏—Ç—å?","–ü—Ä–∏ –ø–æ—Å—Ç—É–ø–ª–µ–Ω–∏–∏ –≤ –£—Ä–∞–ª—å—Å–∫–∏–π —Ñ–µ–¥–µ—Ä–∞–ª—å–Ω—ã–π —É–Ω–∏–≤–µ—Ä—Å–∏—Ç–µ—Ç –æ—Å–Ω–æ–≤–Ω–æ–µ –≤–Ω–∏–º–∞–Ω–∏–µ —É–¥–µ–ª—è–µ—Ç—Å—è —Å—É–º–º–µ –±–∞–ª–ª–æ–≤ –ï–ì–≠ –ø–æ –ø—Ä–æ—Ñ–∏–ª—å–Ω—ã–º –ø—Ä–µ–¥–º–µ—Ç–∞–º. –°—Ä–µ–¥–Ω–∏–π –±–∞–ª–ª –∞—Ç—Ç–µ—Å—Ç–∞—Ç–∞ –º–æ–∂–µ—Ç —É—á–∏—Ç—ã–≤–∞—Ç—å—Å—è –≤ –∫–∞—á–µ—Å—Ç–≤–µ –¥–æ–ø–æ–ª–Ω–∏—Ç–µ–ª—å–Ω–æ–≥–æ –∫—Ä–∏—Ç–µ—Ä–∏—è –ø—Ä–∏ —Ä–∞–≤–µ–Ω—Å—Ç–≤–µ –∫–æ–Ω–∫—É—Ä—Å–Ω—ã—Ö –±–∞–ª–ª–æ–≤ —É –∞–±–∏—Ç—É—Ä–∏–µ–Ω—Ç–æ–≤.

–î–ª—è –ø–æ–ª—É—á–µ–Ω–∏—è –±–æ–ª–µ–µ –ø–æ–¥—Ä–æ–±–Ω–æ–π –∏–Ω—Ñ–æ—Ä–º–∞—Ü–∏–∏ —Ä–µ–∫–æ–º–µ–Ω–¥—É–µ—Ç—Å—è –æ–∑–Ω–∞–∫–æ–º–∏—Ç—å—Å—è —Å –ø—Ä–∞–≤–∏–ª–∞–º–∏ –ø—Ä–∏–µ–º–∞ –Ω–∞ –æ—Ñ–∏—Ü–∏–∞–ª—å–Ω–æ–º —Å–∞–π—Ç–µ –£—Ä–§–£."
6,"–ó–¥—Ä–∞–≤—Å—Ç–≤—É–π—Ç–µ! –ü–æ–¥—Å–∫–∞–∂–∏—Ç–µ, –ø–æ–∂–∞–ª—É–π—Å—Ç–∞. –ï—Å–ª–∏ —É—á–∞—Å—Ç–≤–æ–≤–∞–ª –≤ –æ—á–Ω–æ–º —ç—Ç–∞–ø–µ –∏–∑—É–º—Ä—É–¥–∞, —Ç–æ –ø—Ä–∏ –≤—ã–∏–≥—Ä—ã—à–µ –Ω–∞ –¥–∞–Ω–Ω–æ–º —Ç—É—Ä–Ω–∏—Ä–µ –±–∞–ª–ª—ã –∑–∞ —Ç—É—Ä–Ω–∏—Ä –±—É–¥—É—Ç —É—á–∏—Ç—ã–≤–∞—Ç—å—Å—è –ø—Ä–∏ –ø–æ—Å—Ç—É–ø–ª–µ–Ω–∏–∏?","–î–æ–ø–æ–ª–Ω–∏—Ç–µ–ª—å–Ω—ã–µ –±–∞–ª–ª—ã –∑–∞ —É—á–∞—Å—Ç–∏–µ –≤ –æ–ª–∏–º–ø–∏–∞–¥–µ ""–ò–∑—É–º—Ä—É–¥"" –Ω–∞—á–∏—Å–ª—è—é—Ç—Å—è –∫–∞–∫ –∑–∞ —É—á–∞—Å—Ç–∏–µ –≤ –æ—á–Ω–æ–º —ç—Ç–∞–ø–µ, —Ç–∞–∫ –∏ –∑–∞ –ø—Ä–∏–∑–æ–≤—ã–µ –º–µ—Å—Ç–∞. –£—á–∞—Å—Ç–Ω–∏–∫–∏, –ø—Ä–æ—à–µ–¥—à–∏–µ –æ—á–Ω—ã–π —ç—Ç–∞–ø, –º–æ–≥—É—Ç –ø–æ–ª—É—á–∏—Ç—å –¥–æ–ø–æ–ª–Ω–∏—Ç–µ–ª—å–Ω—ã–µ –±–∞–ª–ª—ã –ø—Ä–∏ –ø–æ—Å—Ç—É–ø–ª–µ–Ω–∏–∏ –≤ –£—Ä–§–£. –ö–æ–Ω–∫—Ä–µ—Ç–Ω–æ–µ –∫–æ–ª–∏—á–µ—Å—Ç–≤–æ –±–∞–ª–ª–æ–≤ –∑–∞–≤–∏—Å–∏—Ç –æ—Ç –¥–æ—Å—Ç–∏–≥–Ω—É—Ç–æ–≥–æ —É—Ä–æ–≤–Ω—è ‚Äî –∑–∞ –ø–æ–±–µ–¥—É –∏–ª–∏ –ø—Ä–∏–∑–æ–≤–æ–µ –º–µ—Å—Ç–æ –±–∞–ª–ª—ã –º–æ–≥—É—Ç –±—ã—Ç—å –≤—ã—à–µ, —á–µ–º –ø—Ä–æ—Å—Ç–æ –∑–∞ —É—á–∞—Å—Ç–∏–µ.

–î–ª—è —É—Ç–æ—á–Ω–µ–Ω–∏—è –∞–∫—Ç—É–∞–ª—å–Ω—ã—Ö —É—Å–ª–æ–≤–∏–π –∏ –∫–æ–ª–∏—á–µ—Å—Ç–≤–∞ –Ω–∞—á–∏—Å–ª—è–µ–º—ã—Ö –±–∞–ª–ª–æ–≤, –Ω–∞—Å—Ç–æ—è—Ç–µ–ª—å–Ω–æ —Ä–µ–∫–æ–º–µ–Ω–¥—É–µ–º –æ–∑–Ω–∞–∫–æ–º–∏—Ç—å—Å—è —Å –ø—Ä–∞–≤–∏–ª–∞–º–∏ –Ω–∞ –æ—Ñ–∏—Ü–∏–∞–ª—å–Ω–æ–º —Å–∞–π—Ç–µ –£—Ä–§–£ –≤ —Ä–∞–∑–¥–µ–ª–µ ""–ü—Ä–∏–µ–º–Ω–∞—è –∫–∞–º–ø–∞–Ω–∏—è""."
7,"–ó–¥—Ä–∞–≤—Å—Ç–≤—É–π—Ç–µ, –∞ –∫–∞–∫–∏–µ –±–∞–ª–ª—ã –Ω–∞ –ø–ª–∞—Ç–Ω–æ–µ –ø–æ–¥—Ä–∞–∑—É–º–µ–≤–∞—é—Ç—Å—è —Ç–∞–º, –≥–¥–µ –æ–Ω–∏ –Ω–µ —É–∫–∞–∑–∞–Ω—ã –≤ —Ç–∞–±–ª–∏—Ü–µ?","–í —Å–ª—É—á–∞–µ, –µ—Å–ª–∏ –≤ —Ç–∞–±–ª–∏—Ü–µ –Ω–µ —É–∫–∞–∑–∞–Ω—ã –º–∏–Ω–∏–º–∞–ª—å–Ω—ã–µ –ø—Ä–æ—Ö–æ–¥–Ω—ã–µ –±–∞–ª–ª—ã –¥–ª—è –ø–æ—Å—Ç—É–ø–ª–µ–Ω–∏—è –Ω–∞ –ø–ª–∞—Ç–Ω–æ–µ –æ–±—É—á–µ–Ω–∏–µ, —Ç–æ, –∫–∞–∫ –ø—Ä–∞–≤–∏–ª–æ, —Ç–∞–∫–∏–µ –±–∞–ª–ª—ã —É—Å—Ç–∞–Ω–∞–≤–ª–∏–≤–∞—é—Ç—Å—è –≤ –∑–∞–≤–∏—Å–∏–º–æ—Å—Ç–∏ –æ—Ç –∫–æ–Ω–∫—É—Ä–µ–Ω—Ü–∏–∏ –∏ –∫–æ–ª–∏—á–µ—Å—Ç–≤–∞ –ø–æ–¥–∞–Ω–Ω—ã—Ö –∑–∞—è–≤–ª–µ–Ω–∏–π –Ω–∞ –∫–∞–∂–¥–æ–µ –Ω–∞–ø—Ä–∞–≤–ª–µ–Ω–∏–µ. –í —Å—Ä–µ–¥–Ω–µ–º, –¥–ª—è –ø–ª–∞—Ç–Ω–æ–π —Ñ–æ—Ä–º—ã –æ–±—É—á–µ–Ω–∏—è –≤ –£—Ä–§–£ –º–∏–Ω–∏–º–∞–ª—å–Ω—ã–µ –±–∞–ª–ª—ã –Ω–∞ –≤—Å—Ç—É–ø–∏—Ç–µ–ª—å–Ω—ã—Ö —ç–∫–∑–∞–º–µ–Ω–∞—Ö (–ï–ì–≠) –º–æ–≥—É—Ç –Ω–∞—á–∏–Ω–∞—Ç—å—Å—è –æ—Ç 150 –±–∞–ª–ª–æ–≤. –û–¥–Ω–∞–∫–æ —Ç–æ—á–Ω—ã–µ —Ç—Ä–µ–±–æ–≤–∞–Ω–∏—è –º–æ–≥—É—Ç –≤–∞—Ä—å–∏—Ä–æ–≤–∞—Ç—å—Å—è –≤ –∑–∞–≤–∏—Å–∏–º–æ—Å—Ç–∏ –æ—Ç –∫–æ–Ω–∫—Ä–µ—Ç–Ω–æ–π –ø—Ä–æ–≥—Ä–∞–º–º—ã –∏ –∫–æ–ª–∏—á–µ—Å—Ç–≤–∞ –º–µ—Å—Ç.

–î–ª—è –ø–æ–ª—É—á–µ–Ω–∏—è –±–æ–ª–µ–µ —Ç–æ—á–Ω–æ–π –∏–Ω—Ñ–æ—Ä–º–∞—Ü–∏–∏ –ø–æ –±–∞–ª–ª–∞–º, –∫–æ—Ç–æ—Ä—ã–µ —Ç—Ä–µ–±—É—é—Ç—Å—è –¥–ª—è –ø–æ—Å—Ç—É–ø–ª–µ–Ω–∏—è –Ω–∞ –ø–ª–∞—Ç–Ω—É—é —Ñ–æ—Ä–º—É –æ–±—É—á–µ–Ω–∏—è –Ω–∞ –≤—ã–±—Ä–∞–Ω–Ω—É—é –≤–∞–º–∏ –ø—Ä–æ–≥—Ä–∞–º–º—É, —Ä–µ–∫–æ–º–µ–Ω–¥—É–µ—Ç—Å—è –æ–±—Ä–∞—Ç–∏—Ç—å—Å—è –≤ –ø—Ä–∏–µ–º–Ω—É—é –∫–æ–º–∏—Å—Å–∏—é –∏–ª–∏ –æ–∑–Ω–∞–∫–æ–º–∏—Ç—å—Å—è —Å –∞–∫—Ç—É–∞–ª—å–Ω—ã–º–∏ –¥–∞–Ω–Ω—ã–º–∏ –Ω–∞ –æ—Ñ–∏—Ü–∏–∞–ª—å–Ω–æ–º —Å–∞–π—Ç–µ –£—Ä–§–£."
8,"–î–æ–±—Ä–æ–µ —É—Ç—Ä–æ, –ø–æ–¥—Å–∫–∞–∂–∏—Ç–µ –ø–æ–∂–∞–ª—É–π—Å—Ç–∞, –¥–æ–ø –±–∞–ª–ª—ã –¥–∞—é—Ç –∑–∞ –º–µ–¥–∞–ª—å ""–û—Å–æ–±—ã–µ –¥–æ—Å—Ç–∏–∂–µ–Ω–∏—è –≤ —É—á–µ–Ω–∏–∏ II —Å—Ç–µ–ø–µ–Ω–∏"" (—Å–µ—Ä–µ–±—Ä—è–Ω–∞—è –º–µ–¥–∞–ª—å)?","–ó–∞ –º–µ–¥–∞–ª—å ""–û—Å–æ–±—ã–µ –¥–æ—Å—Ç–∏–∂–µ–Ω–∏—è –≤ —É—á–µ–Ω–∏–∏ II —Å—Ç–µ–ø–µ–Ω–∏"" (—Å–µ—Ä–µ–±—Ä—è–Ω—É—é –º–µ–¥–∞–ª—å) –Ω–∞—á–∏—Å–ª—è—é—Ç—Å—è –¥–æ–ø–æ–ª–Ω–∏—Ç–µ–ª—å–Ω—ã–µ –±–∞–ª–ª—ã –ø—Ä–∏ –ø–æ—Å—Ç—É–ø–ª–µ–Ω–∏–∏ –≤ –£—Ä–§–£. –í —Å–æ–æ—Ç–≤–µ—Ç—Å—Ç–≤–∏–∏ —Å –ø—Ä–∞–≤–∏–ª–∞–º–∏ –ø—Ä–∏–µ–º–∞, –∑–∞ —Å–µ—Ä–µ–±—Ä—è–Ω—É—é –º–µ–¥–∞–ª—å –º–æ–∂–Ω–æ –ø–æ–ª—É—á–∏—Ç—å 4 –¥–æ–ø–æ–ª–Ω–∏—Ç–µ–ª—å–Ω—ã—Ö –±–∞–ª–ª–∞.

–î–ª—è –ø–æ–ª—É—á–µ–Ω–∏—è –±–æ–ª–µ–µ —Ç–æ—á–Ω–æ–π –∏–Ω—Ñ–æ—Ä–º–∞—Ü–∏–∏ –∏ –∞–∫—Ç—É–∞–ª—å–Ω—ã—Ö —É—Å–ª–æ–≤–∏–π —Ä–µ–∫–æ–º–µ–Ω–¥—É–µ—Ç—Å—è –æ–∑–Ω–∞–∫–æ–º–∏—Ç—å—Å—è —Å —Ä–∞–∑–¥–µ–ª–æ–º ""–ü—Ä–∏–µ–º–Ω–∞—è –∫–∞–º–ø–∞–Ω–∏—è"" –Ω–∞ –æ—Ñ–∏—Ü–∏–∞–ª—å–Ω–æ–º —Å–∞–π—Ç–µ –£—Ä–§–£."
9,"–î–æ–±—Ä—ã–π –¥–µ–Ω—å! –ü–æ–¥—Å–∫–∞–∂–∏—Ç–µ, –ø–æ–∂–∞–ª—É–π—Å—Ç–∞, –Ω–∞ –í–∞—à–µ–º —Ñ–∞–∫—É–ª—å—Ç–µ—Ç–µ –µ—Å—Ç—å –¥–æ–ø–æ–ª–Ω–∏—Ç–µ–ª—å–Ω—ã–µ –±–∞–ª–ª—ã –∑–∞ –ú–∞—Å—Ç–µ—Ä–∞ –°–ø–æ—Ä—Ç–∞ –∏–ª–∏ –ö–ú–°?","–ó–∞ —Å–ø–æ—Ä—Ç–∏–≤–Ω—ã–µ –¥–æ—Å—Ç–∏–∂–µ–Ω–∏—è, —Ç–∞–∫–∏–µ –∫–∞–∫ –∑–≤–∞–Ω–∏–µ ""–ú–∞—Å—Ç–µ—Ä —Å–ø–æ—Ä—Ç–∞"" –∏–ª–∏ ""–ö–∞–Ω–¥–∏–¥–∞—Ç –≤ –º–∞—Å—Ç–µ—Ä–∞ —Å–ø–æ—Ä—Ç–∞"", –Ω–∞—á–∏—Å–ª—è—é—Ç—Å—è –¥–æ–ø–æ–ª–Ω–∏—Ç–µ–ª—å–Ω—ã–µ –±–∞–ª–ª—ã. –í —Å–ª—É—á–∞–µ –Ω–∞–ª–∏—á–∏—è –æ—Ñ–∏—Ü–∏–∞–ª—å–Ω–æ–≥–æ –ø–æ–¥—Ç–≤–µ—Ä–∂–¥–µ–Ω–∏—è –∑–≤–∞–Ω–∏—è –≤—ã –º–æ–∂–µ—Ç–µ –ø–æ–ª—É—á–∏—Ç—å 3 –¥–æ–ø–æ–ª–Ω–∏—Ç–µ–ª—å–Ω—ã—Ö –±–∞–ª–ª–∞ –ø—Ä–∏ –ø–æ—Å—Ç—É–ø–ª–µ–Ω–∏–∏.

–î–ª—è –±–æ–ª–µ–µ –¥–µ—Ç–∞–ª—å–Ω–æ–π –∏–Ω—Ñ–æ—Ä–º–∞—Ü–∏–∏ —Ä–µ–∫–æ–º–µ–Ω–¥—É–µ–º –æ–±—Ä–∞—Ç–∏—Ç—å—Å—è –≤ –ø—Ä–∏–µ–º–Ω—É—é –∫–æ–º–∏—Å—Å–∏—é –∏–ª–∏ –æ–∑–Ω–∞–∫–æ–º–∏—Ç—å—Å—è —Å –ø—Ä–∞–≤–∏–ª–∞–º–∏ –ø—Ä–∏–µ–º–∞ –≤ —Ä–∞–∑–¥–µ–ª–µ ""–ü—Ä–∏–µ–º–Ω–∞—è –∫–∞–º–ø–∞–Ω–∏—è"" –Ω–∞ –æ—Ñ–∏—Ü–∏–∞–ª—å–Ω–æ–º —Å–∞–π—Ç–µ –£—Ä–§–£."
10,"–î–æ–±—Ä—ã–π –≤–µ—á–µ—Ä. –ü–æ–¥—Å–∫–∞–∂–∏—Ç–µ –ø–æ–∂–∞–ª—É–π—Å—Ç–∞, –∞ —Å—É–º–º–∏—Ä—É—é—Ç—Å—è –ª–∏ –¥–∞–Ω–Ω—ã–µ –±–∞–ª–ª—ã —Å –±–∞–ª–ª–∞–º–∏ –æ—Ç –ø—Ä–æ–µ–∫—Ç–∞ ""–¢–µ—Å—Ç-–î—Ä–∞–π–≤ –£—Ä–§–£"" !?!? –ò–ª–∏ –ø—Ä–∏ –ø–æ—Å—Ç—É–ø–ª–µ–Ω–∏–µ –≤ –í–£–ó –±—É–¥–µ—Ç —Å–∏—Å—Ç–µ–º–∞ ""–∏–ª–∏ —Ç–æ, –∏–ª–∏ —ç—Ç–æ"" ??","–ü—Ä–∏ –ø–æ—Å—Ç—É–ø–ª–µ–Ω–∏–∏ –≤ –£—Ä–∞–ª—å—Å–∫–∏–π —Ñ–µ–¥–µ—Ä–∞–ª—å–Ω—ã–π —É–Ω–∏–≤–µ—Ä—Å–∏—Ç–µ—Ç –¥–æ–ø–æ–ª–Ω–∏—Ç–µ–ª—å–Ω—ã–µ –±–∞–ª–ª—ã –∑–∞ –∏–Ω–¥–∏–≤–∏–¥—É–∞–ª—å–Ω—ã–µ –¥–æ—Å—Ç–∏–∂–µ–Ω–∏—è –Ω–∞—á–∏—Å–ª—è—é—Ç—Å—è —Å —É—á–µ—Ç–æ–º –æ–ø—Ä–µ–¥–µ–ª–µ–Ω–Ω—ã—Ö –ø—Ä–∞–≤–∏–ª. –ï—Å–ª–∏ –≤—ã —É—á–∞—Å—Ç–≤–æ–≤–∞–ª–∏ –≤ –ø—Ä–æ–µ–∫—Ç–µ ¬´–¢–µ—Å—Ç-–¥—Ä–∞–π–≤ –≤ –£—Ä–∞–ª—å—Å–∫–æ–º —Ñ–µ–¥–µ—Ä–∞–ª—å–Ω–æ–º¬ª –∏ –∏–º–µ–µ—Ç–µ –¥—Ä—É–≥–∏–µ –¥–æ—Å—Ç–∏–∂–µ–Ω–∏—è, —Ç–∞–∫–∏–µ –∫–∞–∫ –∑–æ–ª–æ—Ç–æ–π –∑–Ω–∞–∫ –ì–¢–û –∏–ª–∏ —É—á–∞—Å—Ç–∏–µ –≤ –æ–ª–∏–º–ø–∏–∞–¥–∞—Ö, —Ç–æ –±–∞–ª–ª—ã –∑–∞ —ç—Ç–∏ –¥–æ—Å—Ç–∏–∂–µ–Ω–∏—è –º–æ–≥—É—Ç —Å—É–º–º–∏—Ä–æ–≤–∞—Ç—å—Å—è. –û–¥–Ω–∞–∫–æ, –µ—Å–ª–∏ —É –≤–∞—Å –Ω–µ—Å–∫–æ–ª—å–∫–æ –¥–æ—Å—Ç–∏–∂–µ–Ω–∏–π, –æ—Ç–Ω–æ—Å—è—â–∏—Ö—Å—è –∫ –æ–¥–Ω–æ–π –∫–∞—Ç–µ–≥–æ—Ä–∏–∏ (–Ω–∞–ø—Ä–∏–º–µ—Ä, –¥–≤–∞ –¥–æ—Å—Ç–∏–∂–µ–Ω–∏—è, –æ—Ü–µ–Ω–∏–≤–∞–µ–º—ã—Ö –≤ 2 –±–∞–ª–ª–∞), —Ç–æ —É—á–∏—Ç—ã–≤–∞–µ—Ç—Å—è —Ç–æ–ª—å–∫–æ –æ–¥–Ω–æ –∏–∑ –Ω–∏—Ö ‚Äî —Ç–æ, –∫–æ—Ç–æ—Ä–æ–µ –ø—Ä–∏–Ω–æ—Å–∏—Ç –Ω–∞–∏–±–æ–ª—å—à–µ–µ –∫–æ–ª–∏—á–µ—Å—Ç–≤–æ –±–∞–ª–ª–æ–≤. –û–±—â–∞—è —Å—É–º–º–∞ –¥–æ–ø–æ–ª–Ω–∏—Ç–µ–ª—å–Ω—ã—Ö –±–∞–ª–ª–æ–≤ –∑–∞ –∏–Ω–¥–∏–≤–∏–¥—É–∞–ª—å–Ω—ã–µ –¥–æ—Å—Ç–∏–∂–µ–Ω–∏—è –Ω–µ –º–æ–∂–µ—Ç –ø—Ä–µ–≤—ã—à–∞—Ç—å 10 –±–∞–ª–ª–æ–≤.

–î–ª—è –ø–æ–ª—É—á–µ–Ω–∏—è –±–æ–ª–µ–µ –ø–æ–¥—Ä–æ–±–Ω–æ–π –∏–Ω—Ñ–æ—Ä–º–∞—Ü–∏–∏ —Ä–µ–∫–æ–º–µ–Ω–¥—É–µ—Ç—Å—è –æ–∑–Ω–∞–∫–æ–º–∏—Ç—å—Å—è —Å —Ä–∞–∑–¥–µ–ª–æ–º ¬´–£—á–µ—Ç –∏–Ω–¥–∏–≤–∏–¥—É–∞–ª—å–Ω—ã—Ö –¥–æ—Å—Ç–∏–∂–µ–Ω–∏–π –ø–æ—Å—Ç—É–ø–∞—é—â–∏—Ö¬ª –Ω–∞ –æ—Ñ–∏—Ü–∏–∞–ª—å–Ω–æ–º —Å–∞–π—Ç–µ –£—Ä–§–£."
11,"–ê –º–æ–∂–µ—Ç–µ –ø–æ–¥—Å–∫–∞–∑–∞—Ç—å –ø—Ä–æ—Ö–æ–¥–Ω–æ–π –±–∞–ª–ª–∞ –≤ —Ç–æ–º –≥–æ–¥—É –¥–ª—è –ª—å–≥–æ—Ç–Ω–æ–π –∫–∞—Ç–µ–≥–æ—Ä–∏–∏ —É—á–∞—Å—Ç–Ω–∏–∫–∏ –°–í–û –∫–∞–∫–æ–π –±—ã–ª? –ï—Å–ª–∏ —è –ø—Ä–∞–≤–∏–ª—å–Ω–æ –ø–æ–Ω–∏–º–∞—é, —Ç–æ —Ç–∞–º –±–∞–ª–ª—ã –º–æ–≥—É—Ç –æ—Ç–ª–∏—á–∞—Ç—å—Å—è.","–ü—Ä–æ—Ö–æ–¥–Ω–æ–π –±–∞–ª–ª –¥–ª—è –ª—å–≥–æ—Ç–Ω–æ–π –∫–∞—Ç–µ–≥–æ—Ä–∏–∏ —É—á–∞—Å—Ç–Ω–∏–∫–æ–≤ –°–í–û –≤ –£—Ä–∞–ª—å—Å–∫–æ–º —Ñ–µ–¥–µ—Ä–∞–ª—å–Ω–æ–º —É–Ω–∏–≤–µ—Ä—Å–∏—Ç–µ—Ç–µ –Ω–µ —è–≤–ª—è–µ—Ç—Å—è —Ñ–∏–∫—Å–∏—Ä–æ–≤–∞–Ω–Ω—ã–º –∏ –º–æ–∂–µ—Ç –≤–∞—Ä—å–∏—Ä–æ–≤–∞—Ç—å—Å—è –µ–∂–µ–≥–æ–¥–Ω–æ. –≠—Ç–æ —Å–≤—è–∑–∞–Ω–æ —Å –∫–æ–ª–∏—á–µ—Å—Ç–≤–æ–º –ø–æ–¥–∞–Ω–Ω—ã—Ö –∑–∞—è–≤–ª–µ–Ω–∏–π –æ—Ç –∞–±–∏—Ç—É—Ä–∏–µ–Ω—Ç–æ–≤ –¥–∞–Ω–Ω–æ–π –∫–∞—Ç–µ–≥–æ—Ä–∏–∏ –∏ –æ–±—â–∏–º –∫–æ–Ω–∫—É—Ä—Å–æ–º –Ω–∞ –≤—ã–±—Ä–∞–Ω–Ω—ã–µ –Ω–∞–ø—Ä–∞–≤–ª–µ–Ω–∏—è. –ï—Å–ª–∏ –∫–æ–ª–∏—á–µ—Å—Ç–≤–æ –∑–∞—è–≤–ª–µ–Ω–∏–π –ø—Ä–µ–≤—ã—à–∞–µ—Ç –≤—ã–¥–µ–ª–µ–Ω–Ω—É—é –∫–≤–æ—Ç—É, —Å—Ä–µ–¥–∏ –∞–±–∏—Ç—É—Ä–∏–µ–Ω—Ç–æ–≤ –ø—Ä–æ–≤–æ–¥–∏—Ç—Å—è –¥–æ–ø–æ–ª–Ω–∏—Ç–µ–ª—å–Ω—ã–π –∫–æ–Ω–∫—É—Ä—Å, –∏ –ø—Ä–æ—Ö–æ–¥–Ω–æ–π –±–∞–ª–ª –æ–ø—Ä–µ–¥–µ–ª—è–µ—Ç—Å—è –Ω–∞ –æ—Å–Ω–æ–≤–µ —Ä–µ–∑—É–ª—å—Ç–∞—Ç–æ–≤ —ç—Ç–æ–≥–æ –∫–æ–Ω–∫—É—Ä—Å–∞.

–î–æ–ø–æ–ª–Ω–∏—Ç–µ–ª—å–Ω—É—é –∏–Ω—Ñ–æ—Ä–º–∞—Ü–∏—é –º–æ–∂–Ω–æ –Ω–∞–π—Ç–∏ –≤ —Ä–∞–∑–¥–µ–ª–µ ""–õ—å–≥–æ—Ç—ã –ø—Ä–∏ –ø–æ—Å—Ç—É–ø–ª–µ–Ω–∏–∏"" –Ω–∞ —Å–∞–π—Ç–µ –£—Ä–§–£."
12,"–î–æ–±—Ä—ã–π –≤–µ—á–µ—Ä. –£ –º–µ–Ω—è –≤–æ–ø—Ä–æ—Å. –ï—Å–ª–∏ 2 –ø—Ä–µ–¥–º–µ—Ç–∞ –Ω–∞–±—Ä–∞—Ç—å –≤ —Ä–∞–π–æ–Ω–µ 50-60 –±–∞–ª–ª–æ–≤ –ø–æ 100-–±–∞–ª–ª—å–Ω–æ–π —Å–∏—Å—Ç–µ–º–µ, –∞ –º–∞—Ç–µ–º–∞—Ç–∏–∫—É –ø—Ä–æ—Ñ–∏–ª—å–Ω—É—é —Ç–æ–ª—å–∫–æ –Ω–∞ –ø–æ—Ä–æ–≥ –¥–ª—è –∞—Ç—Ç–µ—Å—Ç–∞—Ç–∞(27 –±–∞–ª–ª–æ–≤ –ø–æ 100-–±–∞–ª–ª—å–Ω–æ–π —Å–∏—Å—Ç–µ–º–µ). –ï—Å—Ç—å –ª–∏ —à–∞–Ω—Å –ø–æ–ø–∞—Å—Ç—å –Ω–∞ –ø–ª–∞—Ç–Ω–æ–µ?","–ú–∏–Ω–∏–º–∞–ª—å–Ω—ã–π –ø—Ä–æ—Ö–æ–¥–Ω–æ–π –±–∞–ª–ª –¥–ª—è –∫–∞–∂–¥–æ–≥–æ –ø—Ä–µ–¥–º–µ—Ç–∞, —É—Å—Ç–∞–Ω–æ–≤–ª–µ–Ω–Ω—ã–π –≤—É–∑–æ–º, —Å–æ—Å—Ç–∞–≤–ª—è–µ—Ç –Ω–µ –º–µ–Ω–µ–µ 39 –±–∞–ª–ª–æ–≤ (–¥–ª—è –º–∞—Ç–µ–º–∞—Ç–∏–∫–∏, —Ñ–∏–∑–∏–∫–∏, –∏–Ω—Ñ–æ—Ä–º–∞—Ç–∏–∫–∏ –∏ –¥—Ä—É–≥–∏—Ö –ø—Ä–æ—Ñ–∏–ª—å–Ω—ã—Ö –ø—Ä–µ–¥–º–µ—Ç–æ–≤). –≠—Ç–æ –ø—Ä–∞–≤–∏–ª–æ —Ä–∞—Å–ø—Ä–æ—Å—Ç—Ä–∞–Ω—è–µ—Ç—Å—è –∫–∞–∫ –Ω–∞ –±—é–¥–∂–µ—Ç–Ω—É—é, —Ç–∞–∫ –∏ –Ω–∞ –ø–ª–∞—Ç–Ω—É—é —Ñ–æ—Ä–º—É –æ–±—É—á–µ–Ω–∏—è.

–î–ª—è –ø–æ–ª—É—á–µ–Ω–∏—è –±–æ–ª–µ–µ –ø–æ–¥—Ä–æ–±–Ω–æ–π –∏–Ω—Ñ–æ—Ä–º–∞—Ü–∏–∏ –æ –º–∏–Ω–∏–º–∞–ª—å–Ω—ã—Ö –±–∞–ª–ª–∞—Ö –∏ —É—Å–ª–æ–≤–∏—è—Ö –ø–æ—Å—Ç—É–ø–ª–µ–Ω–∏—è –≤—ã –º–æ–∂–µ—Ç–µ –æ–∑–Ω–∞–∫–æ–º–∏—Ç—å—Å—è —Å –ø—Ä–∞–≤–∏–ª–∞–º–∏ –Ω–∞ —Å–∞–π—Ç–µ –£—Ä–§–£."
13,"–î–æ–±—Ä—ã–π –¥–µ–Ω—å, –ø–æ–¥—Å–∫–∞–∂–∏—Ç–µ, –ø–æ–∂–∞–ª—É–π—Å—Ç–∞, –∑–∞ –∑–æ–ª–æ—Ç—É—é –º–µ–¥–∞–ª—å 5 –±–∞–ª–ª–æ–≤?","–ó–∞ –∑–æ–ª–æ—Ç—É—é –º–µ–¥–∞–ª—å ¬´–ó–∞ –æ—Å–æ–±—ã–µ —É—Å–ø–µ—Ö–∏ –≤ —É—á–µ–Ω–∏–∏¬ª –Ω–∞—á–∏—Å–ª—è–µ—Ç—Å—è 5 –¥–æ–ø–æ–ª–Ω–∏—Ç–µ–ª—å–Ω—ã—Ö –±–∞–ª–ª–æ–≤ –ø—Ä–∏ –ø–æ—Å—Ç—É–ø–ª–µ–Ω–∏–∏ –≤ –£—Ä–§–£. –≠—Ç–∏ –±–∞–ª–ª—ã —É—á–∏—Ç—ã–≤–∞—é—Ç—Å—è –≤ —Ä–∞–º–∫–∞—Ö –∏–Ω–¥–∏–≤–∏–¥—É–∞–ª—å–Ω—ã—Ö –¥–æ—Å—Ç–∏–∂–µ–Ω–∏–π –∏ –ø—Ä–∏–±–∞–≤–ª—è—é—Ç—Å—è –∫ –≤–∞—à–µ–π –æ–±—â–µ–π –∫–æ–Ω–∫—É—Ä—Å–Ω–æ–π —Å—É–º–º–µ.

–ü–æ–¥—Ä–æ–±–Ω—ã–π –ø–µ—Ä–µ—á–µ–Ω—å –∏–Ω–¥–∏–≤–∏–¥—É–∞–ª—å–Ω—ã—Ö –¥–æ—Å—Ç–∏–∂–µ–Ω–∏–π –∏ –Ω–∞—á–∏—Å–ª—è–µ–º—ã—Ö –∑–∞ –Ω–∏—Ö –±–∞–ª–ª–æ–≤ –º–æ–∂–Ω–æ –Ω–∞–π—Ç–∏ –≤ –æ—Ñ–∏—Ü–∏–∞–ª—å–Ω–æ–º —Ä–∞–∑–¥–µ–ª–µ –Ω–∞ —Å–∞–π—Ç–µ –£—Ä–§–£: –ü–µ—Ä–µ—á–µ–Ω—å –∏–Ω–¥–∏–≤–∏–¥—É–∞–ª—å–Ω—ã—Ö –¥–æ—Å—Ç–∏–∂–µ–Ω–∏–π."
14,"–î–æ–±—Ä—ã–π –¥–µ–Ω—å, –ø–æ–¥—Å–∫–∞–∂–∏—Ç–µ –¥–ª—è –ø–æ—Å—Ç—É–ø–ª–µ–Ω–∏—è –Ω–∞ –ø–ª–∞—Ç–Ω–æ–π –æ—Å–Ω–æ–≤–µ –µ—Å—Ç—å –ª–∏ –∫–∞–∫–∏–µ-—Ç–æ –º–∏–Ω–∏–º–∞–ª—å–Ω—ã–µ —Å—É–º–º–∞—Ä–Ω—ã–µ –±–∞–ª–ª—ã –º–µ–Ω–µ–µ –∫–æ—Ç–æ—Ä—ã—Ö –Ω–∞ –ø–ª–∞—Ç–Ω–æ–π –æ—Å–Ω–æ–≤–µ –Ω–µ –ø–æ—Å—Ç—É–ø–∏—Ç—å? ( —è –∏–º–µ—é –≤–≤–∏–¥—É –Ω–µ –º–∏–Ω–∏–º–∞–ª—å–Ω—ã–µ –±–∞–ª–ª—ã –¥–ª—è –ø–æ—Å—Ç—É–ø–ª–µ–Ω–∏—è –≤ –∏–Ω—Å—Ç–∏—Ç—É)","–î–ª—è –ø–æ—Å—Ç—É–ø–ª–µ–Ω–∏—è –Ω–∞ –ø–ª–∞—Ç–Ω–æ–π –æ—Å–Ω–æ–≤–µ –Ω–∞ –Ω–µ–∫–æ—Ç–æ—Ä—ã–µ –Ω–∞–ø—Ä–∞–≤–ª–µ–Ω–∏—è —Ç—Ä–µ–±—É–µ—Ç—Å—è –Ω–∞–±—Ä–∞—Ç—å –º–∏–Ω–∏–º–∞–ª—å–Ω—ã–µ —Å—É–º–º–∞—Ä–Ω—ã–µ –±–∞–ª–ª—ã. –ù–∞–ø—Ä–∏–º–µ—Ä, –¥–ª—è —Ç–∞–∫–∏—Ö –ø—Ä–æ–≥—Ä–∞–º–º –∫–∞–∫ ""–ü—Ä–æ–≥—Ä–∞–º–º–Ω–∞—è –∏–Ω–∂–µ–Ω–µ—Ä–∏—è"", ""–ò–Ω—Ñ–æ—Ä–º–∞—Ü–∏–æ–Ω–Ω–∞—è –±–µ–∑–æ–ø–∞—Å–Ω–æ—Å—Ç—å"", ""–ê–ª–≥–æ—Ä–∏—Ç–º—ã –∏—Å–∫—É—Å—Å—Ç–≤–µ–Ω–Ω–æ–≥–æ –∏–Ω—Ç–µ–ª–ª–µ–∫—Ç–∞"" –∏ ""–ü—Ä–∏–∫–ª–∞–¥–Ω–æ–π –∏—Å–∫—É—Å—Å—Ç–≤–µ–Ω–Ω—ã–π –∏–Ω—Ç–µ–ª–ª–µ–∫—Ç"" –º–∏–Ω–∏–º–∞–ª—å–Ω–∞—è —Å—É–º–º–∞ –±–∞–ª–ª–æ–≤ —Å–æ—Å—Ç–∞–≤–ª—è–µ—Ç 170.

–î–ª—è –±–æ–ª–µ–µ –ø–æ–¥—Ä–æ–±–Ω–æ–π –∏–Ω—Ñ–æ—Ä–º–∞—Ü–∏–∏ –æ –∫–∞–∂–¥–æ–º –Ω–∞–ø—Ä–∞–≤–ª–µ–Ω–∏–∏, —Ä–µ–∫–æ–º–µ–Ω–¥—É–µ–º –æ–∑–Ω–∞–∫–æ–º–∏—Ç—å—Å—è —Å –ø—Ä–∞–≤–∏–ª–∞–º–∏ –ø—Ä–∏–µ–º–∞ –Ω–∞ —Å–∞–π—Ç–µ –£—Ä–§–£: –†–∞–∑–¥–µ–ª ¬´–ü—Ä–∏–µ–º–Ω–∞—è –∫–∞–º–ø–∞–Ω–∏—è¬ª –£—Ä–§–£."
15,"–î–æ–±—Ä–æ–µ —É—Ç—Ä–æ,–∞ –∫—Ä–∞—Å–Ω—ã–π –¥–∏–ø–ª–æ–º ,–µ—Å–ª–∏ –º—ã –∏–∑ –ö–∞–∑–∞—Ö—Å—Ç–∞–Ω–∞ ,–¥–∞—ë—Ç –±–∞–ª–ª—ã ?","–ù–∞–ª–∏—á–∏–µ –¥–∏–ø–ª–æ–º–∞ —Å –æ—Ç–ª–∏—á–∏–µ–º –¥–∞–µ—Ç –¥–æ–ø–æ–ª–Ω–∏—Ç–µ–ª—å–Ω—ã–µ –±–∞–ª–ª—ã –ø—Ä–∏ –ø–æ—Å—Ç—É–ø–ª–µ–Ω–∏–∏ –≤ –£—Ä–§–£, –Ω–µ–∑–∞–≤–∏—Å–∏–º–æ –æ—Ç —Å—Ç—Ä–∞–Ω—ã, –≥–¥–µ –±—ã–ª –ø–æ–ª—É—á–µ–Ω –∞—Ç—Ç–µ—Å—Ç–∞—Ç –∏–ª–∏ –¥–∏–ø–ª–æ–º. –¢–∞–∫–∏–µ –¥–∏–ø–ª–æ–º—ã —Å—á–∏—Ç–∞—é—Ç—Å—è –∏–Ω–¥–∏–≤–∏–¥—É–∞–ª—å–Ω—ã–º –¥–æ—Å—Ç–∏–∂–µ–Ω–∏–µ–º, –∏ –∑–∞ –Ω–∏—Ö –Ω–∞—á–∏—Å–ª—è—é—Ç—Å—è –¥–æ–ø–æ–ª–Ω–∏—Ç–µ–ª—å–Ω—ã–µ –±–∞–ª–ª—ã, –∫–æ—Ç–æ—Ä—ã–µ –º–æ–≥—É—Ç –±—ã—Ç—å —É—á—Ç–µ–Ω—ã –ø—Ä–∏ –∫–æ–Ω–∫—É—Ä—Å–Ω–æ–º –æ—Ç–±–æ—Ä–µ.

–î–ª—è –ø–æ–ª—É—á–µ–Ω–∏—è —Ç–æ—á–Ω–æ–π –∏–Ω—Ñ–æ—Ä–º–∞—Ü–∏–∏ –æ –Ω–∞—á–∏—Å–ª—è–µ–º—ã—Ö –±–∞–ª–ª–∞—Ö –∑–∞ –¥–∏–ø–ª–æ–º —Å –æ—Ç–ª–∏—á–∏–µ–º —Ä–µ–∫–æ–º–µ–Ω–¥—É–µ—Ç—Å—è –æ–∑–Ω–∞–∫–æ–º–∏—Ç—å—Å—è —Å –ø—Ä–∞–≤–∏–ª–∞–º–∏ –ø—Ä–∏–µ–º–∞ –Ω–∞ –æ—Ñ–∏—Ü–∏–∞–ª—å–Ω–æ–º —Å–∞–π—Ç–µ –£—Ä–§–£: –†–∞–∑–¥–µ–ª ¬´–ü—Ä–∏–µ–º–Ω–∞—è –∫–∞–º–ø–∞–Ω–∏—è¬ª –£—Ä–§–£."
16,"–ó–¥—Ä–∞–≤—Å—Ç–≤—É–π—Ç–µ, –≤ —á–µ–º –æ—Ç–ª–∏—á–∏–µ 09 –Ω–∞–ø—Ä–∞–≤–ª–µ–Ω–∏–π, –µ—Å–ª–∏ –æ—Å–Ω–æ–≤–Ω—ã–µ –¥–∏—Å—Ü–∏–ø–ª–∏–Ω—ã, –ø—Ä–µ–¥–º–µ—Ç—ã –ø–æ –≤—ã–±–æ—Ä—É –∏ —É—á–µ–±–Ω—ã–π –ø–ª–∞–Ω –æ–¥–∏–Ω–∞–∫–æ–≤—ã–µ? –í–æ–ø—Ä–æ—Å –≤–æ–∑–Ω–∏–∫ –≤ —Å–∏–ª—É —Ç–æ–≥–æ, —á—Ç–æ –ø—Ä–æ—Ö–æ–¥–Ω—ã–µ –±–∞–ª–ª—ã —Ä–∞–∑–Ω—ã–µ.","–ë–∞–ª–ª—ã —Ä–∞–∑–Ω—ã–µ,—á—Ç–æ–±—ã –±—ã–ª–∞ –≤–æ–∑–º–æ–∂–Ω–æ—Å—Ç—å –≤—Ö–æ–¥–∞ –Ω–∞ –±—é–¥–∂–µ—Ç —É –±–æ–ª—å—à–µ–≥–æ —á–∏—Å–ª–∞ –∞–±–∏—Ç—É—Ä–∏–µ–Ω—Ç–æ–≤. –í–æ–∑–º–æ–∂–Ω–æ—Å—Ç—å –≤—ã–±–æ—Ä–∞ –µ—Å—Ç—å –Ω–∞ –≤—Å–µ—Ö 09 –Ω–∞–ø—Ä–∞–≤–ª–µ–Ω–∏—è—Ö. –ü–ª–∞–Ω—ã, –¥–µ–π—Å—Ç–≤–∏—Ç–µ–ª—å–Ω–æ, –ø–æ—Ö–æ–∂–∏, –æ–¥–Ω–∞–∫–æ –∏–º–µ—é—Ç –Ω–µ–∫–æ—Ç–æ—Ä—ã–µ –æ—Ç–ª–∏—á–∏—è.

–¢–æ—á–Ω–∞—è –∏–Ω—Ñ–æ—Ä–º–∞—Ü–∏—è –æ–± –æ–±—Ä–∞–∑–æ–≤–∞—Ç–µ–ª—å–Ω—ã—Ö –ø—Ä–æ–≥—Ä–∞–º–º–∞—Ö –∏ —É—á–µ–±–Ω—ã—Ö –ø–ª–∞–Ω–∞—Ö –Ω–∞—Ö–æ–¥–∏—Ç—Å—è –Ω–∞ —Å–∞–π—Ç–µ –£—Ä–§–£ –≤ —Ä–∞–∑–¥–µ–ª–µ ¬´–ö–∞—Ç–∞–ª–æ–≥ –æ–±—Ä–∞–∑–æ–≤–∞—Ç–µ–ª—å–Ω—ã—Ö –ø—Ä–æ–≥—Ä–∞–º–º¬ª https://programs.edu.urfu.ru/ru/ "
17,"–ï—Å–ª–∏ –ø–æ–¥–∞–µ–º –Ω–∞ –∫–æ–Ω—Ç—Ä–∞–∫—Ç, –æ–ø–ª–∞—á–∏–≤–∞–µ–º –∏ –ø–∞—Ä–∞–ª–ª–µ–ª—å–Ω–æ –ø–æ–¥–∞—ë–º –Ω–∞ –±—é–¥–∂–µ—Ç –∏ –ø—Ä–æ—Ö–æ–¥–∏–º –ø–æ –±–∞–ª–ª–∞–º –Ω–∞ –±—é–¥–∂–µ—Ç. –ë—É–¥—É—Ç –ª–∏ –≤–æ–∑–≤—Ä–∞—â–µ–Ω—ã –æ–ø–ª–∞—á–µ–Ω–Ω—ã–µ –¥–µ–Ω—å–≥–∏?","–î–ª—è –∑–∞—á–∏—Å–ª–µ–Ω–∏—è –Ω–∞ –∫–æ–Ω—Ç—Ä–∞–∫—Ç –≤–æ–∑–º–æ–∂–Ω–æ –∑–∞–∫–ª—é—á–∏—Ç—å –¥–æ–≥–æ–≤–æ—Ä, –æ–ø–ª–∞—Ç–∏—Ç—å –µ–≥–æ, –∑–∞—Ç–µ–º –¥–æ–∂–¥–∞—Ç—å—Å—è –∑–∞—á–∏—Å–ª–µ–Ω–∏—è –Ω–∞ –±—é–¥–∂–µ—Ç. –ï—Å–ª–∏ –∞–±–∏—Ç—É—Ä–∏–µ–Ω—Ç –±—É–¥–µ—Ç –∑–∞—á–∏—Å–ª–µ–Ω –Ω–∞ –±—é–¥–∂–µ—Ç, —Ç–æ –¥–æ–≥–æ–≤–æ—Ä –±—É–¥–µ—Ç —Ä–∞—Å—Ç–æ—Ä–≥–Ω—É—Ç –∏ –¥–µ–Ω–µ–∂–Ω—ã–µ —Å—Ä–µ–¥—Å—Ç–≤–∞ –≤–æ–∑–≤—Ä–∞—â–µ–Ω—ã.

–¢–æ—á–Ω—É—é –∏–Ω—Ñ–æ—Ä–º–∞—Ü–∏—é –æ –ø–ª–∞—Ç–Ω–æ–º –æ–±—É—á–µ–Ω–∏–∏ –º–æ–∂–Ω–æ –Ω–∞–π—Ç–∏ –Ω–∞ —Å–∞–π—Ç–µ —É—Ä—Ñ—É –≤ —Ä–∞–∑–¥–µ–ª–µ ""–ü–ª–∞—Ç–Ω—ã–µ –æ–±—Ä–∞–∑–æ–≤–∞—Ç–µ–ª—å–Ω—ã–µ —É—Å–ª—É–≥–∏"" https://urfu.ru/sveden/paidedu/"
18,"–ü–æ–¥—Å–∫–∞–∂–∏—Ç–µ –ø–æ–∂–∞–ª—É–π—Å—Ç–∞, –Ω–∞ –∫–æ–Ω—Ç—Ä–∞–∫—Ç –ø—Ä–∏—ë–º –±–µ–∑ –∫–æ–Ω–∫—É—Ä—Å–∞ –ø–æ –±–∞–ª–ª–∞–º, –ø—Ä–æ—Å—Ç–æ –∑–∞–∫–ª—é—á–∞–µ–º –¥–æ–≥–æ–≤–æ—Ä –∏ –æ–ø–ª–∞—á–∏–≤–∞–µ–º? –í–∏–¥–µ–¥–∞ —á—Ç–æ –≤ –ø–ª–∞–Ω–µ –ø—Ä–∏–µ–º–∞ –µ—Å—Ç—å –∫–æ–Ω–∫—Ä–µ—Ç–Ω—ã–µ —Ü–∏—Ñ—Ä—ã –º–µ—Å—Ç –Ω–∞ –∫–æ–Ω—Ç—Ä–∞–∫—Ç, –∞ –µ—Å–ª–∏ –∂–µ–ª–∞—â–∏—Ö –±—É–¥–µ—Ç –±–æ–ª—å—à–µ, —á–µ–º –º–µ—Å—Ç?","–î–æ –∑–∞–≤–µ—Ä—à–µ–Ω–∏—è –ø—Ä–∏–µ–º–∞ –¥–æ–∫—É–º–µ–Ω—Ç–æ–≤ –º—ã –±–µ—Ä—ë–º –Ω–∞ –∫–æ–Ω—Ç—Ä–∞–∫—Ç –∂–µ–ª–∞—é—â–∏—Ö. –í –¥–æ–ø–æ–ª–Ω–∏—Ç–µ–ª—å–Ω—ã–π –ø—Ä–∏–µ–º —Ç–æ—á–Ω–æ –Ω–µ –±—É–¥–µ–º –±—Ä–∞—Ç—å –Ω–∞ –Ω–∞–ø—Ä–∞–≤–ª–µ–Ω–∏—è, –≥–¥–µ –∑–∞–∫—Ä–æ–µ–º —Ü–∏—Ñ—Ä—ã. –ú–µ—Å—Ç —Ö–≤–∞—Ç–∏—Ç –æ–±—ä—è–≤–ª–µ–Ω–Ω—ã—Ö. 

–¢–æ—á–Ω—É—é –∏–Ω—Ñ–æ—Ä–º–∞—Ü–∏—é –æ –ø–ª–∞—Ç–Ω–æ–º –æ–±—É—á–µ–Ω–∏–∏ –º–æ–∂–Ω–æ –Ω–∞–π—Ç–∏ –Ω–∞ —Å–∞–π—Ç–µ —É—Ä—Ñ—É –≤ —Ä–∞–∑–¥–µ–ª–µ ""–ü–ª–∞—Ç–Ω—ã–µ –æ–±—Ä–∞–∑–æ–≤–∞—Ç–µ–ª—å–Ω—ã–µ —É—Å–ª—É–≥–∏"" https://urfu.ru/sveden/paidedu/"
19,–ó–∞ –∫–∞–∫–∏–µ –∫—É—Ä—Å—ã –∏ –ø—Ä–µ–¥–º–µ—Ç—ã —Å—Ç–∞–≤—è—Ç—Å—è –±–∞–ª–ª—ã –≤ –±–∞–ª–ª—å–Ω–æ-—Ä–µ–π—Ç–∏–Ω–≥–æ–≤—É—é —Å–∏—Å—Ç–µ–º—É (–±—Ä—Å)?,–ó–∞ –≤—Å–µ –ø—Ä–µ–¥–º–µ—Ç—ã —Å—Ç–∞–≤—è—Ç—Å—è –±–∞–ª–ª—ã –≤ –±—Ä—Å
20,–ö–∞–∫–∏–µ —Å—Ä–µ–¥–Ω–∏–µ –±–∞–ª–ª—ã –ø–æ—Å—Ç—É–ø–∏–≤—à–∏—Ö –≤ —Ç–æ–º –≥–æ–¥—É –Ω–∞ –Ω–∞–ø—Ä–∞–≤–ª–µ–Ω–∏—è—Ö?,–ú–æ–∂–µ—Ç–µ –ø–æ—Å–º–æ—Ç—Ä–µ—Ç—å –ø—Ä–æ—Ö–æ–¥–Ω—ã–µ –±–∞–ª–ª—ã –∑–∞ –ø–æ—Å–ª–µ–¥–Ω–∏–µ –Ω–µ—Å–∫–æ–ª—å–∫–æ –ª–µ—Ç https://priem-rtf.urfu.ru/ru/passing-points/
21,"–ü–æ–¥—Å–∫–∞–∂–∏—Ç–µ, –ø—Ä–æ—Ö–æ–¥–Ω—ã–µ –±–∞–ª–ª—ã –ø—Ä–æ—à–ª–æ–≥–æ –≥–æ–¥–∞ –Ω–∞: 11.03.01, 11.03.02, 11.03.03","–í –ø—Ä–æ—à–ª–æ–º –≥–æ–¥—É —ç—Ç–∏ –ø—Ä–æ–≥—Ä–∞–º–º—ã –±—ã–ª–∏ –æ–±—ä–µ–¥–∏–Ω–µ–Ω—ã –≤ –æ–¥–Ω—É 11.00.00, –ø—Ä–æ—Ö–æ–¥–Ω–æ–π –±–∞–ª–ª —Ç—É–¥–∞ –±—ã–ª –≤ —Ä–∞–π–æ–Ω–µ 150.

–ú–æ–∂–µ—Ç–µ –ø–æ—Å–º–æ—Ç—Ä–µ—Ç—å –ø—Ä–æ—Ö–æ–¥–Ω—ã–µ –±–∞–ª–ª—ã –∑–∞ –ø–æ—Å–ª–µ–¥–Ω–∏–µ –Ω–µ—Å–∫–æ–ª—å–∫–æ –ª–µ—Ç https://priem-rtf.urfu.ru/ru/passing-points/"
22,"–ï—Å–ª–∏ –≤—ã–ø—É—Å–∫–Ω–∏–∫ —Å–ø–æ —Å–¥–∞—Å—Ç –¥–æ–∫—É–º–µ–Ω—Ç—ã 15-16 –∏—é–Ω—è,, —Ç–æ —É—Å–ø–µ–µ—Ç —Å–¥–∞—Ç—å –≤—Å—Ç—É–ø–∏—Ç–µ–ª—å–Ω—ã–µ —ç–∫–∑–∞–º–µ–Ω—ã?","–ü—Ä–∏—ë–º –¥–æ–∫—É–º–µ–Ω—Ç–æ–≤ –Ω–∞ –±–∞–∑–µ –°–ü–û –∑–∞–≤–µ—Ä—à–∞–µ—Ç—Å—è —Ä–∞–Ω—å—à–µ, —á–µ–º –≤—Å—Ç—É–ø–∏—Ç–µ–ª—å–Ω—ã–µ —ç–∫–∑–∞–º–µ–Ω—ã, –ø–æ—ç—Ç–æ–º—É, –¥–∞, —É—Å–ø–µ–µ—Ç

–ü–æ–¥—Ä–æ–±–Ω—É—é –∏–Ω—Ñ–æ—Ä–º–∞—Ü–∏—é –ø–æ –≤–∞—à–µ–º—É –≤–æ–ø—Ä–æ—Å—É –º–æ–∂–µ—Ç–µ –Ω–∞–π—Ç–∏ https://urfu.ru/priemurfu/articles/urfu-posle-kolledzha –∏ –Ω–∞ —Å–∞–π—Ç–µ –∏—Ä–∏—Ç-—Ä—Ç—Ñ https://priem-rtf.urfu.ru/colledj/"
23,"–ü–æ–¥—Å–∫–∞–∂–∏—Ç–µ –ø–æ–∂–∞–ª—É–π—Å—Ç–∞ –∫–æ–≥–¥–∞ —Å—Ç–∞–Ω—É—Ç –∏–∑–≤–µ—Å—Ç–Ω—ã –ø—Ä–æ—Ö–æ–¥–Ω—ã–µ –±–∞–ª–ª—ã –Ω–∞ —ç—Ç–æ—Ç –≥–æ–¥, –ø–æ—Å–ª–µ –ø–æ–¥–∞—á–∏ –¥–æ–∫—É–º–µ–Ω—Ç–æ–≤ –æ—Ç –≤—Å–µ—Ö –∂–µ–ª–∞—é—â–∏—Ö?","–ü—Ä–æ—Ö–æ–¥–Ω–æ–π –±–∞–ª–ª —Ñ–æ—Ä–º–∏—Ä—É–µ—Ç—Å—è –ø—Ä–∏ –∑–∞—á–∏—Å–ª–µ–Ω–∏–∏, –æ–Ω –±—É–¥–µ—Ç —Ç–∞–∫–∏–º, –∫–∞–∫–æ–π –±—É–¥–µ—Ç —É –∫—Ä–∞–π–Ω–µ–≥–æ –∞–±–∏—Ç—É—Ä–∏–µ–Ω—Ç–∞, –ø—Ä–æ—à–µ–¥—à–µ–≥–æ –Ω–∞ –±—é–¥–∂–µ—Ç. –û–¥–Ω–∞–∫–æ –æ—Ä–∏–µ–Ω—Ç–∏—Ä–æ–≤–∞—Ç—å—Å—è –º–æ–∂–Ω–æ –Ω–∞ –∏—Ç–æ–≥–∏ –ø—Ä–æ—à–ª—ã—Ö –ª–µ—Ç.

–ú–æ–∂–µ—Ç–µ –ø–æ—Å–º–æ—Ç—Ä–µ—Ç—å –ø—Ä–æ—Ö–æ–¥–Ω—ã–µ –±–∞–ª–ª—ã –∑–∞ –ø–æ—Å–ª–µ–¥–Ω–∏–µ –Ω–µ—Å–∫–æ–ª—å–∫–æ –ª–µ—Ç https://priem-rtf.urfu.ru/ru/passing-points/"
24,"–ü–æ–¥—Å–∫–∞–∂–∏—Ç–µ –ø–æ–∂–∞–ª—É–π—Å—Ç–∞, –¥–æ–ø–æ–ª–Ω–∏—Ç–µ–ª—å–Ω—ã–µ –±–∞–ª–ª—ã –¥–∞—é—Ç –∑–∞ –º–µ–¥–∞–ª—å –∏ –∫—Ä–∞—Å–Ω—ã–π –∞—Ç—Ç–µ—Å—Ç–∞—Ç? –ë–∞–ª–ª—ã —Å—É–º–º–∏—Ä—É—é—Ç—Å—è ? –ò–ª–∏ —Ç–æ–ª—å–∫–æ –∑–∞ –º–µ–¥–∞–ª—å, –∞ –∫—Ä–∞—Å–Ω—ã–π –∞—Ç—Ç–µ—Å—Ç–∞—Ç –Ω–µ —É—á–∏—Ç—ã–≤–∞–µ—Ç—Å—è?","–î–æ–±—Ä–æ–µ —É—Ç—Ä–æ. –ë–∞–ª–ª—ã –¥–∞—é—Ç—Å—è –∑–∞ –º–µ–¥–∞–ª—å –∏–ª–∏ –∞—Ç—Ç–µ—Å—Ç–∞—Ç —Å –æ—Ç–ª–∏—á–∏–µ–º - 5 –±–∞–ª–ª–æ–≤.

–ü–æ–¥—Ä–æ–±–Ω–∞—è –∏–Ω—Ñ–æ—Ä–º–∞—Ü–∏—è –æ –±–∞–ª–ª–∞—Ö –∑–∞ –∏–Ω–¥–∏–≤–∏–¥—É–∞–ª—å–Ω—ã–µ –¥–æ—Å—Ç–∏–∂–µ–Ω–∏—è https://urfu.ru/ru/applicant/docs-abiturient/olimp/"
25,"–ï—Å—Ç—å –ª–∏ —à–∞–Ω—Å –ø–æ–ø–∞—Å—Ç—å –Ω–∞ –±—é–¥–∂–µ—Ç –Ω–∞ –Ω–∞–ø—Ä–∞–≤–ª–µ–Ω–∏—è 09 —Å 226 –±–∞–ª–ª–æ–≤+ 3 –±–∞–ª–ª–∞ –∑–∞ —É—á–∞—Å—Ç–∏–µ –≤ –æ–ª–∏–º–ø–∏–∞–¥–µ ""–ò–∑—É–º—Ä—É–¥""?","–í –ø—Ä–æ—à–ª–æ–º –≥–æ–¥—É –º–∏–Ω–∏–º–∞–ª—å–Ω—ã–π –ø—Ä–æ—Ö–æ–¥–Ω–æ–π –±–∞–ª–ª –Ω–∞ 09 –Ω–∞–ø—Ä–∞–≤–ª–µ–Ω–∏—è –±—ã–ª 239, —É –≤–∞—Å 229 –±–∞–ª–ª–æ–≤ –≤ —Å—É–º–º–µ, –ø–æ—ç—Ç–æ–º—É —É –≤–∞—Å –≤—Ä—è–¥ –ª–∏ –ø–æ–ª—É—á–∏—Ç—Å—è –ø–æ–ø–∞—Å—Ç—å –Ω–∞ –±—é–¥–∂–µ—Ç

–ú–æ–∂–µ—Ç–µ –ø–æ—Å–º–æ—Ç—Ä–µ—Ç—å –ø—Ä–æ—Ö–æ–¥–Ω—ã–µ –±–∞–ª–ª—ã –∑–∞ –ø–æ—Å–ª–µ–¥–Ω–∏–µ –Ω–µ—Å–∫–æ–ª—å–∫–æ –ª–µ—Ç https://priem-rtf.urfu.ru/ru/passing-points/"
26,"–ü–æ–¥—Å–∫–∞–∂–∏—Ç–µ, –ø–æ–∂–∞–ª—É–π—Å—Ç–∞, –∑–∞ –≤–æ–ª–æ–Ω—Ç—ë—Ä—Å—Ç–≤–æ –∂–µ –¥–∞—é—Ç—Å—è –¥–æ–ø–æ–ª–Ω–∏—Ç–µ–ª—å–Ω—ã–µ –±–∞–ª–ª—ã. –ï—Å–ª–∏ –¥–∞, —Ç–æ —Å–∫–æ–ª—å–∫–æ –∏ –∫–∞–∫ —ç—Ç–æ —É–∫–∞–∑–∞—Ç—å –ø—Ä–∏ –ø–æ—Å—Ç—É–ø–ª–µ–Ω–∏–∏?","–î–∞, –≤—ã –º–æ–∂–µ—Ç–µ –ø–æ–ª—É—á–∏—Ç—å 1 –±–∞–ª–ª –∑–∞ –≤–æ–ª–Ω—Ç–µ—Ä—Å—Ç–≤–æ, —á–∏—Å–ª–æ –≤–µ—Ä–∏—Ñ–∏—Ü–∏—Ä–æ–≤–∞–Ω–Ω—ã—Ö —á–∞—Å–æ–≤ –¥–æ–ª–∂–Ω–æ –±—ã—Ç—å –Ω–µ –º–µ–Ω–µ–µ 100.

–ü–æ–¥—Ä–æ–±–Ω–∞—è –∏–Ω—Ñ–æ—Ä–º–∞—Ü–∏—è –æ –±–∞–ª–ª–∞—Ö –∑–∞ –∏–Ω–¥–∏–≤–∏–¥—É–∞–ª—å–Ω—ã–µ –¥–æ—Å—Ç–∏–∂–µ–Ω–∏—è https://urfu.ru/ru/applicant/docs-abiturient/olimp/"
27,"–°–∫–∞–∂–∏—Ç–µ –ø–æ–∂–∞–ª—É–π—Å—Ç–∞, –ø–æ—á–µ–º—É –≤ —Ç–∞–±–ª–∏—Ü–µ ""–ü–æ–ª–Ω—ã–π —Å–ø–∏—Å–æ–∫ –ø–æ—Å—Ç—É–ø–∞—é—â–∏—Ö"" –Ω–µ –æ—Ç–æ–±—Ä–∞–∂–∞—é—Ç—Å—è –±–∞–ª–ª—ã –ï–ì–≠?","–ë–∞–ª–ª—ã –ï–ì–≠ –≤—ã–≥—Ä—É–∂–∞—é—Ç—Å—è –ø–∞–∫–µ—Ç–Ω–æ —Ä–∞–∑ –≤ –¥–µ–Ω—å. –ï—Å–ª–∏ —Å–¥–∞–≤–∞–ª–∏ –ø–æ –ø–∞—Å–ø–æ—Ä—Ç—É, –∫–æ—Ç–æ—Ä—ã–π –ø—Ä–∏ –ø–æ–¥–∞—á–µ –¥–æ–∫—É–º–µ–Ω—Ç–æ–≤ (–Ω–µ –º–µ–Ω—è–ª–∏), —Ç–æ –∂–¥–∏—Ç–µ, —Å–∫–æ—Ä–æ –≤—ã–≥—Ä—É–∑—è—Ç"
28,"–ü–æ—Å–ª–µ —Ç–æ–≥–æ, –∫–∞–∫ –±—É–¥—É—Ç –ø—Ä–∏–Ω—è—Ç—ã –¥–æ–∫—É–º–µ–Ω—Ç—ã, —É –≤–∞—Å –±—É–¥–µ—Ç –æ—Ç–∫—Ä—ã—Ç –¥–æ—Å—Ç—É–ø –∫ —ç–∫–∑–∞–º–µ–Ω–∞–º. –ï—Å–ª–∏ –≤—ã –ø–æ—Å—Ç—É–ø–∞–µ—Ç–µ –Ω–∞ –±—é–¥–∂–µ—Ç, —Ç–æ —Å–¥–∞—Ç—å –Ω—É–∂–Ω–æ –¥–æ 25 –∏—é–ª—è

–ü–æ–¥—Ä–æ–±–Ω—É—é –∏–Ω—Ñ–æ—Ä–º–∞—Ü–∏—é –ø–æ –≤–∞—à–µ–º—É –≤–æ–ø—Ä–æ—Å—É –º–æ–∂–µ—Ç–µ –Ω–∞–π—Ç–∏ https://urfu.ru/priemurfu/articles/urfu-posle-kolledzha –∏ –Ω–∞ —Å–∞–π—Ç–µ –∏—Ä–∏—Ç-—Ä—Ç—Ñ https://priem-rtf.urfu.ru/colledj/","–ü–æ—Å–ª–µ —Ç–æ–≥–æ, –∫–∞–∫ –±—É–¥—É—Ç –ø—Ä–∏–Ω—è—Ç—ã –¥–æ–∫—É–º–µ–Ω—Ç—ã, —É –≤–∞—Å –±—É–¥–µ—Ç –æ—Ç–∫—Ä—ã—Ç –¥–æ—Å—Ç—É–ø –∫ —ç–∫–∑–∞–º–µ–Ω–∞–º. –ï—Å–ª–∏ –≤—ã –ø–æ—Å—Ç—É–ø–∞–µ—Ç–µ –Ω–∞ –±—é–¥–∂–µ—Ç, —Ç–æ —Å–¥–∞—Ç—å –Ω—É–∂–Ω–æ –¥–æ 25 –∏—é–ª—è

–ü–æ–¥—Ä–æ–±–Ω—É—é –∏–Ω—Ñ–æ—Ä–º–∞—Ü–∏—é –ø–æ –≤–∞—à–µ–º—É –≤–æ–ø—Ä–æ—Å—É –º–æ–∂–µ—Ç–µ –Ω–∞–π—Ç–∏ https://urfu.ru/priemurfu/articles/urfu-posle-kolledzha –∏ –Ω–∞ —Å–∞–π—Ç–µ –∏—Ä–∏—Ç-—Ä—Ç—Ñ https://priem-rtf.urfu.ru/colledj/"
29,"–ó–¥—Ä–∞–≤—Å—Ç–≤—É–π—Ç–µ, –∞ –∫–∞–∫–∏–µ –≤ –ø—Ä–æ—à–ª–æ–º –≥–æ–¥—É –±—ã–ª–∏ –±–∞–ª–ª—ã –Ω–∞ –∏–Ω—Ñ–æ—Ä–º–∞—Ç–∏–∫—É –∏ –≤—ã—á–∏—Å–ª–∏—Ç–µ–ª—å–Ω—É—é —Ç–µ—Ö–Ω–∏–∫—É? (–ø–ª–∞—Ç–Ω–∞—è –æ—Å–Ω–æ–≤–∞) –ù–∞ –ø–æ—Å—Ç—É–ø–∏ –µ–∫–± –ø–∏—à—É—Ç 134, –Ω–æ –º–æ–∂–µ—Ç –±—ã—Ç—å –µ—Å—Ç—å –ø–æ–ª–Ω—ã–π —Å–ø–∏—Å–æ–∫ –ø–æ—Å—Ç—É–ø–∏–≤—à–∏—Ö? –ò –∫–∞–∫ –≤–æ–æ–±—â–µ –º–æ–∂–Ω–æ —É–∑–Ω–∞—Ç—å —Å–∫–æ–ª—å–∫–æ –æ—Å—Ç–∞–ª–æ—Å—å –ø–ª–∞—Ç–Ω—ã—Ö –º–µ—Å—Ç –Ω–∞ –Ω–∞–ø—Ä–∞–≤–ª–µ–Ω–∏—è?","–î–æ–±—Ä–æ–µ —É—Ç—Ä–æ. –î–æ 20 –∞–≤–≥—É—Å—Ç–∞ –∏–¥–µ—Ç –ø—Ä–∏—ë–º –Ω–∞ –∫–æ–Ω—Ç—Ä–∞–∫—Ç. –í —ç—Ç–æ—Ç –ø–µ—Ä–∏–æ–¥ –º—ã –±–µ—Ä–µ–º –≤—Å–µ—Ö –∂–µ–ª–∞—é—â–∏—Ö, —Å—Ç–∞—Ç–∏—Å—Ç–∏–∫–∞ –ø–æ –∫–æ–Ω—Ç—Ä–∞–∫—Ç–∞–º –Ω–µ –≤–µ–¥—ë—Ç—Å—è. –í—ã –º–æ–∂–µ—Ç–µ –ø–æ–ø—ã—Ç–∞—Ç—å—Å—è –ø–æ—Å—Ç—É–ø–∏—Ç—å —Å –Ω–∏–∑–∫–∏–º–∏ –±–∞–ª–ª–∞–º–∏ –Ω–∞ –ò–í–¢, –≤–æ–ø—Ä–æ—Å –∫–∞–∫ –≤—ã –±—É–¥–µ—Ç–µ —É—á–∏—Ç—å—Å—è? –£—á–µ–±–Ω—É—é –ø—Ä–æ–≥—Ä–∞–º–º—É –¥–æ—Å—Ç–∞—Ç–æ—á–Ω–æ —Å–ª–æ–∂–Ω–æ –æ—Å–≤–∞–∏–≤–∞—Ç—å. –ë—ã–≤–∞–µ—Ç, —á—Ç–æ —Ä–µ–±—è—Ç–∞ —Å –Ω–∏–∑–∫–∏–º–∏ –±–∞–ª–ª–∞–º–∏ —Å—Ç–∞—Ä–∞—é—Ç—Å—è –∏ —É—á–∞—Ç—Å—è —Ö–æ—Ä–æ—à–æ, –≥–ª–∞–≤–Ω–æ–µ, —á—Ç–æ–±—ã –±–∞–∑–∞ –ø–æ –º–∞—Ç–µ–º–∞—Ç–∏–∫–µ –±—ã–ª–∞ —Ö–æ—Ä–æ—à–µ–π. 

–¢–æ—á–Ω—É—é –∏–Ω—Ñ–æ—Ä–º–∞—Ü–∏—é –æ –ø–ª–∞—Ç–Ω–æ–º –æ–±—É—á–µ–Ω–∏–∏ –º–æ–∂–Ω–æ –Ω–∞–π—Ç–∏ –Ω–∞ —Å–∞–π—Ç–µ —É—Ä—Ñ—É –≤ —Ä–∞–∑–¥–µ–ª–µ ""–ü–ª–∞—Ç–Ω—ã–µ –æ–±—Ä–∞–∑–æ–≤–∞—Ç–µ–ª—å–Ω—ã–µ —É—Å–ª—É–≥–∏"" https://urfu.ru/sveden/paidedu/"
30,"–ó–¥—Ä–∞–≤—Å—Ç–≤—É–π—Ç–µ, –∏–º–µ–µ—Ç —Å–º—ã—Å–ª –ø–æ–¥–∞–≤–∞—Ç—å –Ω–∞ –±—é–¥–∂–µ—Ç 09 –Ω–∞–ø—Ä–∞–≤–ª–µ–Ω–∏—è —Å 214 –±–∞–ª–ª–∞–º–∏?","–í –ø—Ä–æ—à–ª–æ–º –≥–æ–¥—É –º–∏–Ω–∏–º–∞–ª—å–Ω—ã–π –ø—Ä–æ—Ö–æ–¥–Ω–æ–π –±–∞–ª–ª –Ω–∞ 09 –Ω–∞–ø—Ä–∞–≤–ª–µ–Ω–∏—è –±—ã–ª 239, —É –≤–∞—Å 214 –±–∞–ª–ª–æ–≤, –ø–æ—ç—Ç–æ–º—É —É –≤–∞—Å –≤—Ä—è–¥ –ª–∏ –ø–æ–ª—É—á–∏—Ç—Å—è –ø–æ–ø–∞—Å—Ç—å –Ω–∞ –±—é–¥–∂–µ—Ç

–ú–æ–∂–µ—Ç–µ –ø–æ—Å–º–æ—Ç—Ä–µ—Ç—å –ø—Ä–æ—Ö–æ–¥–Ω—ã–µ –±–∞–ª–ª—ã –∑–∞ –ø–æ—Å–ª–µ–¥–Ω–∏–µ –Ω–µ—Å–∫–æ–ª—å–∫–æ –ª–µ—Ç https://priem-rtf.urfu.ru/ru/passing-points/"
31,"–ê –º–æ–∂–Ω–æ –≥–¥–µ —Ç–æ –ø–æ—Å–º–æ—Ç—Ä–µ—Ç—å –º–∏–Ω–∏–º–∞–ª—å–Ω—ã–µ –±–∞–ª–ª—ã –∫–æ–Ω—Ç—Ä–∞–∫—Ç–Ω–∏–∫–æ–≤, –∫–æ—Ç–æ—Ä—ã–µ –±—ã–ª—ã –∑–∞—á–∏—Å–ª–µ–Ω—ã, –ø—Ä–æ—à–ª—ã—Ö –ª–µ—Ç?","–î–æ –∑–∞–≤–µ—Ä—à–µ–Ω–∏—è –ø—Ä–∏–µ–º–∞ –¥–æ–∫—É–º–µ–Ω—Ç–æ–≤ –±–µ—Ä–µ–º –Ω–∞ –∫–æ–Ω—Ç—Ä–∞–∫—Ç –∂–µ–ª–∞—é—â–∏—Ö, —Å—Ç–∞—Ç–∏—Å—Ç–∏–∫–∞ –ø–æ –∫–æ–Ω—Ç—Ä–∞–∫—Ç–∞–º –Ω–µ –≤–µ–¥—ë—Ç—Å—è. –ï—Å—Ç—å 4 –ø—Ä–æ–≥—Ä–∞–º–º—ã, –Ω–∞ –∫–æ—Ç–æ—Ä—ã–µ –æ—Ç 170 –Ω–∞ –∫–æ–Ω—Ç—Ä–∞–∫—Ç, –Ω–∞ –æ—Å—Ç–∞–ª—å–Ω—ã–µ –≤–æ–∑–º–æ–∂–Ω–æ —Å –±–æ–ª–µ–µ –Ω–∏–∑–∫–∏–º–∏ –±–∞–ª–ª–∞–º–∏.

–¢–æ—á–Ω—É—é –∏–Ω—Ñ–æ—Ä–º–∞—Ü–∏—é –æ –ø–ª–∞—Ç–Ω–æ–º –æ–±—É—á–µ–Ω–∏–∏ –º–æ–∂–Ω–æ –Ω–∞–π—Ç–∏ –Ω–∞ —Å–∞–π—Ç–µ —É—Ä—Ñ—É –≤ —Ä–∞–∑–¥–µ–ª–µ ""–ü–ª–∞—Ç–Ω—ã–µ –æ–±—Ä–∞–∑–æ–≤–∞—Ç–µ–ª—å–Ω—ã–µ —É—Å–ª—É–≥–∏"" https://urfu.ru/sveden/paidedu/"
32,"–ë–µ—Å–ø–æ–∫–æ—é—Å—å, —á—Ç–æ –Ω–µ —Ö–≤–∞—Ç–∏—Ç –º–µ—Å—Ç –Ω–∞ –∫–æ–Ω—Ç—Ä–∞–∫—Ç. –£ –º–µ–Ω—è 219 –±–∞–ª–ª–æ–≤ + —É—á–∞—Å—Ç–∏–µ –≤ –ò–∑—É–º—Ä—É–¥–µ.","–î–æ –∑–∞–≤–µ—Ä—à–µ–Ω–∏—è –ø—Ä–∏–µ–º–∞ –¥–æ–∫—É–º–µ–Ω—Ç–æ–≤ –±–µ—Ä–µ–º –Ω–∞ –∫–æ–Ω—Ç—Ä–∞–∫—Ç –∂–µ–ª–∞—é—â–∏—Ö, –ø–æ—ç—Ç–æ–º—É –≤–∞–º —Ç–æ—á–Ω–æ —Ö–≤–∞—Ç–∏—Ç –º–µ—Å—Ç–∞. 

–¢–æ—á–Ω—É—é –∏–Ω—Ñ–æ—Ä–º–∞—Ü–∏—é –æ –ø–ª–∞—Ç–Ω–æ–º –æ–±—É—á–µ–Ω–∏–∏ –º–æ–∂–Ω–æ –Ω–∞–π—Ç–∏ –Ω–∞ —Å–∞–π—Ç–µ —É—Ä—Ñ—É –≤ —Ä–∞–∑–¥–µ–ª–µ ""–ü–ª–∞—Ç–Ω—ã–µ –æ–±—Ä–∞–∑–æ–≤–∞—Ç–µ–ª—å–Ω—ã–µ —É—Å–ª—É–≥–∏"" https://urfu.ru/sveden/paidedu/"
33,"–ü–æ–¥—Å–∫–∞–∂–∏—Ç–µ, –ø–æ–∂–∞–ª—É–π—Å—Ç–∞, –±—É–¥—É—Ç –ª–∏ –∑–≤–æ–Ω–∏—Ç—å –∏–∑ –ø—Ä–∏–µ–º–Ω–æ–π –∫–æ–º–∏—Å—Å–∏–∏ –∏ –≥–æ–≤–æ—Ä–∏—Ç—å, —á—Ç–æ –ø—Ä–æ—Ö–æ–¥–∏–º, –∏ –ø—Ä–æ—Å–∏—Ç—å –ø—Ä–∏–≤–µ–∑—Ç–∏ –æ—Ä–∏–≥–∏–Ω–∞–ª –∞—Ç—Ç–µ—Å—Ç–∞—Ç–∞? –ò–ª–∏ –Ω—É–∂–Ω–æ —Å–∞–º–∏–º –∑–∞—Ä–∞–Ω–µ–µ –µ–≥–æ –æ—Ç–≤–µ–∑—Ç–∏?üôè","–ù—É–∂–Ω–æ —Å–∞–º–∏–º –æ—Ç—Å–ª–µ–∂–∏–≤–∞—Ç—å —Å–∏—Ç—É–∞—Ü–∏—é, –æ–±—ã—á–Ω–æ –æ–±–∑–≤–∞–Ω–∏–≤–∞–µ–º —Ç–æ–ª—å–∫–æ –≤—ã—Å–æ–∫–æ–±–∞–ª–ª—å–Ω–∏–∫–æ–≤, —á—Ç–æ–±—ã –≤—Å–µ –æ—Å—Ç–∞–ª—å–Ω—ã–µ –∞–±–∏—Ç—É—Ä–∏–µ–Ω—Ç–≤ –ø–æ–Ω–∏–º–∞–ª–∏ –∫–∞–∫–∏–µ —É –Ω–∏—Ö —à–∞–Ω—Å—ã"
34,"–¥–æ–±—Ä—ã–π –≤–µ—á–µ—Ä! –∏–∑–≤–∏–Ω–∏—Ç–µ, —á—Ç–æ —Å–ø—Ä–∞—à–∏–≤–∞—é, –º–æ–∂–µ—Ç, —É–∂–µ —Å–ø—Ä–∞—à–∏–≤–∞–ª–∏, –Ω–æ: –∑–¥–µ—Å—å –Ω–∞–ø–∏—Å–∞–Ω–æ, —á—Ç–æ –∑–∞–≤–µ—Ä—à–µ–Ω–∏–µ –ø—Ä–∏–µ–º–∞ –¥–æ–∫—É–º–µ–Ω—Ç–æ–≤ –æ—Ç –ø–æ—Å—Ç—É–ø–∞—é—â–∏—Ö –ø–æ –≤—Å—Ç—É–ø–∏—Ç–µ–ª—å–Ω—ã–º - 18.07. –≠—Ç–æ –∑–Ω–∞—á–∏—Ç, —á—Ç–æ —è –¥–æ–ª–∂–Ω–∞ —Å–¥–∞—Ç—å —ç–∫–∑–∞–º–µ–Ω –¥–æ 18.07? –ì—Ä–∞–∂–¥–∞–Ω–∏–Ω –†–ö","–ù–µ—Ç, –ø–æ–¥–∞—á–∞ –¥–æ–∫—É–º–µ–Ω—Ç–æ–≤ –¥–ª—è –ø–æ—Å—Ç—É–ø–∞—é—â–∏—Ö –ø–æ –≤—Å—Ç—É–ø–∏—Ç–µ–ª—å–Ω—ã–º —ç–∫–∑–∞–º–µ–Ω–∞–º –¥–æ 18 –∏—é–ª—è, –≤—Å—Ç—É–ø–∏—Ç–µ–ª—å–Ω—ã–µ —ç–∫–∑–∞–º–µ–Ω—ã –¥–æ 25 –∏—é–ª—è

–¢–æ—á–Ω—É—é –∏–Ω—Ñ–æ—Ä–º–∞—Ü–∏—é –æ –≤—Å—Ç—É–ø–∏—Ç–µ–ª—å–Ω—ã—Ö —ç–∫–∑–∞–º–µ–Ω–∞—Ö –º–æ–∂–Ω–æ –Ω–∞–π—Ç–∏ –Ω–∞ —Å–∞–π—Ç–µ —É—Ä—Ñ—É https://urfu.ru/ru/applicant/docs-abiturient/exams/"
35,"–ü—Ä–∏–≤–µ—Ç. –¢–∞–∫–æ–µ –æ—â—É—â–µ–Ω–∏–µ, —á—Ç–æ –Ω–∞ –ø—Ä–æ—Ö–æ–¥–Ω—ã–µ –±–∞–ª–ª—ã –ø—Ä–æ—à–ª–æ–≥–æ –≥–æ–¥–∞ –Ω–µ—Ç —Å–º—ã—Å–ª–∞ –æ—Ä–∏–µ–Ω—Ç–∏—Ä–æ–≤–∞—Ç—å—Å—è –≤–æ–æ–±—â–µ. –ö–∞–∂–µ—Ç—Å—è, –º–µ–Ω—å—à–µ 260 –ø—Ä–æ—Ö–æ–¥–Ω–æ–π –Ω–∞ 09 –Ω–µ –±—É–¥–µ—Ç?","–£ –Ω–∞—Å 5 –æ–±—Ä–∞–∑–æ–≤–∞—Ç–µ–ª—å–Ω—ã—Ö –ø—Ä–æ–≥—Ä–∞–º–º –Ω–∞ 09 –Ω–∞–ø—Ä–∞–≤–ª–µ–Ω–∏–∏, –ø–æ—ç—Ç–æ–º—É –±–∞–ª–ª—ã –º–æ–≥—É—Ç –≤–∞—Ä—å–∏—Ä–æ–≤–∞—Ç—å—Å—è"
36,"–î–æ–±—Ä—ã–π –¥–µ–Ω—å, –µ—Å—Ç—å –ª–∏ —à–∞–Ω—Å –ø—Ä–æ–π—Ç–∏ –Ω–∞ –±—é–¥–∂–µ—Ç , –µ—Å–ª–∏ –±–∞–ª–ª—ã –±—É–¥—É—Ç –Ω–∞ 5-7 –º–µ–Ω—å—à–µ , —á–µ–º –∑–∞—è–≤–ª–µ–Ω–æ –Ω–∞ —Å–∞–π—Ç–µ ?","–ü—Ä–æ–±–æ–≤–∞—Ç—å –≤—Å–µ–≥–¥–∞ –º–æ–∂–Ω–æ. –ù–∞ —Å–∞–π—Ç–µ —É–∫–∞–∑–∞–Ω—ã –±–∞–ª–ª—ã –ø–æ —Ñ–∞–∫—Ç—É –∑–∞—á–∏—Å–ª–µ–Ω–∏—è. –ß—Ç–æ –±—É–¥–µ—Ç –≤ —ç—Ç–æ–º –≥–æ–¥—É, –ø–æ–∫–∞ —Å–ª–æ–∂–Ω–æ –ø—Ä–µ–¥—Å–∫–∞–∑–∞—Ç—å. –ë–ª–∏–∂–µ –∫ –∫–æ–Ω—Ü—É –∏—é–ª—è –º–æ–∂–Ω–æ –¥–µ–ª–∞—Ç—å –ø—Ä–æ–≥–Ω–æ–∑—ã

–ú–æ–∂–µ—Ç–µ –ø–æ—Å–º–æ—Ç—Ä–µ—Ç—å –ø—Ä–æ—Ö–æ–¥–Ω—ã–µ –±–∞–ª–ª—ã –∑–∞ –ø–æ—Å–ª–µ–¥–Ω–∏–µ –Ω–µ—Å–∫–æ–ª—å–∫–æ –ª–µ—Ç https://priem-rtf.urfu.ru/ru/passing-points/"
37,"—ç—Ç–æ —Å–ø–∏—Å–∫–∏ –Ω–∞ 24 –≥–æ–¥? –µ—Å–ª–∏ –ø—Ä–æ—Ö–æ–¥–Ω–æ–π –±–∞–ª–ª –Ω–∏–∂–µ, –µ—Å—Ç—å —Å–º—ã—Å–ª –ø–æ–¥–∞–≤–∞—Ç—å?","–ü—Ä–æ—Ö–æ–¥–Ω–æ–π –±–∞–ª–ª 2023 –≥–æ–¥–∞, –±—é–¥–∂–µ—Ç–Ω—ã–µ –º–µ—Å—Ç–∞ —ç—Ç–æ–≥–æ –≥–æ–¥–∞. –ü–æ–¥–∞–≤–∞—Ç—å –¥–æ–∫—É–º–µ–Ω—Ç—ã —Å–º—ã—Å–ª –µ—Å—Ç—å. –í—ã –º–æ–∂–µ—Ç–µ —Ä–∞—Å—Å—Ç–∞–≤–∏—Ç—å –ø—Ä–∏–æ—Ä–∏—Ç–µ—Ç—ã –æ–¥–Ω–æ–≤—Ä–µ–º–µ–Ω–Ω–æ –Ω–∞ –±—é–¥–∂–µ—Ç –∏ –∫–æ–Ω—Ç—Ä–∞–∫—Ç. –§–∏–Ω–∞–ª—å–Ω—ã–π —Ä–µ–∑—É–ª—å—Ç–∞—Ç –≤—Å–µ —Ä–∞–≤–Ω–æ –±—É–¥–µ—Ç –∏–∑–≤–µ—Å—Ç–µ–Ω –Ω–µ —Ä–∞–Ω—å—à–µ –∞–≤–≥—É—Å—Ç–∞.

–ú–æ–∂–µ—Ç–µ –ø–æ—Å–º–æ—Ç—Ä–µ—Ç—å –ø—Ä–æ—Ö–æ–¥–Ω—ã–µ –±–∞–ª–ª—ã –∑–∞ –ø–æ—Å–ª–µ–¥–Ω–∏–µ –Ω–µ—Å–∫–æ–ª—å–∫–æ –ª–µ—Ç https://priem-rtf.urfu.ru/ru/passing-points/"
38,"–•–æ—á—É —É—Ç–æ—á–Ω–∏—Ç—å –ø–æ –ø–æ–≤–æ–¥—É –∫–æ–Ω–∫—É—Ä—Å–Ω—ã—Ö —Å–ø–∏—Å–∫–æ–≤ –æ—Å–Ω–æ–≤–Ω—ã–µ –º–µ—Å—Ç–∞ ‚Äì –ø–ª–∞–Ω –ø—Ä–∏–µ–º–∞ 79, —ç—Ç–æ –∑–Ω–∞—á–∏—Ç 79 –±—é–¥–∂–µ—Ç–Ω—ã—Ö –º–µ—Å—Ç?","–ü–æ–∂–∞–ª—É–π—Å—Ç–∞, –≤–Ω–∏–º–∞—Ç–µ–ª—å–Ω–æ –ø—Ä–æ—á–∏—Ç–∞–π—Ç–µ –∏–Ω—Å—Ç—Ä—É–∫—Ü–∏—é. –°–µ–π—á–∞—Å –æ–Ω–∏ —Å—Ñ–æ—Ä–º–∏—Ä–æ–≤–∞–Ω—ã —Ç–∞–∫: –ü–æ –∫–∞–∂–¥–æ–π –æ–±—Ä–∞–∑–æ–≤–∞—Ç–µ–ª—å–Ω–æ–π –ø—Ä–æ–≥—Ä–∞–º–º–µ –∫–æ–Ω–∫—É—Ä—Å–Ω—ã–π —Å–ø–∏—Å–æ–∫ —Å–æ–¥–µ—Ä–∂–∏—Ç —Å–ª–µ–¥—É—é—â–∏–µ —Ä–∞–∑–¥–µ–ª—ã: –æ—Ç–¥–µ–ª—å–Ω–∞—è –∫–≤–æ—Ç–∞ ‚Äî –∫–æ–ª–∏—á–µ—Å—Ç–≤–æ –º–µ—Å—Ç –≤ –ø–ª–∞–Ω–µ –ø—Ä–∏–µ–º–∞; –æ—Å–æ–±–∞—è –∫–≤–æ—Ç–∞ ‚Äî –∫–æ–ª–∏—á–µ—Å—Ç–≤–æ –º–µ—Å—Ç –≤ –ø–ª–∞–Ω–µ –ø—Ä–∏–µ–º–∞; —Ü–µ–ª–µ–≤–∞—è –∫–≤–æ—Ç–∞ (—Å —É–∫–∞–∑–∞–Ω–∏–µ–º –∑–∞–∫–∞–∑—á–∏–∫–∞) ‚Äî –∫–æ–ª–∏—á–µ—Å—Ç–≤–æ –º–µ—Å—Ç –≤ –ø–ª–∞–Ω–µ –ø—Ä–∏–µ–º–∞; –æ—Å–Ω–æ–≤–Ω—ã–µ –º–µ—Å—Ç–∞ ‚Äî –∫–æ–ª–∏—á–µ—Å—Ç–≤–æ –º–µ—Å—Ç –≤ –ø–ª–∞–Ω–µ –ø—Ä–∏–µ–º–∞ –°–µ–π—á–∞—Å –ø–æ–∫–∞–∑–∞–Ω—ã —Ü–∏—Ñ—Ä—ã –Ω–∞ —Å–µ–≥–æ–¥–Ω—è—à–Ω–∏–π –¥–µ–Ω—å. –ü–æ—Å–ª–µ 29 –∏—é–ª—è —Ü–∏—Ñ—Ä–∞ –Ω–∞ –æ–±—â–∏–π –∫–æ–Ω–∫—É—Ä—Å –∏–∑–º–µ–Ω–∏—Ç—Å—è —Å —É—á–µ—Ç–æ–º –Ω–µ–∏–∑—Ä–∞—Å—Ö–æ–¥–æ–≤–∞–Ω–Ω—ã—Ö –º–µ—Å—Ç –ø–æ –ª—å–≥–æ—Ç–∞–º –∏ —Ü–µ–ª–µ–≤—ã–º"
39,"–ó–¥—Ä–∞–≤—Å—Ç–≤—É–π—Ç–µ, –∞ –≤–∞–∂–Ω—ã –ª–∏ –±–∞–ª–ª—ã –ø—Ä–∏ –ø–æ—Å—Ç—É–ø–ª–µ–Ω–∏–µ –ø–æ –ø–ª–∞—Ç–Ω–æ–π –æ—Å–Ω–æ–≤–µ? –ï—Å—Ç—å –ª–∏ –∫–∞–∫–æ–π-–Ω–∏–±—É–¥—å –º–∏–Ω–∏–º—É–º –Ω–∞ –∫–∞–∂–¥–æ–µ –Ω–∞–ø—Ä–∞–≤–ª–µ–Ω–∏–µ?","–ó–¥—Ä–∞–≤—Å—Ç–≤—É–π—Ç–µ. –ù–∞ –Ω–µ–∫–æ—Ç–æ—Ä—ã–µ –ø—Ä–æ–≥—Ä–∞–º–º—ã –æ–±—è–∑–∞—Ç–µ–ª—å–Ω—ã–π –º–∏–Ω–∏–º—É–º 170. –ù–∞ –æ—Å—Ç–∞–ª—å–Ω—ã–µ –Ω–µ–æ–±—Ö–æ–¥–∏–º–æ –Ω–∞–±—Ä–∞—Ç—å –º–∏–Ω–∏–º–∞–ª—å–Ω—ã–µ –±–∞–ª–ª—ã, –≤—ã–¥–≤–∏–Ω—É—Ç—ã–µ –ú–∏–Ω–∏—Å—Ç–µ—Ä—Å—Ç–≤–æ–º. –ù–∞ –ø–ª–∞—Ç–Ω—É—é –æ—Å–Ω–æ–≤—É –±–µ—Ä–µ–º –≤—Å–µ—Ö –∂–µ–ª–∞—é—â–∏—Ö, –∫—Ç–æ –Ω–∞–±—Ä–∞–ª –æ–±—è–∑–∞—Ç–µ–ª—å–Ω—ã–π –º–∏–Ω–∏–º—É–º.

–¢–æ—á–Ω—É—é –∏–Ω—Ñ–æ—Ä–º–∞—Ü–∏—é –æ –ø–ª–∞—Ç–Ω–æ–º –æ–±—É—á–µ–Ω–∏–∏ –º–æ–∂–Ω–æ –Ω–∞–π—Ç–∏ –Ω–∞ —Å–∞–π—Ç–µ —É—Ä—Ñ—É –≤ —Ä–∞–∑–¥–µ–ª–µ ""–ü–ª–∞—Ç–Ω—ã–µ –æ–±—Ä–∞–∑–æ–≤–∞—Ç–µ–ª—å–Ω—ã–µ —É—Å–ª—É–≥–∏"" https://urfu.ru/sveden/paidedu/"
40,"–∞ –∫–∞–∫ —Å–∫–æ—Ä–æ –æ–±–Ω–æ–≤–ª—è—é—Ç—Å—è —Å–ø–∏—Å–∫–∏? –ø–æ—Ç–æ–º—É —á—Ç–æ —É –º–µ–Ω—è –∑–∞—è–≤–ª–µ–Ω–∏–µ –ø—Ä–∏–Ω—è—Ç–æ,–∞ —É–∂–µ —á–∞—Å–∞ ~4 –Ω–µ –ø–æ—è–≤–ª—è—é—Å—å –≤ —Å–ø–∏—Å–∫–∞—Ö –∞ –µ—â–µ –≤–æ–ø—Ä–æ—Å –∫–∞—Å–∞—Ç–µ–ª—å–Ω–æ –±–∞–ª–ª–æ–≤: –∫–∞–∫–∏–µ –±–∞–ª–ª—ã —É—á–∏—Ç—ã–≤–∞—é—Ç—Å—è –ø—Ä–∏ –ø–æ—Å—Ç—É–ø–ª–µ–Ω–∏–∏? —è —Å–¥–∞–≤–∞–ª –µ–≥—ç –≤ 2023 –∏ –≤ 2024. –ø—Ä–∏—Ç–æ–º, –ø–æ —Ä—É—Å—Å–∫–æ–º—É –≤ 2023 —è –Ω–∞–±—Ä–∞–ª –±–æ–ª—å—à–µ —á–µ–º –≤ 2024, –∞ –ø–æ –º–∞—Ç–µ–º–∞—Ç–∏–∫–µ –∏ –∏–Ω—Ñ–æ—Ä–º–∞—Ç–∏–∫–µ –Ω–∞–æ–±–æ—Ä–æ—Ç. –∞–≤—Ç–æ–º–∞—Ç–∏—á–µ—Å–∫–∏ –ª–∏ —É—á–∏—Ç—ã–≤–∞–µ—Ç—Å—è –º–∞–∫—Å–∏–º–∞–ª—å–Ω—ã–π –±–∞–ª–ª –∏–ª–∏ –Ω—É–∂–Ω–æ –≥–¥–µ-—Ç–æ —Å–∞–º–æ–º—É –≤—ã–±–∏—Ä–∞—Ç—å?","–°—Ä–æ–∫ –æ–±—Ä–∞–±–æ—Ç–∫–∏ –∑–∞—è–≤–ª–µ–Ω–∏—è —Å–æ—Å—Ç–∞–≤–ª—è–µ—Ç –¥–æ 5 —Ä–∞–±–æ—á–∏—Ö –¥–Ω–µ–π, —Å–ø–∏—Å–∫–∏ –Ω–∞ —Å–∞–π—Ç–µ –æ–±–Ω–æ–≤–ª—è—é—Ç—Å—è –µ–∂–µ–¥–Ω–µ–≤–Ω–æ –≤ –ø–æ—Å—Ç–µ–ø–µ–Ω–Ω–æ–π —Ñ–æ—Ä–º–µ. –ü–æ –í–∞—à–µ–º—É –≤–æ–ø—Ä–æ—Å—É –í—ã —Ç–∞–∫–∂–µ –º–æ–∂–µ—Ç–µ –æ–±—Ä–∞—Ç–∏—Ç—å—Å—è –≤ –æ—Ç–±–æ—Ä–æ—á–Ω—É—é –∫–æ–º–∏—Å—Å–∏—é –í–∞—à–µ–≥–æ –∏–Ω—Å—Ç–∏—Ç—É—Ç–∞: +7 (343) 375-93-71,  rtf.priem@urfu.ru, l.v.sergeeva@urfu.ru –∏–ª–∏ –≤ –ø—Ä–∏–µ–º–Ω—É—é –∫–æ–º–∏—Å—Å–∏—é –£—Ä–§–£: priem@urfu.ru

–ï—Å–ª–∏ –≤—ã —Å–¥–∞–≤–∞–ª–∏ –æ–¥–∏–Ω –∏¬†—Ç–æ—Ç¬†–∂–µ —ç–∫–∑–∞–º–µ–Ω –Ω–µ—Å–∫–æ–ª—å–∫–æ —Ä–∞–∑, —Ç–æ¬†–ø—Ä–∏ –ø–æ—Å—Ç—É–ø–ª–µ–Ω–∏–∏ –º–æ–∂–Ω–æ —É—á–∏—Ç—ã–≤–∞—Ç—å –ª—É—á—à–∏–π —Ä–µ–∑—É–ª—å—Ç–∞—Ç, –∞¬†–Ω–µ¬†–ø–æ—Å–ª–µ–¥–Ω–∏–π. –î–ª—è —ç—Ç–æ–≥–æ –Ω—É–∂–Ω–æ —É–∫–∞–∑–∞—Ç—å –≤¬†–∑–∞—è–≤–ª–µ–Ω–∏–∏ –≥–æ–¥, –∫–æ–≥–¥–∞ –≤—ã –ø–æ–ª—É—á–∏–ª–∏ –≤—ã—Å—à–∏–π –±–∞–ª–ª¬†‚Äî –ø—Ä–∏ —Ñ–æ—Ä–º–∏—Ä–æ–≤–∞–Ω–∏–∏ —Å–ø–∏—Å–∫–æ–≤ –ø—Ä–∏–µ–º–Ω–∞—è –∫–æ–º–∏—Å—Å–∏—è —É—á—Ç–µ—Ç –∏–º–µ–Ω–Ω–æ –µ–≥–æ.

–ü–æ–¥—Ä–æ–±–Ω–µ–µ –æ –ø–æ—Å—Ç—É–ø–ª–µ–Ω–∏–∏ –º–æ–∂–µ—Ç–µ –ø—Ä–æ—á–∏—Ç–∞—Ç—å –∏–Ω—Ñ–æ—Ä–º–∞—Ü–∏—é –Ω–∞ –æ—Ñ–∏—Ü–∏–∞–ª—å–Ω–æ–º —Å–∞–π—Ç–µ –£—Ä–§–£"
41,"–ó–¥—Ä–∞–≤—Å—Ç–≤—É–π—Ç–µ! –ù–∞–ø–∏—à–∏—Ç–µ, –ø–æ–∂–∞–ª—É–π—Å—Ç–∞, —Å–∫–æ–ª—å–∫–æ –¥–æ–ø–æ–ª–Ω–∏—Ç–µ–ª—å–Ω—ã—Ö –±–∞–ª–ª–æ–≤ –¥–∞—é—Ç –∑–∞ –∑–Ω–∞—á–∫–∏ –ì–¢–û.","–ó–∞ –∑–æ–ª–æ—Ç–æ–π –∑–Ω–∞—á–æ–∫ –ì–¢–û –¥–∞–µ—Ç—Å—è 2 –±–∞–ª–ª–∞.–ó–∞ –∑–æ–ª–æ—Ç–æ–π –∑–Ω–∞—á–æ–∫ –ì–¢–û –¥–∞–µ—Ç—Å—è 2 –±–∞–ª–ª–∞. 

–ü–æ–¥—Ä–æ–±–Ω–∞—è –∏–Ω—Ñ–æ—Ä–º–∞—Ü–∏—è –æ –±–∞–ª–ª–∞—Ö –∑–∞ –∏–Ω–¥–∏–≤–∏–¥—É–∞–ª—å–Ω—ã–µ –¥–æ—Å—Ç–∏–∂–µ–Ω–∏—è https://urfu.ru/ru/applicant/docs-abiturient/olimp/"
42,"–ó–¥—Ä–∞–≤—Å—Ç–≤—É–π—Ç–µ, –ø–æ–¥—Å–∫–∞–∂–∏—Ç–µ, –ø–æ–∂–∞–ª—É–π—Å—Ç–∞, –≥–¥–µ –º–æ–∂–Ω–æ —É–≤–∏–¥–µ—Ç—å –ø—Ä–æ—Ö–æ–¥–Ω—ã–µ –±–∞–ª–ª—ã –ø—Ä–æ—à–ª–æ–≥–æ –≥–æ–¥–∞?",–ú–æ–∂–µ—Ç–µ –ø–æ—Å–º–æ—Ç—Ä–µ—Ç—å –ø—Ä–æ—Ö–æ–¥–Ω—ã–µ –±–∞–ª–ª—ã –∑–∞ –ø–æ—Å–ª–µ–¥–Ω–∏–µ –Ω–µ—Å–∫–æ–ª—å–∫–æ –ª–µ—Ç https://priem-rtf.urfu.ru/ru/passing-points/
43,"–î–æ–±—Ä—ã–π –≤–µ—á–µ—Ä, —Ç–∞–∫–∞—è —Å–∏—Ç—É–∞—Ü–∏—è, —Å—ã–Ω - –≤—ã–ø—É—Å–∫–Ω–∏–∫ –∫–æ–ª–ª–µ–¥–∂–∞, 2 –≥–æ–¥–∞ –Ω–∞–∑–∞–¥ —Å–¥–∞–≤–∞–ª –ï–ì–≠, –Ω–∞–±—Ä–∞–ª –±–∞–ª–ª—ã. –ù–æ —Å–µ–π—á–∞—Å, –∫–∞–∫ –≤—ã–ø—É—Å–∫–Ω–∏–∫ –∫–æ–ª–ª–µ–¥–∂–∞, —Ö–æ—á–µ—Ç —Å–¥–∞—Ç—å –≤—Å—Ç—É–ø–∏—Ç–µ–ª—å–Ω—ã–µ –∏—Å–ø—ã—Ç–∞–Ω–∏—è, –∞ —Å–∏—Å—Ç–µ–º–∞ –Ω–µ –¥–∞–µ—Ç –≤–æ–∑–º–æ–∂–Ω–æ—Å—Ç–∏ —Å–¥–∞—Ç—å –∏—Ö, –∫—É—Ä—Å—ã –≤ –º—É–¥–ª–µ –≤–∏–¥–Ω—ã, –∑–∞—Ö–æ–¥–∏—Ç —Ç—É–¥–∞ - —Ç–∞–º –Ω–µ—Ç –Ω–∏—á–µ–≥–æ. –ú–æ–∂–µ—Ç —Å–¥–∞—Ç—å —Ç–æ–ª—å–∫–æ —Ä—É—Å—Å–∫–∏–π —è–∑—ã–∫, –∫–æ—Ç–æ—Ä—ã–π –æ–Ω –Ω–µ —Å–¥–∞–≤–∞–ª –∏ –≤—Å–µ. –ö–∞–∫ –º–æ–∂–Ω–æ —Ä–µ—à–∏—Ç—å —ç—Ç—É –ø—Ä–æ–±–ª–µ–º—É?","–ï—Å–ª–∏ —É –≤–∞—Å –±—ã–ª–∏ –ø—Ä–∏–Ω—è—Ç—ã –¥–æ–∫—É–º–µ–Ω—Ç—ã, —Ç–æ –¥–æ–ª–∂–Ω—ã —ç–∫–∑–∞–º–µ–Ω—ã –¥–æ–ª–∂–Ω—ã –±—ã–ª–∏ –ø–æ—è–≤–∏—Ç—å—Å—è –≤ —Å–∏—Å—Ç–µ–º–µ

–í—ã —Ç–∞–∫–∂–µ –º–æ–∂–µ—Ç–µ –æ–±—Ä–∞—Ç–∏—Ç—å—Å—è –≤ –æ—Ç–±–æ—Ä–æ—á–Ω—É—é –∫–æ–º–∏—Å—Å–∏—é –í–∞—à–µ–≥–æ –∏–Ω—Å—Ç–∏—Ç—É—Ç–∞: +7 (343) 375-93-71,  rtf.priem@urfu.ru, l.v.sergeeva@urfu.ru –∏–ª–∏ –≤ –ø—Ä–∏–µ–º–Ω—É—é –∫–æ–º–∏—Å—Å–∏—é –£—Ä–§–£: priem@urfu.ru

–ü–æ–¥—Ä–æ–±–Ω–∞—è –∏–Ω—Ñ–æ—Ä–º–∞—Ü–∏—è –æ –ø–æ—Å—Ç—É–ø–ª–µ–Ω–∏–∏ –ø–æ—Å–ª–µ –∫–æ–ª–ª–µ–¥–∂–∞ https://urfu.ru/priemurfu/articles/urfu-posle-kolledzha"
44,–î–æ–±—Ä—ã–π –¥–µ–Ω—å. –ó–∞—è–≤–ª–µ–Ω–∏–µ –ø–æ–¥–∞–Ω–æ —á–µ—Ä–µ–∑ –≥–æ—Å—É—Å–ª—É–≥–∏ 06.07. –í –∫–æ–Ω–∫—É—Ä—Å–Ω—ã—Ö —Å–ø–∏—Å–∫–∞—Ö –Ω–µ—Ç. –ö–∞–∫ –¥–æ–ª–≥–æ –æ–±—Ä–∞–±–∞—Ç—ã–≤–∞–µ—Ç—Å—è –∑–∞—è–≤–ª–µ–Ω–∏–µ?,"–°—Ä–æ–∫ –æ–±—Ä–∞–±–æ—Ç–∫–∏ –∑–∞—è–≤–ª–µ–Ω–∏—è —Å–æ—Å—Ç–∞–≤–ª—è–µ—Ç –¥–æ 5 —Ä–∞–±–æ—á–∏—Ö –¥–Ω–µ–π, —Å–ø–∏—Å–∫–∏ –Ω–∞ —Å–∞–π—Ç–µ –æ–±–Ω–æ–≤–ª—è—é—Ç—Å—è –µ–∂–µ–¥–Ω–µ–≤–Ω–æ –≤ –ø–æ—Å—Ç–µ–ø–µ–Ω–Ω–æ–π —Ñ–æ—Ä–º–µ. –ü–æ –í–∞—à–µ–º—É –≤–æ–ø—Ä–æ—Å—É –í—ã —Ç–∞–∫–∂–µ –º–æ–∂–µ—Ç–µ –æ–±—Ä–∞—Ç–∏—Ç—å—Å—è –≤ –æ—Ç–±–æ—Ä–æ—á–Ω—É—é –∫–æ–º–∏—Å—Å–∏—é –í–∞—à–µ–≥–æ –∏–Ω—Å—Ç–∏—Ç—É—Ç–∞: +7 (343) 375-93-71,  rtf.priem@urfu.ru, l.v.sergeeva@urfu.ru –∏–ª–∏ –≤ –ø—Ä–∏–µ–º–Ω—É—é –∫–æ–º–∏—Å—Å–∏—é –£—Ä–§–£: priem@urfu.ru

–ï—Å–ª–∏ –≤—ã —Å–¥–∞–≤–∞–ª–∏ –æ–¥–∏–Ω –∏¬†—Ç–æ—Ç¬†–∂–µ —ç–∫–∑–∞–º–µ–Ω –Ω–µ—Å–∫–æ–ª—å–∫–æ —Ä–∞–∑, —Ç–æ¬†–ø—Ä–∏ –ø–æ—Å—Ç—É–ø–ª–µ–Ω–∏–∏ –º–æ–∂–Ω–æ —É—á–∏—Ç—ã–≤–∞—Ç—å –ª—É—á—à–∏–π —Ä–µ–∑—É–ª—å—Ç–∞—Ç, –∞¬†–Ω–µ¬†–ø–æ—Å–ª–µ–¥–Ω–∏–π. –î–ª—è —ç—Ç–æ–≥–æ –Ω—É–∂–Ω–æ —É–∫–∞–∑–∞—Ç—å –≤¬†–∑–∞—è–≤–ª–µ–Ω–∏–∏ –≥–æ–¥, –∫–æ–≥–¥–∞ –≤—ã –ø–æ–ª—É—á–∏–ª–∏ –≤—ã—Å—à–∏–π –±–∞–ª–ª¬†‚Äî –ø—Ä–∏ —Ñ–æ—Ä–º–∏—Ä–æ–≤–∞–Ω–∏–∏ —Å–ø–∏—Å–∫–æ–≤ –ø—Ä–∏–µ–º–Ω–∞—è –∫–æ–º–∏—Å—Å–∏—è —É—á—Ç–µ—Ç –∏–º–µ–Ω–Ω–æ –µ–≥–æ.

–ü–æ–¥—Ä–æ–±–Ω–µ–µ –æ –ø–æ—Å—Ç—É–ø–ª–µ–Ω–∏–∏ –º–æ–∂–µ—Ç–µ –ø—Ä–æ—á–∏—Ç–∞—Ç—å –∏–Ω—Ñ–æ—Ä–º–∞—Ü–∏—é –Ω–∞ –æ—Ñ–∏—Ü–∏–∞–ª—å–Ω–æ–º —Å–∞–π—Ç–µ –£—Ä–§–£"
45,"–î–æ–±—Ä–æ–µ —É—Ç—Ä–æ! –í –∑–∞—è–≤–ª–µ–Ω–∏–∏ –Ω–∞ –ø–æ—Å—Ç—É–ø–ª–µ–Ω–∏–µ, –∫–æ—Ç–æ—Ä–æ–µ —è –∑–∞–ø–æ–ª–Ω—è—é –≤ –ª–∏—á–Ω–æ–º –∫–∞–±–∏–Ω–µ—Ç–µ –∞–±–∏—Ç—É—Ä–∏–µ–Ω—Ç–∞ –≤ —Ç–∞–±–ª–∏—Ü–µ –∏–Ω–¥–∏–≤–∏–¥—É–∞–ª—å–Ω—ã—Ö –¥–æ—Å—Ç–∏–∂–µ–Ω–∏–π –Ω–µ —É–∫–∞–∑–∞–Ω –ì–¢–û, —Ö–æ—Ç—è –¥–æ–∫—É–º–µ–Ω—Ç –≤ –ª–∏—á–Ω—ã–π –∫–∞–±–∏–Ω–µ—Ç –∑–∞–≥—Ä—É–∑–∏–ª–∞. –¢–∞–∫ –∏ –¥–æ–ª–∂–Ω–æ –±—ã—Ç—å?","–ï—Å–ª–∏ –ø—Ä–æ—à–ª–æ –º–Ω–æ–≥–æ –≤—Ä–µ–º–µ–Ω–∏ –ø–æ—Å–ª–µ –∑–∞–≥—Ä—É–∑–∫–∏ –¥–æ–∫—É–º–µ–Ω—Ç–∞ –≤ –ª–∏—á–Ω—ã–π –∫–∞–±–∏–Ω–µ—Ç, —Ç–æ –ª—É—á—à–µ –æ–±—Ä–∞—Ç–∏—Ç—å—Å—è –≤ –æ–±—Ä–∞—Ç–∏—Ç—å—Å—è –≤ –∫–æ–º–∏—Å—Å–∏—é –í–∞—à–µ–≥–æ –∏–Ω—Å—Ç–∏—Ç—É—Ç–∞: +7 (343) 375-93-71,  rtf.priem@urfu.ru, l.v.sergeeva@urfu.ru –∏–ª–∏ –≤ –ø—Ä–∏–µ–º–Ω—É—é –∫–æ–º–∏—Å—Å–∏—é –£—Ä–§–£: priem@urfu.ru, –Ω–µ –∑–∞–±—É–¥—å—Ç–µ –ø—Ä–∏–ª–æ–∂–∏—Ç—å —Å–∫–∞–Ω –¥–æ–∫—É–º–µ–Ω—Ç–∞"
46,"–î–æ–±—Ä—ã–π –¥–µ–Ω—å. –ü–æ–¥—Å–∫–∞–∂–∏—Ç–µ, –≤—á–µ—Ä–∞ –ø–æ–¥–∞–ª–∏ –¥–æ–∫—É–º–µ–Ω—Ç—ã, –ª–∏—á–Ω–æ. –í –∫–æ–Ω–∫—É—Ä—Å–Ω—ã—Ö —Å–ø–∏—Å–∫–∞—Ö –µ—Å—Ç—å, –∞ –¥–æ–ø–æ–ª–Ω–∏—Ç–µ–ª—å–Ω—ã—Ö –±–∞–ª–ª–æ–≤ –Ω–µ —É—á–ª–∏. –£—á–∞—Å—Ç–∏–µ –≤ –æ—á–Ω–æ–º —ç—Ç–∞–ø–µ ""–ò–∑—É–º—Ä—É–¥"" –ø–æ –º–∞—Ç–µ–º–∞—Ç–∏–∫–µ –∏ –∏–Ω—Ñ–æ—Ä–º–∞—Ç–∏–∫–µ, —Ä–∞—Å–ø–µ—á–∞—Ç–∞–ª–∏ –¥–∏–ø–ª–æ–º—ã –∏ –æ—Ç–¥–∞–ª–∏ –∫–æ–ø–∏–∏. –ü–æ—á–µ–º—É –Ω–µ —É—á–ª–∏?","–ë–∞–ª–ª—ã –∑–∞ –∏–Ω–¥–∏–≤–∏–¥—É–∞–ª—å–Ω—ã–µ –¥–æ—Å—Ç–∏–∂–µ–Ω–∏—è –≤—ã—Å—Ç–∞–≤–ª—è—é—Ç –Ω–µ —Å—Ä–∞–∑—É. –ï—Å–ª–∏ —á–µ—Ä–µ–∑ 3 —Ä–∞–±–æ—á–∏—Ö –¥–Ω—è –ø–æ—Å–ª–µ –ø–æ–¥–∞—á–∏ –∑–∞—è–≤–ª–µ–Ω–∏—è–∏ –æ–Ω–∏ –Ω–µ –ø–æ—è–≤—è—Ç—Å—è, —Ç–æ –º–æ–∂–µ—Ç–µ –æ–±—Ä–∞—Ç–∏—Ç—å—Å—è –≤ –æ—Ç–±–æ—Ä–æ—á–Ω—É—é –∫–æ–º–∏—Å—Å–∏—é –í–∞—à–µ–≥–æ –∏–Ω—Å—Ç–∏—Ç—É—Ç–∞: +7 (343) 375-93-71,  rtf.priem@urfu.ru, l.v.sergeeva@urfu.ru –∏–ª–∏ –º–æ–∂–Ω–æ –∫–æ–Ω–∫—Ä–µ—Ç–Ω–æ –Ω–∞ –ø–æ—á—Ç—É —Å–ø–µ—Ü–∏–∞–ª–∏—Å—Ç–∞ s.a.neyskaya@urfu.ru –ø–æ –∏–Ω–¥–∏–≤–∏–¥—É–ª—å–Ω—ã–º –¥–æ—Å—Ç–∏–∂–µ–Ω–∏—è–º"
47,"–∏ –µ—Å—Ç—å –ª–∏ —à–∞–Ω—Å –ø–æ—Å—Ç—É–ø–∏—Ç—å , –µ—Å–ª–∏ 252 –±–∞–ª–ª–∞ ,–ø—Ä–æ—Å—Ç–æ –Ω–µ –ø–æ–ª—É—á–∏–ª–æ—Å—å –Ω–∞–π—Ç–∏ —Å—Ä–µ–¥–Ω–∏–π –±–∞–ª –Ω–∞ –ò–í–¢ –∑–∞ –ø—Ä–æ—à–ª—ã–π –≥–æ–¥","–ï—Å–ª–∏ –∏–Ω—Ç–µ—Ä–µ—Å–µ–Ω —Å—Ä–µ–¥–Ω–∏–π –±–∞–ª–ª –∑–∞ 2023 –≥–æ–¥, —Ç–æ –º–æ–∂–µ—Ç–µ –ø–æ—Å–º–æ—Ç—Ä–µ—Ç—å —Å–ø–∏—Å–∫–∏ —á–µ—Ä–µ–∑ —Å–∞–π—Ç wayback machine, –≤—Å—Ç–∞–≤—å—Ç–µ —Å—Å—ã–ª–∫—É –Ω–∞ –∫–æ–Ω–∫—É—Ä—Å–Ω—ã–µ —Å–ø–∏—Å–∫–∏ –∏ –≤—ã–±–µ—Ä–∏—Ç–µ –Ω—É–∂–Ω—É—é –¥–∞—Ç—É

–ú–æ–∂–µ—Ç–µ –ø–æ—Å–º–æ—Ç—Ä–µ—Ç—å –ø—Ä–æ—Ö–æ–¥–Ω—ã–µ –±–∞–ª–ª—ã –∑–∞ –ø–æ—Å–ª–µ–¥–Ω–∏–µ –Ω–µ—Å–∫–æ–ª—å–∫–æ –ª–µ—Ç https://priem-rtf.urfu.ru/ru/passing-points/"
48,"–ó–¥—Ä–∞–≤—Å—Ç–≤—É–π—Ç–µ, –∫–æ–º—É –ø—Ä–∏–æ—Ä–∏—Ç–µ—Ç–Ω–µ–µ –¥–∞—é—Ç –æ–±—â–µ–∂–∏—Ç–∏–µ –±—é–¥–∂–µ—Ç–Ω–∏–∫–∞–º –∏–ª–∏ –ø–ª–∞—Ç–Ω–∏–∫–∞–º, –∏–ª–∏ –≤—Å–µ—Ö —Å–æ—Ä—Ç–∏—Ä—É—é—Ç –±–∞–ª–ª–∞–º?","–í—Å–µ—Ö —Ä–∞–Ω–∂–∏—Ä—É—é—Ç –ø–æ –±–∞–ª–ª–∞–º, –æ–±—â–µ–∂–∏—Ç–∏–µ –ø—Ä–µ–¥–æ—Å—Ç–∞–≤–ª—è–µ—Ç—Å—è —Å—Ç—É–¥–µ–Ω—Ç–∞–º –∏ –Ω–∞ –±—é–¥–∂–µ—Ç–Ω–æ–π, –∏ –Ω–∞ –∫–æ–Ω—Ç—Ä–∞–∫—Ç–Ω–æ–π –æ—Å–Ω–æ–≤–µ –æ–±—É—á–µ–Ω–∏—è (–ø—Ä–∏ –ø–æ–¥–∞—á–µ –¥–æ–∫—É–º–µ–Ω—Ç–æ–≤ –Ω—É–∂–Ω–æ –±—ã–ª–æ —É–∫–∞–∑–∞—Ç—å –≤ —Å–æ–æ—Ç–≤–µ—Ç—Å—Ç–≤—É—é—â–µ–º –æ–∫–Ω–µ, —á—Ç–æ –≤—ã –Ω—É–∂–¥–∞–µ—Ç–µ—Å—å –≤ –æ–±—â–µ–∂–∏—Ç–∏–∏).

–ü–æ–¥—Ä–æ–±–Ω–µ–µ –æ –ø–æ—Å–µ–ª–µ–Ω–∏–∏ –í—ã –º–æ–∂–µ—Ç–µ —É–∑–Ω–∞—Ç—å –Ω–∞ –Ω–∞—à–µ–º —Å–∞–π—Ç–µ https://urfu.ru/ru/students/social/campus/"
49,–ì–¥–µ –º–æ–∂–Ω–æ –ø–æ—Å–º–æ—Ç—Ä–µ—Ç—å —Å–ø–∏—Å–∫–∏ –∑–∞—á–∏—Å–ª–µ–Ω–Ω—ã—Ö –ø—Ä–æ—à–ª–æ–≥–æ –≥–æ–¥–∞? –•–æ—á–µ—Ç—Å—è –æ—Ü–µ–Ω–∏—Ç—å —Å–≤–æ–∏ —à–∞–Ω—Å—ã –ø–æ—Å—Ç—É–ø–∏—Ç—å –Ω–∞ –ê–ò–ò –ø—Ä–∏ 240 –±–∞–ª–ª–∞—Ö,"–í –ø—Ä–æ—à–ª–æ–º –≥–æ–¥—É 240 –±–∞–ª–ª–æ–≤ –±—ã–ª –ø—Ä–æ—Ö–æ–¥–Ω–æ–π –Ω–∞ –ê–ò–ò –Ω–∞ –±—é–¥–∂–µ—Ç. –ï—Å–ª–∏ –≤—ã —Ö–æ—Ç–∏—Ç–µ –ø–æ—Å–º–æ—Ç—Ä–µ—Ç—å –∫–æ–Ω–∫—É—Ä—Å–Ω—ã–µ —Å–ø–∏—Å–∫–∏ –ø—Ä–æ—à–ª–æ–≥–æ –≥–æ–¥–∞, —Ç–æ –ø–æ–ø—Ä–æ–±—É–π—Ç–µ –ø–æ—Å–º–æ—Ç—Ä–µ—Ç—å –∏—Ö —á–µ—Ä–µ–∑ —Å–∞–π—Ç wayback machine, –≤—Å—Ç–∞–≤—å—Ç–µ —Å—Å—ã–ª–∫—É –Ω–∞ –∫–æ–Ω–∫—É—Ä—Å–Ω—ã–µ —Å–ø–∏—Å–∫–∏ –∏ –≤—ã–±–µ—Ä–∏—Ç–µ –Ω—É–∂–Ω—É—é –¥–∞—Ç—É

–ú–æ–∂–µ—Ç–µ –ø–æ—Å–º–æ—Ç—Ä–µ—Ç—å –ø—Ä–æ—Ö–æ–¥–Ω—ã–µ –±–∞–ª–ª—ã –∑–∞ –ø–æ—Å–ª–µ–¥–Ω–∏–µ –Ω–µ—Å–∫–æ–ª—å–∫–æ –ª–µ—Ç https://priem-rtf.urfu.ru/ru/passing-points/"
50,"–°–ø–∞—Å–∏–±–æ. –ê —Å–µ–π—á–∞—Å –∏–∑–≤–µ—Å—Ç–Ω–æ, –∫–∞–∫–æ–π –ø—Ä–æ—Ü–µ–Ω—Ç –∞–±–∏—Ç—É—Ä–∏–µ–Ω—Ç–æ–≤ –ø–æ–¥–∞–ª–∏ —É–∂–µ –æ—Ä–∏–≥–∏–Ω–∞–ª—ã? –° 25 –∏—é–ª—è –ø–æ 3 –∞–≤–≥—É—Å—Ç–∞, —Å–∏–ª—å–Ω—ã–µ –∏–∑–º–µ–Ω–µ–Ω–∏—è –≤ —Å–ø–∏—Å–∫–∞—Ö –∂–¥–∞—Ç—å? –ü—Ä–æ—Å—Ç–æ –¥–æ –º–∏–Ω–∏–º–∞–ª—å–Ω–æ–≥–æ –±–∞–ª–ª–∞ —Å–µ–π—á–∞—Å 20 —á–µ–ª–æ–≤–µ–∫. –†–µ–∞–ª—å–Ω–æ, —á—Ç–æ –ø–æ—Å—Ç—É–ø–∏—à—å –∏–ª–∏ –Ω–µ—Ç?","–ü—Ä–æ—Ü–µ–Ω—Ç –∞–±–∏—Ç—É—Ä–∏–µ–Ω—Ç–æ–≤, –ø–æ–¥–∞–≤—à–∏—Ö –æ—Ä–∏–≥–∏–Ω–∞–ª—ã,  –ª—É—á—à–µ —Å–º–æ—Ç—Ä–µ—Ç—å, –∫–æ–≥–¥–∞ –∑–∞–∫–æ–Ω—á–∏—Ç—Å—è –ø—Ä–∏—ë–º –ø–æ –æ–±—â–µ–º—É –∫–æ–Ω–∫—É—Ä—Å—É"
51,–ü—Ä–æ —Å—Ä–µ–¥–Ω–∏–π –±–∞–ª–ª —Ç–æ–∂–µ —Ö–æ—Ç–µ–ª–æ—Å—å –±—ã —É–∑–Ω–∞—Ç—å. –û—Å–æ–±–µ–Ω–Ω–æ –≤–æ–ª–Ω—É–µ—Ç –ø—Ä–æ–≥—Ä–∞–º–º–Ω–∞—è –∏–Ω–∂–µ–Ω–µ—Ä–∏—è.,"–°—Ä–µ–¥–Ω–∏–π –±–∞–ª–ª –Ω–∞ –±—é–¥–∂–µ—Ç –≤ 2023 –≥–æ–¥—É –Ω–∞ 09 –Ω–∞–ø—Ä–∞–≤–ª–µ–Ω–∏—è - –ò–Ω—Ñ–æ—Ä–º–∞—Ç–∏–∫–∞ –∏ –≤—ã—á–∏—Å–ª–∏—Ç–µ–ª—å–Ω–∞—è —Ç–µ—Ö–Ω–∏–∫–∞ - 80,49 –ê–ª–≥–æ—Ä–∏—Ç–º—ã –∏—Å–∫—É—Å—Å—Ç–≤–µ–Ω–Ω–æ–≥–æ –∏–Ω—Ç–µ–ª–ª–µ–∫—Ç–∞ - 81,4 –ü—Ä–∏–∫–ª–∞–¥–Ω–∞—è –∏–Ω—Ñ–æ—Ä–º–∞—Ç–∏–∫–∞ - 80,2 –ü—Ä–æ–≥—Ä–∞–º–º–Ω–∞—è –∏–Ω–∂–µ–Ω–µ—Ä–∏—è 86,1"
52,"–µ—Å–ª–∏ —É –º–µ–Ω—è 1500+ –º–µ—Å—Ç–æ, –∏ —Å–¥–∞–ª –æ—Ä–∏–≥–∏–Ω–∞–ª –¥–æ–∫—É–º–µ–Ω—Ç–∞,–ï—Å—Ç—å –ª–∏ —à–∞–Ω—Å—ã –Ω–∞ –ø–æ—Å—Ç—É–ø–ª–µ–Ω–∏–µ –Ω–∞ –±—é–¥–∂–µ—Ç?","–ù–µ–≤–æ–∑–º–æ–∂–Ω–æ –æ—Ü–µ–Ω–∏—Ç—å —à–∞–Ω—Å—ã –ø–æ—Å—Ç—É–ø–ª–µ–Ω–∏—è –Ω–∞ –±—é–¥–∂–µ—Ç. –ï—Å–ª–∏ –≤—ã —É–∂–µ –ø–æ–¥–∞–ª–∏ –æ—Ä–∏–≥–∏–Ω–∞–ª—ã –¥–æ–∫—É–º–µ–Ω—Ç–æ–≤, —Ç–æ –æ—Ç—Å–ª–µ–∂–∏–≤–∞–π—Ç–µ —Å–≤–æ—ë –º–µ—Å—Ç–æ –Ω–µ –≤ —Å–ø–∏—Å–∫–∞—Ö –ø–æ –∫–æ–ø–∏—è–º, –∞ –≤ —Å–ø–∏—Å–∫–∞—Ö –ø–æ –æ—Ä–∏–≥–∏–Ω–∞–ª–∞–º. "
53,"–î–æ–±—Ä—ã–π –¥–µ–Ω—å, —Ö–æ—Ç–µ–ª —É—Ç–æ—á–Ω–∏—Ç—å , –≤ –∫–∞–∫–∏–µ –¥–Ω–∏ —Ä–∞–±–æ—Ç–∞–µ—Ç –ø—Ä–∏–µ–º–Ω–∞—è –∫–æ–º–∏—Å—Å–∏—è?",–†–∞–±–æ—á–∏–µ –¥–Ω–∏ –ø—Ä–∏–º–µ–Ω–æ–π –∫–æ–º–∏—Å—Å–∏–∏ –º–æ–∂–Ω–æ –ø–æ—Å–º–æ—Ç—Ä–µ—Ç—å –ø–æ —ç—Ç–æ–π —Å—Å—ã–ª–∫–µ https://urfu.ru/ru/applicant/contacts/
54,–ê —Ö–æ—Ä–æ—à–∏–µ –±–∞–ª–ª—ã —ç—Ç–æ —Å–∫–æ–ª—å–∫–æ? –ö–∞–∫ —Å–æ—Ä–∏–µ–Ω—Ç–∏—Ä–æ–≤–∞—Ç—å—Å—è? 248 —ç—Ç–æ —Ö–æ—Ä–æ—à–∏–µ?,"–ë–∞–ª–ª—ã –Ω–µ–ø–ª–æ—Ö–∏–µ, –Ω–æ –Ω–µ –¥–ª—è –≤—Å–µ—Ö –ø—Ä–æ–≥—Ä–∞–º–º. –®–∞–Ω—Å—ã –ø–æ—Å—Ç—É–ø–∏—Ç—å –Ω–∞ –±—é–¥–∂–µ—Ç –µ—Å—Ç—å. 

–ú–æ–∂–µ—Ç–µ –ø–æ—Å–º–æ—Ç—Ä–µ—Ç—å –ø—Ä–æ—Ö–æ–¥–Ω—ã–µ –±–∞–ª–ª—ã –∑–∞ –ø–æ—Å–ª–µ–¥–Ω–∏–µ –Ω–µ—Å–∫–æ–ª—å–∫–æ –ª–µ—Ç https://priem-rtf.urfu.ru/ru/passing-points/"
55,"–ó–¥—Ä–∞–≤—Å—Ç–≤—É–π—Ç–µ, –µ—Å–ª–∏ —É–∂–µ –Ω–µ –ø—Ä–æ—à—ë–ª –ø–æ –±—é–¥–∂–µ—Ç—É –∏ —Ä–µ—à–∏–ª—Å—è –Ω–∞ –ø–ª–∞—Ç–Ω–æ–µ, —Ç–æ –∫–∞–∫ —É–∑–Ω–∞—Ç—å –º–∏–Ω –±–∞–ª–ª –∏ –µ—Å—Ç—å –ª–∏ –º–µ—Å—Ç–æ?","–ù–∞ –Ω–µ–∫–æ—Ç–æ—Ä—ã–µ –ø—Ä–æ–≥—Ä–∞–º–º—ã –æ–±—è–∑–∞—Ç–µ–ª—å–Ω—ã–π –º–∏–Ω–∏–º—É–º 170. –ù–∞ –æ—Å—Ç–∞–ª—å–Ω—ã–µ –Ω–µ–æ–±—Ö–æ–¥–∏–º–æ –Ω–∞–±—Ä–∞—Ç—å –º–∏–Ω–∏–º–∞–ª—å–Ω—ã–µ –±–∞–ª–ª—ã, –≤—ã–¥–≤–∏–Ω—É—Ç—ã–µ –ú–∏–Ω–∏—Å—Ç–µ—Ä—Å—Ç–≤–æ–º. –ù–∞ –ø–ª–∞—Ç–Ω—É—é –æ—Å–Ω–æ–≤—É –±–µ—Ä–µ–º –≤—Å–µ—Ö –∂–µ–ª–∞—é—â–∏—Ö, –∫—Ç–æ –Ω–∞–±—Ä–∞–ª –æ–±—è–∑–∞—Ç–µ–ª—å–Ω—ã–π –º–∏–Ω–∏–º—É–º.

–¢–æ—á–Ω—É—é –∏–Ω—Ñ–æ—Ä–º–∞—Ü–∏—é –æ –ø–ª–∞—Ç–Ω–æ–º –æ–±—É—á–µ–Ω–∏–∏ –º–æ–∂–Ω–æ –Ω–∞–π—Ç–∏ –Ω–∞ —Å–∞–π—Ç–µ —É—Ä—Ñ—É –≤ —Ä–∞–∑–¥–µ–ª–µ ""–ü–ª–∞—Ç–Ω—ã–µ –æ–±—Ä–∞–∑–æ–≤–∞—Ç–µ–ª—å–Ω—ã–µ —É—Å–ª—É–≥–∏"" https://urfu.ru/sveden/paidedu/"
56,–ü—Ä–æ—Ö–æ–¥–Ω–æ–π –±–∞–ª–ª –ø—Ä–æ—à–ª–æ–≥–æ –≥–æ–¥–∞?,–ú–æ–∂–µ—Ç–µ –ø–æ—Å–º–æ—Ç—Ä–µ—Ç—å –ø—Ä–æ—Ö–æ–¥–Ω—ã–µ –±–∞–ª–ª—ã –∑–∞ –ø–æ—Å–ª–µ–¥–Ω–∏–µ –Ω–µ—Å–∫–æ–ª—å–∫–æ –ª–µ—Ç https://priem-rtf.urfu.ru/ru/passing-points/
57,"–ó–¥—Ä–∞–≤—Å—Ç–≤—É–π—Ç–µ. –ò–∑–≤–∏–Ω–∏—Ç–µ, –µ—Å–ª–∏ —É–∂–µ –ø–∏—Å–∞–ª–∏ (–Ω–µ –Ω–∞—à–ª–∞), –∞ –µ—Å—Ç—å –∫–∞–∫–æ–π-—Ç–æ –ø—Ä–æ–≥–Ω–æ–∑ –Ω–∞ 29 –Ω–∞–ø—Ä–∞–≤–ª–µ–Ω–∏–µ? –ê —Ç–æ –±–∞–ª–ª –≤—ã—Ä–æ—Å —É–∂–µ –Ω–∞ 21.... (–ø–æ —Å—Ä–∞–≤–Ω–µ–Ω–∏—é —Å –ø—Ä–æ—à–ª—ã–º –≥–æ–¥–æ–º)",–ù–µ–≤–æ–∑–º–æ–∂–Ω–æ –æ—Ü–µ–Ω–∏—Ç—å —à–∞–Ω—Å—ã –ø–æ—Å—Ç—É–ø–ª–µ–Ω–∏—è –∏ —Å–ø—Ä–æ–≥–Ω–æ–∑–∏—Ä–æ–≤–∞—Ç—å –±–∞–ª–ª—ã.
58,–æ—Ç —Å–∫–æ–ª—å–∫–∏ –±–∞–ª–ª–æ–≤ –ø–æ –º–∞—Ç–µ–º–∞—Ç–∏–∫–µ –±—É–¥–µ—Ç –ø—Ä–∏–æ—Ä–∏—Ç–µ—Ç –ø—Ä–∏ –≤—ã–±–æ—Ä–µ ?,"–ë—É–¥–µ—Ç —Ä–∞–Ω–∂–∏—Ä–æ–≤–∞–Ω–∏–µ –ø–æ –±–∞–ª–ª–∞–º –ï–ì–≠. –ë—É–¥–µ—Ç –ø—Ä–µ–¥–ª–æ–∂–µ–Ω –≤—ã–±–æ—Ä –ø–æ —Ç—Ä—ë–º —É—Ä–æ–≤–Ω—è–º –æ–±—É—á–µ–Ω–∏—è: –ü—Ä–æ–¥–≤–∏–Ω—É—Ç—ã–π 85+ –±–∞–ª–ª–æ–≤, –æ—Å–Ω–æ–≤–Ω–æ–π –∏ –±–∞–∑–æ–≤—ã–π (—Å –ø–æ—Ä–æ–≥–æ–≤—ã–º–∏ –±–∞–ª–ª–∞–º–∏). –ï—Å–ª–∏ —Å—Ç—É–¥–µ–Ω—Ç —Å—á–∏—Ç–∞–µ—Ç, —á—Ç–æ –µ–≥–æ —É—Ä–æ–≤–µ–Ω—å –≤—ã—à–µ, —á–µ–º –±—ã–ª–∏ –ø–æ–ª—É—á–µ–Ω—ã –±–∞–ª–ª—ã –∏–ª–∏, –Ω–∞–æ–±–æ—Ä–æ—Ç, –≤—ã—Å–æ–∫–∏–µ –±–∞–ª–ª—ã –±—ã–ª–∏ –ø–æ–ª—É—á–µ–Ω—ã —Å–ª—É—á–∞–π–Ω–æ, —Ç–æ –±—É–¥–µ—Ç –ø—Ä–µ–¥–ª–æ–∂–µ–Ω–æ —Å–æ–±–µ—Å–µ–¥–æ–≤–∞–Ω–∏–µ –Ω–∞ —Ç–æ—Ç —É—Ä–æ–≤–µ–Ω—å, –Ω–∞ –∫–æ—Ç–æ—Ä–æ–º –æ–Ω —Å–µ–±—è —Ö–æ—Ç–µ–ª –±—ã –≤–∏–¥–µ—Ç—å. –£—Ä–æ–≤–Ω–∏ –æ–±—É—á–µ–Ω–∏—è –º–∞—Ç–µ–º–∞—Ç–∏–∫–∏ –ø—Ä–æ–¥—É–º–∞–Ω—ã —Ç–∞–∫, —á—Ç–æ–±—ã —Å—Ç—É–¥–µ–Ω—Ç—ã —Å –ø–æ—Ä–æ–≥–æ–≤—ã–º–∏ –±–∞–ª–ª–∞–º–∏ —Å–º–æ–≥–ª–∏ –ø–æ–¥—Ç—è–Ω—É—Ç—å –¥–æ–ø–æ–ª–Ω–∏—Ç–µ–ª—å–Ω–æ —à–∫–æ–ª—å–Ω—É—é –º–∞—Ç–µ–º–∞—Ç–∏–∫—É. –ê –≤—ã—Å–æ–∫–æ–±–∞–ª–ª—å–Ω–∏–∫–∏ —É–∂–µ –º–æ–≥–ª–∏ –±—ã –ø–æ–ø—Ä–æ–±–æ–≤–∞—Ç—å —Ä–µ—à–∞—Ç—å –º–µ–∂–¥–∏—Å—Ü–∏–ø–ª–∏–Ω–∞—Ä–Ω—ã–µ –∑–∞–¥–∞—á–∏."
59,"–ó–¥—Ä–∞–≤—Å—Ç–≤—É–π—Ç–µ! –ù–∞ –∞–ª–≥–æ—Ä–∏—Ç–º—ã –ò–ò –Ω–∞ –∫–æ–Ω—Ç—Ä–∞–∫—Ç, –Ω—É–∂–Ω–æ –æ–ø—Ä–µ–¥–µ–ª–µ–Ω–Ω–æ–µ –∫–æ–ª–∏—á–µ—Å—Ç–≤–æ –±–∞–ª–ª–æ–≤?",–ú–∏–Ω–∏–º–∞–ª—å–Ω—ã–π –±–∞–ª–ª –Ω–∞ –∫–æ–Ω—Ç—Ä–∞–∫—Ç–Ω—É—é –æ—Å–Ω–æ–≤—É –Ω–∞ –ê–ª–≥–æ—Ä–∏—Ç–º—ã –∏—Å–∫—É—Å—Å—Ç–≤–µ–Ω–Ω–æ–≥–æ –∏–Ω—Ç–µ–ª–ª–µ–∫—Ç–∞ 170 –±–∞–ª–ª–æ–≤. 
60,"–ó–¥—Ä–∞–≤—Å—Ç–≤—É–π—Ç–µ, –µ—Å–ª–∏ –º—ã –ø–æ–¥–∞–¥–∏–º –Ω–∞ –∫–æ–Ω—Ç—Ä–∞–∫—Ç, —Ç–æ –º–µ–Ω—è –∏—Å–∫–ª—é—á–∞—Ç –∏–∑ —Å–ø–∏—Å–∫–∞ –∫–æ–Ω–∫—É—Ä—Å–∞ –Ω–∞ –±—é–¥–∂–µ—Ç–Ω–æ–π –æ—Å–Ω–æ–≤–µ?","–î–∞–∂–µ –ø–æ—Å–ª–µ —Ç–æ–≥–æ, –∫–∞–∫ –∞–±–∏—Ç—É—Ä–∏–µ–Ω—Ç –ø–æ–¥–ø–∏—à–µ—Ç –¥–æ–≥–æ–≤–æ—Ä —Å¬†–≤—É–∑–æ–º, –µ–≥–æ –Ω–µ¬†–∏—Å–∫–ª—é—á–∞—é—Ç –∏–∑¬†—Å–ø–∏—Å–∫–∞ –ø—Ä–µ—Ç–µ–Ω–¥–µ–Ω—Ç–æ–≤ –Ω–∞¬†–±—é–¥–∂–µ—Ç, –æ–Ω¬†–≤–ø—Ä–∞–≤–µ –∏¬†–¥–∞–ª—å—à–µ —É—á–∞—Å—Ç–≤–æ–≤–∞—Ç—å –≤¬†–∫–æ–Ω–∫—É—Ä—Å–µ.
–ï—Å–ª–∏ –∞–±–∏—Ç—É—Ä–∏–µ–Ω—Ç –ø—Ä–æ–π–¥–µ—Ç –ø–æ¬†–∫–æ–Ω–∫—É—Ä—Å—É –Ω–∞¬†–±—é–¥–∂–µ—Ç, –Ω—É–∂–Ω–æ —Ä–∞—Å—Ç–æ—Ä–≥–Ω—É—Ç—å –¥–æ–≥–æ–≤–æ—Ä –æ¬†–ø–ª–∞—Ç–Ω–æ–º –æ–±—É—á–µ–Ω–∏–∏: –æ–±—Ä–∞—Ç–∏—Ç—å—Å—è –≤¬†–ø—Ä–∏–µ–º–Ω—É—é –∫–æ–º–∏—Å—Å–∏—é –≤—É–∑–∞ —Å¬†–∑–∞—è–≤–ª–µ–Ω–∏–µ–º –æ¬†—Ä–∞—Å—Ç–æ—Ä–∂–µ–Ω–∏–∏ –¥–æ–≥–æ–≤–æ—Ä–∞.
–û–¥–Ω–∞–∫–æ –ª—É—á—à–µ –¥–æ–∂–¥–∞—Ç—å—Å—è –∫–æ–Ω—Ü–∞ –∫–æ–Ω–∫—É—Ä—Å–∞, –∏, –µ—Å–ª–∏ –≤—ã –Ω–µ –ø—Ä–æ–π–¥–µ—Ç–µ –Ω–∞ –±—é–¥–∂–µ—Ç –Ω–∏ –ø–æ –æ–¥–Ω–æ–º—É –∏–∑ –ø—Ä–∏–æ—Ä–∏—Ç–µ—Ç–æ–≤, –ø—Ä–∏–µ–¥–∏—Ç–µ –∫ –Ω–∞–º –∏ –æ—Ñ–æ—Ä–º–∏–º –∫–æ–Ω—Ç—Ä–∞–∫—Ç.

–¢–æ—á–Ω—É—é –∏–Ω—Ñ–æ—Ä–º–∞—Ü–∏—é –æ –ø–ª–∞—Ç–Ω–æ–º –æ–±—É—á–µ–Ω–∏–∏ –º–æ–∂–Ω–æ –Ω–∞–π—Ç–∏ –Ω–∞ —Å–∞–π—Ç–µ —É—Ä—Ñ—É –≤ —Ä–∞–∑–¥–µ–ª–µ ""–ü–ª–∞—Ç–Ω—ã–µ –æ–±—Ä–∞–∑–æ–≤–∞—Ç–µ–ª—å–Ω—ã–µ —É—Å–ª—É–≥–∏"" https://urfu.ru/sveden/paidedu/"
61,"–ó–¥—Ä–∞–≤—Å—Ç–≤—É–π—Ç–µ, –ø–æ–¥—Å–∫–∞–∂–∏—Ç–µ, –ø–æ–∂–∞–ª—É–π—Å—Ç–∞, —Ä–∞–Ω–µ–µ –≥–æ–≤–æ—Ä–∏–ª–∏, —á—Ç–æ –Ω–∞ —Å–ø–µ—Ü–∏–∞–ª–∏—Ç–µ—Ç, –µ—Å–ª–∏ –æ—Ç –ú–∏–Ω–æ–±–æ—Ä–æ–Ω—ã –±—É–¥—É—Ç –Ω–µ –≤—Å–µ –º–µ—Å—Ç–∞ –∑–∞–Ω—è—Ç—ã, —Ç–æ –æ–Ω–∏ –ø–µ—Ä–µ–π–¥—É—Ç –≤ –æ–±—â–∏–π –∫–æ–Ω–∫—É—Ä—Å –Ω–∞ –±—é–¥–∂–µ—Ç. –°–µ–π—á–∞—Å –Ω–∞ —Å–∞–π—Ç–µ —É–∫–∞–∑–∞–Ω–æ, —á—Ç–æ –Ω–∞ —Å–ø–µ—Ü–∏–∞–ª–∏—Ç–µ—Ç 20 –±—é–¥–∂–µ—Ç–Ω—ã—Ö –º–µ—Å—Ç, —ç—Ç–æ —É–∂–µ —Å –æ—Å–≤–æ–±–æ–¥–∏–≤—à–∏–º–∏—Å—è —Ü–µ–ª–µ–≤—ã–º–∏ –º–µ—Å—Ç–∞–º–∏? –ò–ª–∏ –µ—Å—Ç—å –µ—â—ë –≤–æ–∑–º–æ–∂–Ω–æ—Å—Ç—å —É–≤–µ–ª–∏—á–µ–Ω–∏—è –±—é–¥–∂–µ—Ç–Ω—ã—Ö –º–µ—Å—Ç?","–£–∫–∞–∑–∞–Ω–Ω—ã–µ 20 –º–µ—Å—Ç –Ω–∞ —Å–∞–π—Ç–µ - —ç—Ç–æ –≤—Å–µ –¥–æ—Å—Ç—É–ø–Ω—ã–µ –±—é–¥–∂–µ—Ç–Ω—ã–µ –º–µ—Å—Ç–∞. –ù–∞ —Ü–µ–ª–µ–≤–æ–µ –æ–±—É—á–µ–Ω–∏–µ –±—ã–ª–∏ –∑–∞–Ω—è—Ç—ã –≤—Å–µ –º–µ—Å—Ç–∞, –ø–æ—ç—Ç–æ–º—É –±—é–¥–∂–µ—Ç–Ω—ã–µ –º–µ—Å—Ç–∞ –Ω–µ —É–≤–µ–ª–∏—á–∏–ª–∏—Å—å."
62,"–î–æ–±—Ä—ã–π –≤–µ—á–µ—Ä! –ú–æ—è –¥–æ—á–∫–∞ –º–µ—á—Ç–∞–µ—Ç –ø–æ—Å—Ç—É–ø–∏—Ç—å –Ω–∞ –†–¢–§. –ü–æ–¥—Å–∫–∞–∂–∏—Ç–µ –ø–æ–∂–∞–ª—É–π—Å—Ç–∞, –∫–æ–≥–¥–∞ –ø–ª–∞–Ω–∏—Ä—É–µ—Ç—Å—è ""–î–µ–Ω—å –æ—Ç–∫—Ä—ã—Ç—ã—Ö –¥–≤–µ—Ä–µ–π""? –•–æ—Ç–µ–ª–æ—Å—å –±—ã –ø–æ–∑–Ω–∞–∫–æ–º–∏—Ç—å—Å—è) –∏ –∑–∞–¥–∞—Ç—å –∫—É—á–∫—É –≤–æ–ø—Ä–æ—Å–æ–≤.","–ü–µ—Ä–≤—ã–µ –¥–Ω–∏ –æ—Ç–∫—Ä—ã—Ç—ã—Ö –¥–≤–µ—Ä–µ–π –ø—Ä–∏—ë–º–Ω–æ–π –∫–æ–º–∏—Å—Å–∏–∏ –±—É–¥—É—Ç –≤ —Å–µ—Ä–µ–¥–∏–Ω–µ —è–Ω–≤–∞—Ä—è. –í –∫–æ–Ω—Ü–µ —Ñ–µ–≤—Ä–∞–ª—è –≤ —Ä–∞–º–∫–∞—Ö –¥–Ω—è —Ä–æ–∂–¥–µ–Ω–∏—è –ò–†–ò–¢-–†–¢–§ –±—É–¥–µ—Ç –Ω–∞—à –¥–µ–Ω—å –æ—Ç–∫—Ä—ã—Ç—ã—Ö –¥–≤–µ—Ä–µ–π ""–í—Å–µ–ª–µ–Ω–Ω–∞—è –ò–†–ò–¢-–†–¢–§ "". 

–°–ª–µ–¥–∏—Ç–µ –∑–∞ –Ω–æ–≤–æ—Å—Ç–æ—è–º–∏ –Ω–∞ —Å–∞–π—Ç–µ –ò–†–ò–¢-–†–¢–§ https://rtf.urfu.ru/ru/ –∏ –Ω–∞ —Å–∞–π—Ç–µ –£—Ä–§–£ https://urfu.ru/ru/applicant/open-days/"
63,"–∑–¥—Ä–∞–≤—Å—Ç–≤—É–π—Ç–µ, –∞ –∫–æ–≥–¥–∞ –Ω–∞—á–∏–Ω–∞—é—Ç—Å—è –≤—Å—Ç—É–ø–∏—Ç–µ–ª—å–Ω—ã–µ —ç–∫–∑–∞–º–µ–Ω—ã –¥–ª—è –≥—Ä–∞–∂–¥–∞–Ω –¥—Ä—É–≥–∏—Ö —Å—Ç—Ä–∞–Ω —Å–Ω–≥?","–í—Å–µ –≤—Å—Ç—É–ø–∏—Ç–µ–ª—å–Ω—ã–µ —ç–∫–∑–∞–º–µ–Ω—ã, –≤ —Ç–æ–º —á–∏—Å–ª–µ –¥–ª—è –∏–Ω–æ—Å—Ç—Ä–∞–Ω–Ω—ã—Ö –≥—Ä–∞–∂–¥–∞–Ω –Ω–∞—á–∏–Ω–∞—é—Ç—Å—è 1 –∏—é–ª—è. 

–ü–æ–¥—Ä–æ–±–Ω–∞—è –∏–Ω—Ñ–æ—Ä–º–∞—Ü–∏—è –æ –ø–æ—Å—Ç—É–ø–ª–µ–Ω–∏–∏ –¥–ª—è –∏–Ω–æ—Å—Ç—Ä–∞–Ω–Ω—ã—Ö –∞–±–∏—Ç—É—Ä–∏–µ–Ω—Ç–æ–≤ https://urfu.ru/ru/international/int-admission/ 
–ü–æ–¥—Ä–æ–±–Ω–∞—è –∏–Ω—Ñ–æ—Ä–º–∞—Ü–∏—è –æ –≤—Å—Ç—É–ø–∏—Ç–µ–ª—å–Ω—ã—Ö —ç–∫–∑–∞–º–µ–Ω–∞—Ö https://urfu.ru/ru/applicant/docs-abiturient/exams/"
64,–ó–¥—Ä–∞–≤—Å—Ç–≤—É–π—Ç–µ! –ì–¥–µ –º–æ–∂–Ω–æ –Ω–∞–π—Ç–∏ –≤—Å—Ç—É–ø–∏—Ç–µ–ª—å–Ω—ã–µ —ç–∫–∑–∞–º–µ–Ω—ã –ø—Ä–æ—à–ª—ã—Ö –ª–µ—Ç?,–î–ª—è –¥–æ—Å—Ç—É–ø–∞ –∫ –¥–µ–º–æ-–≤–∞—Ä–∏–∞–Ω—Ç–∞–º –≤—Å—Ç—É–ø–∏—Ç–µ–ª—å–Ω—ã—Ö –∏—Å–ø—ã—Ç–∞–Ω–∏–π –∏ –º–∞—Ç–µ—Ä–∏–∞–ª–∞–º –¥–ª—è —Å–∞–º–æ—Å—Ç–æ—è—Ç–µ–ª—å–Ω–æ–π –ø–æ–¥–≥–æ—Ç–æ–≤–∫–∏ –∑–∞—Ä–µ–≥–∏—Å—Ç—Ä–∏—Ä—É–π—Ç–µ—Å—å –Ω–∞ —Å–∞–π—Ç–µ school.urfu.ru.
65,"–ò –∫–∞–∫ –ø—Ä–æ—Ö–æ–¥–∏—Ç —Å–¥–∞—á–∞ –≤—Å—Ç—É–ø–∏—Ç–µ–ª—å–Ω—ã—Ö —ç–∫–∑–∞–º–µ–Ω–æ–≤, –µ—Å–ª–∏ —è –≤—ã–ø—É—Å–Ω–∏–∫ –∫–æ–ª–ª–µ–¥–∂–∞ (–£–ü–ö-–ú–¶–ö)?",–í—Å—è –∏–Ω—Ñ–æ—Ä–º–∞—Ü–∏—è –¥–ª—è –ø–æ—Å—Ç—É–ø–∞—é—â–∏—Ö –ø–æ—Å–ª–µ –∫–æ–ª–ª–µ–¥–∂–∞ –µ—Å—Ç—å –Ω–∞ —Å–∞–π—Ç–µ –£—Ä–§–£ https://urfu.ru/priemurfu/articles/urfu-posle-kolledzha –∏ –Ω–∞ —Å–∞–π—Ç–µ –∏—Ä–∏—Ç-—Ä—Ç—Ñ https://priem-rtf.urfu.ru/colledj/. –≠–∫–∑–∞–º–µ–Ω—ã –ø—Ä–æ—Ö–æ–¥—è—Ç –¥–∏—Å—Ç–∞–Ω—Ü–∏–æ–Ω–Ω–æ —Å –∞—Å–∏–Ω—Ö—Ä–æ–Ω–Ω—ã–º –ø—Ä–æ–∫—Ç–æ—Ä–∏–Ω–≥–æ–º.
66,"–ó–¥—Ä–∞–≤—Å—Ç–≤—É–π—Ç–µ, –≥–¥–µ –º–æ–∂–Ω–æ –ø–æ—Å–º–æ—Ç—Ä–µ—Ç—å –∫–æ–Ω–∫—É—Ä—Å–Ω—ã–µ —Å–ø–∏—Å–∫–∏? –Ω–∞ —Å–∞–π—Ç–µ –Ω–µ –Ω–∞—à–µ–ª. –¢–æ—á–Ω–µ–µ –Ω–∞—à–µ–ª, –Ω–æ —á—Ç–æ —Ç–æ —Å—Ç—Ä–∞–Ω–Ω–æ–µ",–ö–æ–Ω–∫—É—Ä—Å–Ω—ã–µ —Å–ø–∏—Å–∫–∏ –Ω–∞—Ö–æ–¥—Ç—Å—è –Ω–∞ –æ—Ñ–∏—Ü–∏–∞–ª—å–Ω–æ–º —Å–∞–π—Ç–µ –£—Ä–§–£ https://urfu.ru/ru/applicant/lists/
67,"–ó–¥—Ä–∞–≤—Å—Ç–≤—É–π—Ç–µ, –ø–æ–¥—Å–∫–∞–∂–∏—Ç–µ, –∞ –±—É–¥—É—Ç –ª–∏ –∫–æ–Ω–∫—É—Ä—Å–Ω—ã–µ —Å–ø–∏—Å–∫–∏ –∫–æ–Ω–∫—Ä–µ—Ç–Ω–æ –ø–æ –†–¢–§?",–ö–æ–Ω–∫—É—Ä—Å–Ω—ã–µ —Å–ø–∏—Å–∫–∏ –Ω–∞—Ö–æ–¥—è—Ç—Å—è –Ω–∞ –æ—Ñ–∏—Ü–∏–∞–ª—å–Ω–æ–º —Å–∞–π—Ç–µ –£—Ä–§–£ https://urfu.ru/ru/applicant/lists/
68,"–î–æ–±—Ä–æ–µ —É—Ç—Ä–æ, –ø–æ–¥—Å–∫–∞–∂–∏—Ç–µ –ø–∂–ª—Å—Ç , –∫–æ–Ω–∫—É—Ä—Å–Ω—ã–µ —Å–ø–∏—Å–∫–∏ –∫–∞–∫ –Ω–∞–π—Ç–∏ –Ω–∞ —Å–∞–π—Ç–µ? –ò—Ö —É–∂–µ –ø—É–±–ª–∏–∫—É—é—Ç? –ò–ª–∏ –∫–æ–≥–¥–∞ –±—É–¥—É—Ç –ø—É–±–ª–∏–∫–æ–≤–∞—Ç—å?",–ö–æ–Ω–∫—É—Ä—Å–Ω—ã–µ —Å–ø–∏—Å–∫–∏ –Ω–∞—Ö–æ–¥—è—Ç—Å—è –Ω–∞ –æ—Ñ–∏—Ü–∏–∞–ª—å–Ω–æ–º —Å–∞–π—Ç–µ –£—Ä–§–£ https://urfu.ru/ru/applicant/lists/
69,–°–∫–æ–ª—å–∫–æ —Ä–∞–∑ –≤ –¥–µ–Ω—å –ø–æ—Å–ª–µ 28 –∏—é–ª—è –±—É–¥–µ—Ç –æ–±–Ω–æ–≤–ª—è—Ç—å—Å—è –∫–æ–Ω–∫—É—Ä—Å–Ω—ã–π —Å–ø–∏—Å–æ–∫?,"–°—Ä–æ–∫ –æ–±—Ä–∞–±–æ—Ç–∫–∏ –∑–∞—è–≤–ª–µ–Ω–∏—è —Å–æ—Å—Ç–∞–≤–ª—è–µ—Ç –¥–æ 5 —Ä–∞–±–æ—á–∏—Ö –¥–Ω–µ–π, —Å–ø–∏—Å–∫–∏ –Ω–∞ —Å–∞–π—Ç–µ –æ–±–Ω–æ–≤–ª—è—é—Ç—Å—è –µ–∂–µ–¥–Ω–µ–≤–Ω–æ –≤ –ø–æ—Å—Ç–µ–ø–µ–Ω–Ω–æ–π —Ñ–æ—Ä–º–µ. –ü–æ –í–∞—à–µ–º—É –≤–æ–ø—Ä–æ—Å—É –í—ã —Ç–∞–∫–∂–µ –º–æ–∂–µ—Ç–µ –æ–±—Ä–∞—Ç–∏—Ç—å—Å—è –≤ –æ—Ç–±–æ—Ä–æ—á–Ω—É—é –∫–æ–º–∏—Å—Å–∏—é –í–∞—à–µ–≥–æ –∏–Ω—Å—Ç–∏—Ç—É—Ç–∞: +7 (343) 375-93-71,  rtf.priem@urfu.ru, l.v.sergeeva@urfu.ru –∏–ª–∏ –≤ –ø—Ä–∏–µ–º–Ω—É—é –∫–æ–º–∏—Å—Å–∏—é –£—Ä–§–£: priem@urfu.ru"
70,–ö–∞–∫–∏–µ –Ω–∞–ø—Ä–∞–≤–ª–µ–Ω–∏—è –ø–æ–¥–≥–æ—Ç–æ–≤–∫–∏ –ø—Ä–µ–¥–ª–∞–≥–∞–µ—Ç –ò–†–ò–¢-–†–¢–§?,"–ò–†–ò–¢-–†–¢–§ –ø—Ä–µ–¥–ª–∞–≥–∞–µ—Ç —Å–ª–µ–¥—É—é—â–∏–µ –ø—Ä–æ–≥—Ä–∞–º–º—ã: –ë–∞–∫–∞–ª–∞–≤—Ä–∏–∞—Ç: –ò–Ω—Ñ–æ—Ä–º–∞—Ç–∏–∫–∞ –∏ –≤—ã—á–∏—Å–ª–∏—Ç–µ–ª—å–Ω–∞—è —Ç–µ—Ö–Ω–∏–∫–∞ (241 –±–∞–ª–ª, 120 –±—é–¥–∂–µ—Ç–Ω—ã—Ö –º–µ—Å—Ç) –ü—Ä–∏–∫–ª–∞–¥–Ω–∞—è –∏–Ω—Ñ–æ—Ä–º–∞—Ç–∏–∫–∞ (247 –±–∞–ª–ª–æ–≤, 102 –±—é–¥–∂–µ—Ç–Ω—ã—Ö –º–µ—Å—Ç–∞) –ü—Ä–æ–≥—Ä–∞–º–º–Ω–∞—è –∏–Ω–∂–µ–Ω–µ—Ä–∏—è (244 –±–∞–ª–ª–∞, 230 –±—é–¥–∂–µ—Ç–Ω—ã—Ö –º–µ—Å—Ç) –ò–Ω—Ñ–æ—Ä–º–∞—Ü–∏–æ–Ω–Ω–∞—è –±–µ–∑–æ–ø–∞—Å–Ω–æ—Å—Ç—å (239 –±–∞–ª–ª–æ–≤, 101 –±—é–¥–∂–µ—Ç–Ω–æ–µ –º–µ—Å—Ç–æ) –†–∞–¥–∏–æ—Ç–µ—Ö–Ω–∏–∫–∞ (184 –±–∞–ª–ª–∞, 50 –±—é–¥–∂–µ—Ç–Ω—ã—Ö –º–µ—Å—Ç) –ò–Ω—Ñ–æ–∫–æ–º–º—É–Ω–∏–∫–∞—Ü–∏–æ–Ω–Ω—ã–µ —Ç–µ—Ö–Ω–æ–ª–æ–≥–∏–∏ (217 –±–∞–ª–ª–æ–≤, 50 –±—é–¥–∂–µ—Ç–Ω—ã—Ö –º–µ—Å—Ç) –ö–æ–Ω—Å—Ç—Ä—É–∏—Ä–æ–≤–∞–Ω–∏–µ –∏ —Ç–µ—Ö–Ω–æ–ª–æ–≥–∏—è —ç–ª–µ–∫—Ç—Ä–æ–Ω–Ω—ã—Ö —Å—Ä–µ–¥—Å—Ç–≤ (184 –±–∞–ª–ª–∞, 50 –±—é–¥–∂–µ—Ç–Ω—ã—Ö –º–µ—Å—Ç) –£–ø—Ä–∞–≤–ª–µ–Ω–∏–µ –≤ —Ç–µ—Ö–Ω–∏—á–µ—Å–∫–∏—Ö —Å–∏—Å—Ç–µ–º–∞—Ö (217 –±–∞–ª–ª–æ–≤, 50 –±—é–¥–∂–µ—Ç–Ω—ã—Ö –º–µ—Å—Ç) –¢–µ—Ö–Ω–æ–ª–æ–≥–∏—è –ø–æ–ª–∏–≥—Ä–∞—Ñ–∏—á–µ—Å–∫–æ–≥–æ –∏ —É–ø–∞–∫–æ–≤–æ—á–Ω–æ–≥–æ –ø—Ä–æ–∏–∑–≤–æ–¥—Å—Ç–≤–∞ (182 –±–∞–ª–ª–∞, 45 –±—é–¥–∂–µ—Ç–Ω—ã—Ö –º–µ—Å—Ç) –°–ø–µ—Ü–∏–∞–ª–∏—Ç–µ—Ç: –ò–Ω—Ñ–æ—Ä–º–∞—Ü–∏–æ–Ω–Ω–∞—è –±–µ–∑–æ–ø–∞—Å–Ω–æ—Å—Ç—å —Ç–µ–ª–µ–∫–æ–º–º—É–Ω–∏–∫–∞—Ü–∏–æ–Ω–Ω—ã—Ö —Å–∏—Å—Ç–µ–º (222 –±–∞–ª–ª–∞, 55 –±—é–¥–∂–µ—Ç–Ω—ã—Ö –º–µ—Å—Ç) –ò–Ω—Ñ–æ—Ä–º–∞—Ü–∏–æ–Ω–Ω–æ-–∞–Ω–∞–ª–∏—Ç–∏—á–µ—Å–∫–∏–µ —Å–∏—Å—Ç–µ–º—ã –±–µ–∑–æ–ø–∞—Å–Ω–æ—Å—Ç–∏ (224 –±–∞–ª–ª–∞, 62 –±—é–¥–∂–µ—Ç–Ω—ã—Ö –º–µ—Å—Ç–∞) –†–∞–¥–∏–æ—ç–ª–µ–∫—Ç—Ä–æ–Ω–Ω—ã–µ —Å–∏—Å—Ç–µ–º—ã –∏ –∫–æ–º–ø–ª–µ–∫—Å—ã (173 –±–∞–ª–ª–∞, 50 –±—é–¥–∂–µ—Ç–Ω—ã—Ö –º–µ—Å—Ç)"
71,–ö–∞–∫–∏–µ –≤—Å—Ç—É–ø–∏—Ç–µ–ª—å–Ω—ã–µ –∏—Å–ø—ã—Ç–∞–Ω–∏—è –Ω–µ–æ–±—Ö–æ–¥–∏–º–æ —Å–¥–∞—Ç—å –¥–ª—è –ø–æ—Å—Ç—É–ø–ª–µ–Ω–∏—è –Ω–∞ –ò–†–ò–¢-–†–¢–§?,–î–ª—è –ø–æ—Å—Ç—É–ø–ª–µ–Ω–∏—è –Ω—É–∂–Ω—ã —Å–ª–µ–¥—É—é—â–∏–µ —ç–∫–∑–∞–º–µ–Ω—ã: –û–±—è–∑–∞—Ç–µ–ª—å–Ω—ã–µ: –ú–∞—Ç–µ–º–∞—Ç–∏–∫–∞ (–ø—Ä–æ—Ñ–∏–ª—å) ‚Äî –º–∏–Ω–∏–º–∞–ª—å–Ω—ã–π –±–∞–ª–ª 39 –†—É—Å—Å–∫–∏–π —è–∑—ã–∫ ‚Äî –º–∏–Ω–∏–º–∞–ª—å–Ω—ã–π –±–∞–ª–ª 40 –ù–∞ –≤—ã–±–æ—Ä (–≤ –∑–∞–≤–∏—Å–∏–º–æ—Å—Ç–∏ –æ—Ç –Ω–∞–ø—Ä–∞–≤–ª–µ–Ω–∏—è): –ò–Ω—Ñ–æ—Ä–º–∞—Ç–∏–∫–∞ –∏ –ò–ö–¢ ‚Äî –º–∏–Ω–∏–º–∞–ª—å–Ω—ã–π –±–∞–ª–ª 44 –§–∏–∑–∏–∫–∞ ‚Äî –º–∏–Ω–∏–º–∞–ª—å–Ω—ã–π –±–∞–ª–ª 39 –ö–æ–Ω–∫—Ä–µ—Ç–Ω—ã–µ —Ç—Ä–µ–±–æ–≤–∞–Ω–∏—è –ø–æ –Ω–∞–ø—Ä–∞–≤–ª–µ–Ω–∏—è–º —Å–º–æ—Ç—Ä–∏—Ç–µ –Ω–∞ —Å–∞–π—Ç–µ –ø—Ä–∏–µ–º–Ω–æ–π –∫–æ–º–∏—Å—Å–∏–∏ –ò–†–ò–¢-–†–¢–§.
72,–ö–∞–∫–æ–π –ø—Ä–æ—Ö–æ–¥–Ω–æ–π –±–∞–ª–ª –Ω–∞ –±—é–¥–∂–µ—Ç–Ω—ã–µ –º–µ—Å—Ç–∞ –Ω–∞ –Ω–∞–ø—Ä–∞–≤–ª–µ–Ω–∏—è –ò–†–ò–¢-–†–¢–§ –≤ –ø–æ—Å–ª–µ–¥–Ω–∏–µ –≥–æ–¥—ã?,–ü—Ä–æ—Ö–æ–¥–Ω—ã–µ –±–∞–ª–ª—ã –≤ 2024 –≥–æ–¥—É: –ò–Ω—Ñ–æ—Ä–º–∞—Ç–∏–∫–∞ –∏ –≤—ã—á–∏—Å–ª–∏—Ç–µ–ª—å–Ω–∞—è —Ç–µ—Ö–Ω–∏–∫–∞ ‚Äî 241 –ü—Ä–∏–∫–ª–∞–¥–Ω–∞—è –∏–Ω—Ñ–æ—Ä–º–∞—Ç–∏–∫–∞ ‚Äî 247 –ü—Ä–æ–≥—Ä–∞–º–º–Ω–∞—è –∏–Ω–∂–µ–Ω–µ—Ä–∏—è ‚Äî 244 –ò–Ω—Ñ–æ—Ä–º–∞—Ü–∏–æ–Ω–Ω–∞—è –±–µ–∑–æ–ø–∞—Å–Ω–æ—Å—Ç—å ‚Äî 239 –†–∞–¥–∏–æ—Ç–µ—Ö–Ω–∏–∫–∞ ‚Äî 184 –ò–Ω—Ñ–æ–∫–æ–º–º—É–Ω–∏–∫–∞—Ü–∏–æ–Ω–Ω—ã–µ —Ç–µ—Ö–Ω–æ–ª–æ–≥–∏–∏ ‚Äî 217 –ö–æ–Ω—Å—Ç—Ä—É–∏—Ä–æ–≤–∞–Ω–∏–µ –∏ —Ç–µ—Ö–Ω–æ–ª–æ–≥–∏—è —ç–ª–µ–∫—Ç—Ä–æ–Ω–Ω—ã—Ö —Å—Ä–µ–¥—Å—Ç–≤ ‚Äî 184 –£–ø—Ä–∞–≤–ª–µ–Ω–∏–µ –≤ —Ç–µ—Ö–Ω–∏—á–µ—Å–∫–∏—Ö —Å–∏—Å—Ç–µ–º–∞—Ö ‚Äî 217 –¢–µ—Ö–Ω–æ–ª–æ–≥–∏—è –ø–æ–ª–∏–≥—Ä–∞—Ñ–∏—á–µ—Å–∫–æ–≥–æ –∏ —É–ø–∞–∫–æ–≤–æ—á–Ω–æ–≥–æ –ø—Ä–æ–∏–∑–≤–æ–¥—Å—Ç–≤–∞ ‚Äî 182
73,–ö–∞–∫ –ò–†–ò–¢-–†–¢–§ –ø–æ–¥–¥–µ—Ä–∂–∏–≤–∞–µ—Ç –Ω–∞—É—á–Ω—ã–µ –∏—Å—Å–ª–µ–¥–æ–≤–∞–Ω–∏—è —Å—Ä–µ–¥–∏ —Å—Ç—É–¥–µ–Ω—Ç–æ–≤?,–ò–†–ò–¢-–†–¢–§ –ø—Ä–µ–¥–æ—Å—Ç–∞–≤–ª—è–µ—Ç: –£—á–∞—Å—Ç–∏–µ –≤ –≥—Ä–∞–Ω—Ç–∞—Ö –∏ –Ω–∞—É—á–Ω—ã—Ö –ø—Ä–æ–µ–∫—Ç–∞—Ö –ù–∞—É—á–Ω—ã–µ –∫–æ–Ω—Ñ–µ—Ä–µ–Ω—Ü–∏–∏ –∏ —Å–µ–º–∏–Ω–∞—Ä—ã –î–æ—Å—Ç—É–ø –∫ —Å–æ–≤—Ä–µ–º–µ–Ω–Ω—ã–º –ª–∞–±–æ—Ä–∞—Ç–æ—Ä–∏—è–º –°—Ç—É–¥–µ–Ω—Ç—ã –º–æ–≥—É—Ç –ø—É–±–ª–∏–∫–æ–≤–∞—Ç—å –∏—Å—Å–ª–µ–¥–æ–≤–∞–Ω–∏—è –∏ –ø–æ–ª—É—á–∞—Ç—å –ø–æ–¥–¥–µ—Ä–∂–∫—É –¥–ª—è –∏—Ö —Ä–µ–∞–ª–∏–∑–∞—Ü–∏–∏.
74,–ö–∞–∫–∏–µ –≤–æ–∑–º–æ–∂–Ω–æ—Å—Ç–∏ –¥–ª—è —Ç—Ä—É–¥–æ—É—Å—Ç—Ä–æ–π—Å—Ç–≤–∞ —Å—É—â–µ—Å—Ç–≤—É—é—Ç —É —Å—Ç—É–¥–µ–Ω—Ç–æ–≤ –ò–†–ò–¢-–†–¢–§?,"–ò–†–ò–¢-–†–¢–§ —Å–æ—Ç—Ä—É–¥–Ω–∏—á–∞–µ—Ç —Å –≤–µ–¥—É—â–∏–º–∏ –∫–æ–º–ø–∞–Ω–∏—è–º–∏: –°–ö–ë –ö–æ–Ω—Ç—É—Ä, –Ø–Ω–¥–µ–∫—Å, –¢–∏–Ω—å–∫–æ—Ñ—Ñ, Naumen, –ê–ª—å—Ñ–∞-–ë–∞–Ω–∫, Kaspersky Lab –∏ –¥—Ä—É–≥–∏–µ. –°—Ç—É–¥–µ–Ω—Ç—ã –ø—Ä–æ—Ö–æ–¥—è—Ç —Å—Ç–∞–∂–∏—Ä–æ–≤–∫–∏ –∏ –ø—Ä–∞–∫—Ç–∏–∫–∏ –≤ —ç—Ç–∏—Ö –∫–æ–º–ø–∞–Ω–∏—è—Ö, —á—Ç–æ —É–≤–µ–ª–∏—á–∏–≤–∞–µ—Ç —à–∞–Ω—Å—ã –Ω–∞ —Ç—Ä—É–¥–æ—É—Å—Ç—Ä–æ–π—Å—Ç–≤–æ."
75,–ö–∞–∫–∏–µ –ø—Ä–æ–≥—Ä–∞–º–º—ã –ø–æ–¥–¥–µ—Ä–∂–∫–∏ –ø–µ—Ä–≤–æ–∫—É—Ä—Å–Ω–∏–∫–æ–≤ –µ—Å—Ç—å –≤ –ò–†–ò–¢-–†–¢–§?,–ò–†–ò–¢-–†–¢–§ –æ—Ä–≥–∞–Ω–∏–∑—É–µ—Ç –∞–¥–∞–ø—Ç–∞—Ü–∏–æ–Ω–Ω—É—é –ø—Ä–æ–≥—Ä–∞–º–º—É: –í–≤–æ–¥–Ω—ã–µ –ª–µ–∫—Ü–∏–∏ –∏ —ç–∫—Å–∫—É—Ä—Å–∏–∏ –ø–æ –∫–∞–º–ø—É—Å—É –í—Å—Ç—Ä–µ—á–∏ —Å –∫—É—Ä–∞—Ç–æ—Ä–∞–º–∏ –∏ –Ω–∞—Å—Ç–∞–≤–Ω–∏–∫–∞–º–∏ –ú–µ—Ä–æ–ø—Ä–∏—è—Ç–∏–µ ¬´–ù–µ–¥–µ–ª—è –ø–µ—Ä–≤–æ–∫—É—Ä—Å–Ω–∏–∫–∞¬ª –¥–ª—è –∑–Ω–∞–∫–æ–º—Å—Ç–≤–∞ —Å –æ–¥–Ω–æ–≥—Ä—É–ø–ø–Ω–∏–∫–∞–º–∏
76,–ö–∞–∫–∏–µ –∫—É—Ä—Å—ã –∏ –¥–æ–ø–æ–ª–Ω–∏—Ç–µ–ª—å–Ω—ã–µ –≤–æ–∑–º–æ–∂–Ω–æ—Å—Ç–∏ –¥–æ—Å—Ç—É–ø–Ω—ã —Å—Ç—É–¥–µ–Ω—Ç–∞–º –ò–†–ò–¢-–†–¢–§?,"–°—Ç—É–¥–µ–Ω—Ç—ã –ò–†–ò–¢-–†–¢–§ –º–æ–≥—É—Ç –ø—Ä–æ—Ö–æ–¥–∏—Ç—å –∫—É—Ä—Å—ã –ø–æ–≤—ã—à–µ–Ω–∏—è –∫–≤–∞–ª–∏—Ñ–∏–∫–∞—Ü–∏–∏, –∏–∑—É—á–∞—Ç—å —Å–æ–≤—Ä–µ–º–µ–Ω–Ω—ã–µ IT-—Ç–µ—Ö–Ω–æ–ª–æ–≥–∏–∏, —Ç–∞–∫–∏–µ –∫–∞–∫ –º–∞—à–∏–Ω–Ω–æ–µ –æ–±—É—á–µ–Ω–∏–µ –∏ –∫–∏–±–µ—Ä–±–µ–∑–æ–ø–∞—Å–Ω–æ—Å—Ç—å, –∞ —Ç–∞–∫–∂–µ —É—á–∞—Å—Ç–≤–æ–≤–∞—Ç—å –≤ –º–µ–∂–¥—É–Ω–∞—Ä–æ–¥–Ω—ã—Ö –æ–±–º–µ–Ω–Ω—ã—Ö –ø—Ä–æ–≥—Ä–∞–º–º–∞—Ö."
77,–ü—Ä–µ–¥–æ—Å—Ç–∞–≤–ª—è–µ—Ç –ª–∏ –ò–†–ò–¢-–†–¢–§ –æ–±—â–µ–∂–∏—Ç–∏—è –¥–ª—è –∏–Ω–æ–≥–æ—Ä–æ–¥–Ω–∏—Ö —Å—Ç—É–¥–µ–Ω—Ç–æ–≤?,"–î–∞, –∏–Ω—Å—Ç–∏—Ç—É—Ç –ø—Ä–µ–¥–æ—Å—Ç–∞–≤–ª—è–µ—Ç –æ–±—â–µ–∂–∏—Ç–∏—è –¥–ª—è –∏–Ω–æ–≥–æ—Ä–æ–¥–Ω–∏—Ö —Å—Ç—É–¥–µ–Ω—Ç–æ–≤. –û–±—â–µ–∂–∏—Ç–∏—è –Ω–∞—Ö–æ–¥—è—Ç—Å—è —Ä—è–¥–æ–º —Å –∫–∞–º–ø—É—Å–æ–º –∏ –æ–±–µ—Å–ø–µ—á–µ–Ω—ã –Ω–µ–æ–±—Ö–æ–¥–∏–º—ã–º–∏ —É—Å–ª–æ–≤–∏—è–º–∏ –¥–ª—è –∫–æ–º—Ñ–æ—Ä—Ç–Ω–æ–≥–æ –ø—Ä–æ–∂–∏–≤–∞–Ω–∏—è."
78,–ú–æ–∂–Ω–æ –ª–∏ –ø–µ—Ä–µ–≤–µ—Å—Ç–∏—Å—å —Å –ø–ª–∞—Ç–Ω–æ–≥–æ –æ–±—É—á–µ–Ω–∏—è –Ω–∞ –±—é–¥–∂–µ—Ç –ø—Ä–∏ —Ö–æ—Ä–æ—à–µ–π —É—Å–ø–µ–≤–∞–µ–º–æ—Å—Ç–∏?,"–î–∞, —Å—Ç—É–¥–µ–Ω—Ç—ã –º–æ–≥—É—Ç –ø–µ—Ä–µ–π—Ç–∏ –Ω–∞ –±—é–¥–∂–µ—Ç –ø—Ä–∏ –Ω–∞–ª–∏—á–∏–∏ –≤—ã—Å–æ–∫–∏—Ö –∞–∫–∞–¥–µ–º–∏—á–µ—Å–∫–∏—Ö —Ä–µ–∑—É–ª—å—Ç–∞—Ç–æ–≤ –∏ –≤–∞–∫–∞–Ω—Ç–Ω—ã—Ö –º–µ—Å—Ç. –¢—Ä–µ–±–æ–≤–∞–Ω–∏—è –∫ –ø–µ—Ä–µ–≤–æ–¥—É —Ä–∞–∑–º–µ—â–µ–Ω—ã –Ω–∞ —Å–∞–π—Ç–µ –ò–†–ò–¢-–†–¢–§."
79,–ö–∞–∫–∏–µ –∫—Ä—É–∂–∫–∏ –∏ —Å–µ–∫—Ü–∏–∏ –¥–æ—Å—Ç—É–ø–Ω—ã –¥–ª—è —Å—Ç—É–¥–µ–Ω—Ç–æ–≤ –ò–†–ò–¢-–†–¢–§?,"–°—Ç—É–¥–µ–Ω—Ç—ã –º–æ–≥—É—Ç —É—á–∞—Å—Ç–≤–æ–≤–∞—Ç—å –≤ —Ä–∞–∑–ª–∏—á–Ω—ã—Ö –æ–±—ä–µ–¥–∏–Ω–µ–Ω–∏—è—Ö: IT-–∫–ª—É–±—ã, —Ç–µ–∞—Ç—Ä–∞–ª—å–Ω—ã–µ –∏ –º—É–∑—ã–∫–∞–ª—å–Ω—ã–µ –∫—Ä—É–∂–∫–∏ –°–ø–æ—Ä—Ç–∏–≤–Ω—ã–µ —Å–µ–∫—Ü–∏–∏ (–≤–æ–ª–µ–π–±–æ–ª, —Ñ—É—Ç–±–æ–ª, –±–∞—Å–∫–µ—Ç–±–æ–ª –∏ –¥—Ä—É–≥–∏–µ) –°–ø–∏—Å–æ–∫ –¥–æ—Å—Ç—É–ø–Ω—ã—Ö –∫—Ä—É–∂–∫–æ–≤ –∏ —Å–µ–∫—Ü–∏–π –Ω–∞—Ö–æ–¥–∏—Ç—Å—è –Ω–∞ —Å–∞–π—Ç–µ –ò–†–ò–¢-–†–¢–§."
80,–ö–∞–∫–∏–µ —Å—Ç–∏–ø–µ–Ω–¥–∏–∏ –¥–æ—Å—Ç—É–ø–Ω—ã —Å—Ç—É–¥–µ–Ω—Ç–∞–º –ò–†–ò–¢-–†–¢–§ –∏ –∫–∞–∫ –∏—Ö –ø–æ–ª—É—á–∏—Ç—å?,"–°—Ç—É–¥–µ–Ω—Ç—ã –ò–†–ò–¢-–†–¢–§ –º–æ–≥—É—Ç –ø—Ä–µ—Ç–µ–Ω–¥–æ–≤–∞—Ç—å –Ω–∞ –Ω–µ—Å–∫–æ–ª—å–∫–æ –≤–∏–¥–æ–≤ —Å—Ç–∏–ø–µ–Ω–¥–∏–π: –ì–æ—Å—É–¥–∞—Ä—Å—Ç–≤–µ–Ω–Ω–∞—è –∞–∫–∞–¥–µ–º–∏—á–µ—Å–∫–∞—è —Å—Ç–∏–ø–µ–Ω–¥–∏—è ‚Äî –∑–∞ —É—Å–ø–µ—à–Ω—É—é —É—á–µ–±—É (–Ω–∞–∑–Ω–∞—á–∞–µ—Ç—Å—è –ø—Ä–∏ –ø–æ—Å—Ç—É–ø–ª–µ–Ω–∏–∏ –Ω–∞ –±—é–¥–∂–µ—Ç). –ü–æ–≤—ã—à–µ–Ω–Ω–∞—è –∞–∫–∞–¥–µ–º–∏—á–µ—Å–∫–∞—è —Å—Ç–∏–ø–µ–Ω–¥–∏—è ‚Äî –¥–ª—è –æ—Ç–ª–∏—á–Ω–∏–∫–æ–≤. –ò–º–µ–Ω–Ω—ã–µ –∏ –∫–æ—Ä–ø–æ—Ä–∞—Ç–∏–≤–Ω—ã–µ —Å—Ç–∏–ø–µ–Ω–¥–∏–∏ ‚Äî –æ—Ç –ø–∞—Ä—Ç–Ω–µ—Ä–æ–≤ –∏–Ω—Å—Ç–∏—Ç—É—Ç–∞, –≤–∫–ª—é—á–∞—è —Å—Ç–∏–ø–µ–Ω–¥–∏–∏ –æ—Ç –Ø–Ω–¥–µ–∫—Å, Naumen, Kaspersky Lab. –°–æ—Ü–∏–∞–ª—å–Ω—ã–µ —Å—Ç–∏–ø–µ–Ω–¥–∏–∏ ‚Äî –¥–ª—è —Å—Ç—É–¥–µ–Ω—Ç–æ–≤ –∏–∑ –ª—å–≥–æ—Ç–Ω—ã—Ö –∫–∞—Ç–µ–≥–æ—Ä–∏–π."
81,–ï—Å—Ç—å –ª–∏ –≤–æ–∑–º–æ–∂–Ω–æ—Å—Ç—å –æ–±—É—á–µ–Ω–∏—è –ø–æ –ø—Ä–æ–≥—Ä–∞–º–º–∞–º –¥–≤–æ–π–Ω–æ–≥–æ –¥–∏–ø–ª–æ–º–∞?,"–î–∞, –ò–†–ò–¢-–†–¢–§ –ø—Ä–µ–¥–æ—Å—Ç–∞–≤–ª—è–µ—Ç –≤–æ–∑–º–æ–∂–Ω–æ—Å—Ç—å –ø–æ–ª—É—á–µ–Ω–∏—è –¥–≤–æ–π–Ω–æ–≥–æ –¥–∏–ø–ª–æ–º–∞. –°—Ç—É–¥–µ–Ω—Ç—ã –º–æ–≥—É—Ç –æ–±—É—á–∞—Ç—å—Å—è –æ–¥–Ω–æ–≤—Ä–µ–º–µ–Ω–Ω–æ –≤ –£—Ä–§–£ –∏ –∑–∞—Ä—É–±–µ–∂–Ω—ã—Ö —É–Ω–∏–≤–µ—Ä—Å–∏—Ç–µ—Ç–∞—Ö-–ø–∞—Ä—Ç–Ω–µ—Ä–∞—Ö, —Ç–∞–∫–∏—Ö –∫–∞–∫ —É–Ω–∏–≤–µ—Ä—Å–∏—Ç–µ—Ç—ã –ì–µ—Ä–º–∞–Ω–∏–∏, –§—Ä–∞–Ω—Ü–∏–∏ –∏ –ö–∏—Ç–∞—è. –ë–æ–ª–µ–µ –ø–æ–¥—Ä–æ–±–Ω–∞—è –∏–Ω—Ñ–æ—Ä–º–∞—Ü–∏—è –¥–æ—Å—Ç—É–ø–Ω–∞ –Ω–∞ —Å–∞–π—Ç–µ –∏–Ω—Å—Ç–∏—Ç—É—Ç–∞."
82,–°—É—â–µ—Å—Ç–≤—É—é—Ç –ª–∏ –∫—É—Ä—Å—ã –¥–ª—è –ø–æ–¥–≥–æ—Ç–æ–≤–∫–∏ –∫ –≤—Å—Ç—É–ø–∏—Ç–µ–ª—å–Ω—ã–º —ç–∫–∑–∞–º–µ–Ω–∞–º –≤ –ò–†–ò–¢-–†–¢–§?,"–ò–†–ò–¢-–†–¢–§ –æ—Ä–≥–∞–Ω–∏–∑—É–µ—Ç –ø–æ–¥–≥–æ—Ç–æ–≤–∏—Ç–µ–ª—å–Ω—ã–µ –∫—É—Ä—Å—ã –¥–ª—è –∞–±–∏—Ç—É—Ä–∏–µ–Ω—Ç–æ–≤ –ø–æ –º–∞—Ç–µ–º–∞—Ç–∏–∫–µ, –∏–Ω—Ñ–æ—Ä–º–∞—Ç–∏–∫–µ –∏ —Ñ–∏–∑–∏–∫–µ. –ö—É—Ä—Å—ã –ø–æ–º–æ–≥–∞—é—Ç —É–ª—É—á—à–∏—Ç—å —Ä–µ–∑—É–ª—å—Ç–∞—Ç—ã –ï–ì–≠ –∏ –ø–æ–¥–≥–æ—Ç–æ–≤–∏—Ç—å—Å—è –∫ –ø–æ—Å—Ç—É–ø–ª–µ–Ω–∏—é. –ó–∞–ø–∏—Å–∞—Ç—å—Å—è –º–æ–∂–Ω–æ –Ω–∞ —Å–∞–π—Ç–µ –∏–Ω—Å—Ç–∏—Ç—É—Ç–∞."
83,–ö–∞–∫–∏–µ —Å—Ç—É–¥–µ–Ω—á–µ—Å–∫–∏–µ –æ–±—ä–µ–¥–∏–Ω–µ–Ω–∏—è –µ—Å—Ç—å –≤ –ò–†–ò–¢-–†–¢–§?,"–í –ò–†–ò–¢-–†–¢–§ –¥–µ–π—Å—Ç–≤—É—é—Ç —Ä–∞–∑–ª–∏—á–Ω—ã–µ –æ–±—ä–µ–¥–∏–Ω–µ–Ω–∏—è: –ù–∞—É—á–Ω—ã–µ —Å–æ–æ–±—â–µ—Å—Ç–≤–∞ ‚Äî –¥–ª—è —É–≥–ª—É–±–ª–µ–Ω–Ω–æ–≥–æ –∏–∑—É—á–µ–Ω–∏—è –ø—Ä–µ–¥–º–µ—Ç–æ–≤. –í–æ–ª–æ–Ω—Ç–µ—Ä—Å–∫–∏–µ –æ–±—ä–µ–¥–∏–Ω–µ–Ω–∏—è ‚Äî —É—á–∞—Å—Ç–∏–µ –≤ —Å–æ—Ü–∏–∞–ª—å–Ω—ã—Ö –∏ —ç–∫–æ–ª–æ–≥–∏—á–µ—Å–∫–∏—Ö –ø—Ä–æ–µ–∫—Ç–∞—Ö. –°–ø–æ—Ä—Ç–∏–≤–Ω—ã–µ —Å–µ–∫—Ü–∏–∏ ‚Äî –ø–æ –≤–æ–ª–µ–π–±–æ–ª—É, –±–∞—Å–∫–µ—Ç–±–æ–ª—É, –±–µ–≥—É –∏ –¥—Ä. IT-–∫–ª—É–±—ã ‚Äî –ø–æ —Ä–∞–∑—Ä–∞–±–æ—Ç–∫–µ, –∫–∏–±–µ—Ä–±–µ–∑–æ–ø–∞—Å–Ω–æ—Å—Ç–∏, –º–∞—à–∏–Ω–Ω–æ–º—É –æ–±—É—á–µ–Ω–∏—é."
84,–ú–æ–∂–Ω–æ –ª–∏ –ø–æ–¥–∞—Ç—å –¥–æ–∫—É–º–µ–Ω—Ç—ã –æ–Ω–ª–∞–π–Ω –∏ –∫–∞–∫ —ç—Ç–æ —Å–¥–µ–ª–∞—Ç—å?,"–î–∞, –ø–æ–¥–∞—Ç—å –¥–æ–∫—É–º–µ–Ω—Ç—ã –º–æ–∂–Ω–æ —á–µ—Ä–µ–∑ –õ–∏—á–Ω—ã–π –∫–∞–±–∏–Ω–µ—Ç –∞–±–∏—Ç—É—Ä–∏–µ–Ω—Ç–∞ –Ω–∞ —Å–∞–π—Ç–µ –£—Ä–§–£. –ü–ª–∞—Ç—Ñ–æ—Ä–º–∞ –ø–æ–∑–≤–æ–ª—è–µ—Ç –∑–∞–≥—Ä—É–∂–∞—Ç—å –∫–æ–ø–∏–∏ –¥–æ–∫—É–º–µ–Ω—Ç–æ–≤, –æ—Ç—Å–ª–µ–∂–∏–≤–∞—Ç—å —Å—Ç–∞—Ç—É—Å –ø–æ–¥–∞—á–∏ –∏ –ø—Ä–æ–≤–µ—Ä—è—Ç—å —Ä–µ–∑—É–ª—å—Ç–∞—Ç—ã –∫–æ–Ω–∫—É—Ä—Å–∞."
85,–ö–∞–∫–æ–≤ –ø—Ä–æ—Ü–µ–Ω—Ç —Ç—Ä—É–¥–æ—É—Å—Ç—Ä–æ–π—Å—Ç–≤–∞ –≤—ã–ø—É—Å–∫–Ω–∏–∫–æ–≤ –ò–†–ò–¢-–†–¢–§?,"–ü–æ –¥–∞–Ω–Ω—ã–º –∏–Ω—Å—Ç–∏—Ç—É—Ç–∞, –æ–∫–æ–ª–æ 87% –≤—ã–ø—É—Å–∫–Ω–∏–∫–æ–≤ –Ω–∞—Ö–æ–¥—è—Ç —Ä–∞–±–æ—Ç—É –ø–æ —Å–ø–µ—Ü–∏–∞–ª—å–Ω–æ—Å—Ç–∏ –≤ —Ç–µ—á–µ–Ω–∏–µ –ø–æ–ª—É–≥–æ–¥–∞ –ø–æ—Å–ª–µ –æ–∫–æ–Ω—á–∞–Ω–∏—è –æ–±—É—á–µ–Ω–∏—è. –°—Ç—É–¥–µ–Ω—Ç—ã —á–∞—Å—Ç–æ —Ç—Ä—É–¥–æ—É—Å—Ç—Ä–∞–∏–≤–∞—é—Ç—Å—è –≤ –∫–æ–º–ø–∞–Ω–∏–∏-–ø–∞—Ä—Ç–Ω–µ—Ä—ã –ò–†–ò–¢-–†–¢–§, —Ç–∞–∫–∏–µ –∫–∞–∫ Naumen, –¢–∏–Ω—å–∫–æ—Ñ—Ñ, –°–ö–ë –ö–æ–Ω—Ç—É—Ä –∏ –Ø–Ω–¥–µ–∫—Å."
86,–ö–∞–∫–∏–µ –ª–∞–±–æ—Ä–∞—Ç–æ—Ä–∏–∏ –¥–æ—Å—Ç—É–ø–Ω—ã –¥–ª—è —Å—Ç—É–¥–µ–Ω—Ç–æ–≤ –ò–†–ò–¢-–†–¢–§?,–°—Ç—É–¥–µ–Ω—Ç—ã –ò–†–ò–¢-–†–¢–§ –∏–º–µ—é—Ç –¥–æ—Å—Ç—É–ø –∫ —Å–ª–µ–¥—É—é—â–∏–º –ª–∞–±–æ—Ä–∞—Ç–æ—Ä–∏—è–º: –õ–∞–±–æ—Ä–∞—Ç–æ—Ä–∏—è –∫–∏–±–µ—Ä–±–µ–∑–æ–ø–∞—Å–Ω–æ—Å—Ç–∏ –õ–∞–±–æ—Ä–∞—Ç–æ—Ä–∏—è –∏—Å–∫—É—Å—Å—Ç–≤–µ–Ω–Ω–æ–≥–æ –∏–Ω—Ç–µ–ª–ª–µ–∫—Ç–∞ –õ–∞–±–æ—Ä–∞—Ç–æ—Ä–∏—è —Ä–æ–±–æ—Ç–æ—Ç–µ—Ö–Ω–∏–∫–∏ –∏ –∞–≤—Ç–æ–º–∞—Ç–∏–∑–∞—Ü–∏–∏ –õ–∞–±–æ—Ä–∞—Ç–æ—Ä–∏—è —Ä–∞–¥–∏–æ—Ç–µ—Ö–Ω–∏–∫–∏ –∏ –∏–Ω—Ñ–æ–∫–æ–º–º—É–Ω–∏–∫–∞—Ü–∏–π –≠—Ç–∏ –ª–∞–±–æ—Ä–∞—Ç–æ—Ä–∏–∏ –æ—Å–Ω–∞—â–µ–Ω—ã —Å–æ–≤—Ä–µ–º–µ–Ω–Ω—ã–º –æ–±–æ—Ä—É–¥–æ–≤–∞–Ω–∏–µ–º –¥–ª—è –ø—Ä–æ–≤–µ–¥–µ–Ω–∏—è –∏—Å—Å–ª–µ–¥–æ–≤–∞–Ω–∏–π –∏ –≤—ã–ø–æ–ª–Ω–µ–Ω–∏—è –ø—Ä–∞–∫—Ç–∏—á–µ—Å–∫–∏—Ö —Ä–∞–±–æ—Ç.
87,–ú–æ–∂–Ω–æ –ª–∏ –≤ –ò–†–ò–¢-–†–¢–§ –ø–æ–ª—É—á–∏—Ç—å –ø–æ–º–æ—â—å –≤ —Ä–∞–∑—Ä–∞–±–æ—Ç–∫–µ —Å–æ–±—Å—Ç–≤–µ–Ω–Ω–æ–≥–æ —Å—Ç–∞—Ä—Ç–∞–ø–∞?,"–î–∞, –ò–†–ò–¢-–†–¢–§ –ø–æ–¥–¥–µ—Ä–∂–∏–≤–∞–µ—Ç —Å—Ç—É–¥–µ–Ω—Ç–æ–≤, –∂–µ–ª–∞—é—â–∏—Ö —Å–æ–∑–¥–∞—Ç—å —Å—Ç–∞—Ä—Ç–∞–ø—ã, —á–µ—Ä–µ–∑ –¶–µ–Ω—Ç—Ä –∏–Ω–Ω–æ–≤–∞—Ü–∏–π –∏ –ø—Ä–µ–¥–ø—Ä–∏–Ω–∏–º–∞—Ç–µ–ª—å—Å—Ç–≤–∞. –°—Ç—É–¥–µ–Ω—Ç—ã –ø–æ–ª—É—á–∞—é—Ç –ø–æ–º–æ—â—å –≤ —Å–æ—Å—Ç–∞–≤–ª–µ–Ω–∏–∏ –±–∏–∑–Ω–µ—Å-–ø–ª–∞–Ω–æ–≤, –¥–æ—Å—Ç—É–ø –∫ –∏–Ω–≤–µ—Å—Ç–∏—Ü–∏—è–º –∏ –º–µ–Ω—Ç–æ—Ä—Å–∫—É—é –ø–æ–¥–¥–µ—Ä–∂–∫—É –æ—Ç —ç–∫—Å–ø–µ—Ä—Ç–æ–≤ –∏–∑ –∏–Ω–¥—É—Å—Ç—Ä–∏–∏."
88,–ö–∞–∫–∏–µ —è–∑—ã–∫–∏ –º–æ–∂–Ω–æ –∏–∑—É—á–∞—Ç—å –¥–æ–ø–æ–ª–Ω–∏—Ç–µ–ª—å–Ω–æ –≤ –ò–†–ò–¢-–†–¢–§?,"–ü–æ–º–∏–º–æ –∞–Ω–≥–ª–∏–π—Å–∫–æ–≥–æ —è–∑—ã–∫–∞, –≤ –ò–†–ò–¢-–†–¢–§ —Å—Ç—É–¥–µ–Ω—Ç—ã –º–æ–≥—É—Ç –∏–∑—É—á–∞—Ç—å –Ω–µ–º–µ—Ü–∫–∏–π, —Ñ—Ä–∞–Ω—Ü—É–∑—Å–∫–∏–π, –∫–∏—Ç–∞–π—Å–∫–∏–π –∏ —è–ø–æ–Ω—Å–∫–∏–π —è–∑—ã–∫–∏. –ó–Ω–∞–Ω–∏–µ –¥–æ–ø–æ–ª–Ω–∏—Ç–µ–ª—å–Ω—ã—Ö —è–∑—ã–∫–æ–≤ –º–æ–∂–µ—Ç –±—ã—Ç—å –ø–æ–ª–µ–∑–Ω—ã–º –¥–ª—è —É—á–∞—Å—Ç–∏—è –≤ –º–µ–∂–¥—É–Ω–∞—Ä–æ–¥–Ω—ã—Ö –ø—Ä–æ–≥—Ä–∞–º–º–∞—Ö –∏ —Å—Ç–∞–∂–∏—Ä–æ–≤–∫–∞—Ö."
89,–ú–æ–∂–Ω–æ –ª–∏ –ø–æ–¥–∞—Ç—å –¥–æ–∫—É–º–µ–Ω—Ç—ã –Ω–∞ –Ω–µ—Å–∫–æ–ª—å–∫–æ —Å–ø–µ—Ü–∏–∞–ª—å–Ω–æ—Å—Ç–µ–π –æ–¥–Ω–æ–≤—Ä–µ–º–µ–Ω–Ω–æ –≤ –ò–†–ò–¢-–†–¢–§?,"–î–∞, –∞–±–∏—Ç—É—Ä–∏–µ–Ω—Ç—ã –º–æ–≥—É—Ç –ø–æ–¥–∞—Ç—å –¥–æ–∫—É–º–µ–Ω—Ç—ã —Å—Ä–∞–∑—É –Ω–∞ –Ω–µ—Å–∫–æ–ª—å–∫–æ –Ω–∞–ø—Ä–∞–≤–ª–µ–Ω–∏–π –ø–æ–¥–≥–æ—Ç–æ–≤–∫–∏, —á—Ç–æ–±—ã –ø–æ–≤—ã—Å–∏—Ç—å —Å–≤–æ–∏ —à–∞–Ω—Å—ã –Ω–∞ –∑–∞—á–∏—Å–ª–µ–Ω–∏–µ. –û–¥–Ω–∞–∫–æ —É—á–∏—Ç—ã–≤–∞–π—Ç–µ, —á—Ç–æ –¥–ª—è –∫–∞–∂–¥–æ–π —Å–ø–µ—Ü–∏–∞–ª—å–Ω–æ—Å—Ç–∏ –Ω–µ–æ–±—Ö–æ–¥–∏–º–æ —Å–æ–æ—Ç–≤–µ—Ç—Å—Ç–≤–æ–≤–∞—Ç—å –ø—Ä–æ—Ö–æ–¥–Ω—ã–º –±–∞–ª–ª–∞–º –∏ —Ç—Ä–µ–±–æ–≤–∞–Ω–∏—è–º –ø–æ –≤—Å—Ç—É–ø–∏—Ç–µ–ª—å–Ω—ã–º –∏—Å–ø—ã—Ç–∞–Ω–∏—è–º."
90,–ö–∞–∫–æ–π –æ–±—ä–µ–º —É—á–µ–±–Ω–æ–π –Ω–∞–≥—Ä—É–∑–∫–∏ –¥–ª—è —Å—Ç—É–¥–µ–Ω—Ç–æ–≤ –ò–†–ò–¢-–†–¢–§?,"–£—á–µ–±–Ω–∞—è –Ω–∞–≥—Ä—É–∑–∫–∞ –∑–∞–≤–∏—Å–∏—Ç –æ—Ç –Ω–∞–ø—Ä–∞–≤–ª–µ–Ω–∏—è –∏ —Ñ–æ—Ä–º—ã –æ–±—É—á–µ–Ω–∏—è. –í —Å—Ä–µ–¥–Ω–µ–º, —Å—Ç—É–¥–µ–Ω—Ç—ã –æ—á–Ω–æ–π —Ñ–æ—Ä–º—ã –ø–æ—Å–µ—â–∞—é—Ç –∑–∞–Ω—è—Ç–∏—è –æ–∫–æ–ª–æ 30-36 —á–∞—Å–æ–≤ –≤ –Ω–µ–¥–µ–ª—é, —Ç–∞–∫–∂–µ –Ω–µ–æ–±—Ö–æ–¥–∏–º–æ –¥–æ–ø–æ–ª–Ω–∏—Ç–µ–ª—å–Ω–æ–µ –≤—Ä–µ–º—è –¥–ª—è —Å–∞–º–æ—Å—Ç–æ—è—Ç–µ–ª—å–Ω–æ–π —Ä–∞–±–æ—Ç—ã –∏ –ø–æ–¥–≥–æ—Ç–æ–≤–∫–∏ –∫ —ç–∫–∑–∞–º–µ–Ω–∞–º."
91,–ö–∞–∫–∏–µ —è–∑—ã–∫–∏ –ø—Ä–æ–≥—Ä–∞–º–º–∏—Ä–æ–≤–∞–Ω–∏—è –∏–∑—É—á–∞—é—Ç —Å—Ç—É–¥–µ–Ω—Ç—ã –ò–†–ò–¢-–†–¢–§?,"–í –ò–†–ò–¢-–†–¢–§ —Å—Ç—É–¥–µ–Ω—Ç—ã –∏–∑—É—á–∞—é—Ç —à–∏—Ä–æ–∫–∏–π —Å–ø–µ–∫—Ç—Ä —è–∑—ã–∫–æ–≤ –ø—Ä–æ–≥—Ä–∞–º–º–∏—Ä–æ–≤–∞–Ω–∏—è, –≤–∫–ª—é—á–∞—è Python, Java, C++, JavaScript, –∞ —Ç–∞–∫–∂–µ —Å–ø–µ—Ü–∏–∞–ª–∏–∑–∏—Ä–æ–≤–∞–Ω–Ω—ã–µ —è–∑—ã–∫–∏ –¥–ª—è —Ä–∞–±–æ—Ç—ã —Å –±–∞–∑–∞–º–∏ –¥–∞–Ω–Ω—ã—Ö –∏ –≤ —Å—Ñ–µ—Ä–µ –∫–∏–±–µ—Ä–±–µ–∑–æ–ø–∞—Å–Ω–æ—Å—Ç–∏."
92,–ï—Å—Ç—å –ª–∏ –≤ –ò–†–ò–¢-–†–¢–§ –∫—É—Ä—Å—ã –ø–æ –∏—Å–∫—É—Å—Å—Ç–≤–µ–Ω–Ω–æ–º—É –∏–Ω—Ç–µ–ª–ª–µ–∫—Ç—É –∏ –º–∞—à–∏–Ω–Ω–æ–º—É –æ–±—É—á–µ–Ω–∏—é?,"–î–∞, –ò–†–ò–¢-–†–¢–§ –ø—Ä–µ–¥–ª–∞–≥–∞–µ—Ç –∫—É—Ä—Å—ã –ø–æ –∏—Å–∫—É—Å—Å—Ç–≤–µ–Ω–Ω–æ–º—É –∏–Ω—Ç–µ–ª–ª–µ–∫—Ç—É –∏ –º–∞—à–∏–Ω–Ω–æ–º—É –æ–±—É—á–µ–Ω–∏—é. –°—Ç—É–¥–µ–Ω—Ç—ã –∏–∑—É—á–∞—é—Ç –æ—Å–Ω–æ–≤—ã –Ω–µ–π—Ä–æ–Ω–Ω—ã—Ö —Å–µ—Ç–µ–π, –∞–ª–≥–æ—Ä–∏—Ç–º—ã –º–∞—à–∏–Ω–Ω–æ–≥–æ –æ–±—É—á–µ–Ω–∏—è –∏ —Ä–∞–±–æ—Ç—É —Å –±–æ–ª—å—à–∏–º–∏ –¥–∞–Ω–Ω—ã–º–∏, —á—Ç–æ –ø–æ–∑–≤–æ–ª—è–µ—Ç –∏–º –ø—Ä–∏–æ–±—Ä–µ—Ç–∞—Ç—å –∞–∫—Ç—É–∞–ª—å–Ω—ã–µ –Ω–∞–≤—ã–∫–∏ –≤ –æ–±–ª–∞—Å—Ç–∏ —Å–æ–≤—Ä–µ–º–µ–Ω–Ω—ã—Ö —Ç–µ—Ö–Ω–æ–ª–æ–≥–∏–π."
93,–ö–∞–∫–∏–µ —É—Å–ª–æ–≤–∏—è –ø–æ—Å—Ç—É–ø–ª–µ–Ω–∏—è –¥–ª—è –∏–Ω–æ—Å—Ç—Ä–∞–Ω–Ω—ã—Ö —Å—Ç—É–¥–µ–Ω—Ç–æ–≤ –≤ –ò–†–ò–¢-–†–¢–§?,–ò–Ω–æ—Å—Ç—Ä–∞–Ω–Ω—ã–µ —Å—Ç—É–¥–µ–Ω—Ç—ã –º–æ–≥—É—Ç –ø–æ—Å—Ç—É–ø–∞—Ç—å –ø–æ —Ä–µ–∑—É–ª—å—Ç–∞—Ç–∞–º –≤—Å—Ç—É–ø–∏—Ç–µ–ª—å–Ω—ã—Ö –∏—Å–ø—ã—Ç–∞–Ω–∏–π –∏–ª–∏ –Ω–∞ –æ—Å–Ω–æ–≤–µ —Å–æ–±–µ—Å–µ–¥–æ–≤–∞–Ω–∏—è –≤ –∑–∞–≤–∏—Å–∏–º–æ—Å—Ç–∏ –æ—Ç –ø—Ä–æ–≥—Ä–∞–º–º—ã. –ò–†–ò–¢-–†–¢–§ —Ç–∞–∫–∂–µ –ø—Ä–µ–¥–æ—Å—Ç–∞–≤–ª—è–µ—Ç –ø–æ–¥–≥–æ—Ç–æ–≤–∏—Ç–µ–ª—å–Ω—ã–µ –∫—É—Ä—Å—ã –¥–ª—è —É–ª—É—á—à–µ–Ω–∏—è —É—Ä–æ–≤–Ω—è —è–∑—ã–∫–∞ –∏ –±–∞–∑–æ–≤—ã—Ö –∑–Ω–∞–Ω–∏–π.
94,–ö–∞–∫ –æ—Ä–≥–∞–Ω–∏–∑–æ–≤–∞–Ω–æ –ø–∏—Ç–∞–Ω–∏–µ –¥–ª—è —Å—Ç—É–¥–µ–Ω—Ç–æ–≤ –ò–†–ò–¢-–†–¢–§?,"–ù–∞ —Ç–µ—Ä—Ä–∏—Ç–æ—Ä–∏–∏ –∫–∞–º–ø—É—Å–∞ –ò–†–ò–¢-–†–¢–§ –Ω–∞—Ö–æ–¥—è—Ç—Å—è —Å—Ç–æ–ª–æ–≤—ã–µ –∏ –∫–∞—Ñ–µ, –≥–¥–µ —Å—Ç—É–¥–µ–Ω—Ç—ã –º–æ–≥—É—Ç –ø—Ä–∏–æ–±—Ä–µ—Å—Ç–∏ –≥–æ—Ä—è—á–µ–µ –ø–∏—Ç–∞–Ω–∏–µ –ø–æ –¥–æ—Å—Ç—É–ø–Ω—ã–º —Ü–µ–Ω–∞–º. –ö—Ä–æ–º–µ —Ç–æ–≥–æ, —Ä—è–¥–æ–º —Å –∫–æ—Ä–ø—É—Å–æ–º –µ—Å—Ç—å —Ä–∞–∑–ª–∏—á–Ω—ã–µ –∫–∞—Ñ–µ –∏ –º–∞–≥–∞–∑–∏–Ω—ã."
95,–ú–æ–∂–Ω–æ –ª–∏ —É—á–∞—Å—Ç–≤–æ–≤–∞—Ç—å –≤ –º–µ–∂–¥—É–Ω–∞—Ä–æ–¥–Ω—ã—Ö —Å–æ—Ä–µ–≤–Ω–æ–≤–∞–Ω–∏—è—Ö –∏ —Ö–∞–∫–∞—Ç–æ–Ω–∞—Ö —á–µ—Ä–µ–∑ –ò–†–ò–¢-–†–¢–§?,"–î–∞, –ò–†–ò–¢-–†–¢–§ –ø–æ–¥–¥–µ—Ä–∂–∏–≤–∞–µ—Ç —É—á–∞—Å—Ç–∏–µ —Å—Ç—É–¥–µ–Ω—Ç–æ–≤ –≤ –º–µ–∂–¥—É–Ω–∞—Ä–æ–¥–Ω—ã—Ö —Å–æ—Ä–µ–≤–Ω–æ–≤–∞–Ω–∏—è—Ö, –∫–æ–Ω–∫—É—Ä—Å–∞—Ö –∏ —Ö–∞–∫–∞—Ç–æ–Ω–∞—Ö. –ò–Ω—Å—Ç–∏—Ç—É—Ç —Å–æ—Ç—Ä—É–¥–Ω–∏—á–∞–µ—Ç —Å —Ä–∞–∑–ª–∏—á–Ω—ã–º–∏ IT-–∫–æ–º–ø–∞–Ω–∏—è–º–∏ –∏ —Ñ–æ–Ω–¥–∞–º–∏, –∫–æ—Ç–æ—Ä—ã–µ –ø—Ä–æ–≤–æ–¥—è—Ç —Ç–∞–∫–∏–µ –º–µ—Ä–æ–ø—Ä–∏—è—Ç–∏—è, –∏ —Å–ø–æ—Å–æ–±—Å—Ç–≤—É–µ—Ç —É—á–∞—Å—Ç–∏—é —Å—Ç—É–¥–µ–Ω—Ç–æ–≤."
96,–ö–∞–∫–æ–π —Å—Ä–µ–¥–Ω–∏–π –ø—Ä–æ—Ö–æ–¥–Ω–æ–π –±–∞–ª–ª –Ω–∞ –±—é–¥–∂–µ—Ç–Ω—ã–µ –º–µ—Å—Ç–∞ –ø–æ –Ω–∞–ø—Ä–∞–≤–ª–µ–Ω–∏—é ¬´–ò–Ω—Ñ–æ—Ä–º–∞—Ç–∏–∫–∞ –∏ –≤—ã—á–∏—Å–ª–∏—Ç–µ–ª—å–Ω–∞—è —Ç–µ—Ö–Ω–∏–∫–∞¬ª?,–ü—Ä–æ—Ö–æ–¥–Ω–æ–π –±–∞–ª–ª –Ω–∞ –±—é–¥–∂–µ—Ç –ø–æ —ç—Ç–æ–º—É –Ω–∞–ø—Ä–∞–≤–ª–µ–Ω–∏—é —Å–æ—Å—Ç–∞–≤–∏–ª 241 –≤ 2024 –≥–æ–¥—É. –¢–æ—á–Ω—ã–µ –ø—Ä–æ—Ö–æ–¥–Ω—ã–µ –±–∞–ª–ª—ã –µ–∂–µ–≥–æ–¥–Ω–æ –≤–∞—Ä—å–∏—Ä—É—é—Ç—Å—è –≤ –∑–∞–≤–∏—Å–∏–º–æ—Å—Ç–∏ –æ—Ç –∫–æ–Ω–∫—É—Ä—Å–Ω–æ–π —Å–∏—Ç—É–∞—Ü–∏–∏.
97,–ö–∞–∫–æ–π —Å—Ä–µ–¥–Ω–∏–π –ø—Ä–æ—Ö–æ–¥–Ω–æ–π –±–∞–ª–ª –Ω–∞ –±—é–¥–∂–µ—Ç–Ω—ã–µ –º–µ—Å—Ç–∞ –ø–æ –Ω–∞–ø—Ä–∞–≤–ª–µ–Ω–∏—é ¬´–ü—Ä–∏–∫–ª–∞–¥–Ω–∞—è –∏–Ω—Ñ–æ—Ä–º–∞—Ç–∏–∫–∞¬ª?,–ü—Ä–æ—Ö–æ–¥–Ω–æ–π –±–∞–ª–ª –Ω–∞ –±—é–¥–∂–µ—Ç –ø–æ —ç—Ç–æ–º—É –Ω–∞–ø—Ä–∞–≤–ª–µ–Ω–∏—é —Å–æ—Å—Ç–∞–≤–∏–ª 247 –≤ 2024 –≥–æ–¥—É. –¢–æ—á–Ω—ã–µ –ø—Ä–æ—Ö–æ–¥–Ω—ã–µ –±–∞–ª–ª—ã –µ–∂–µ–≥–æ–¥–Ω–æ –∑–∞–≤–∏—Å—è—Ç –æ—Ç –∫–æ–ª–∏—á–µ—Å—Ç–≤–∞ –º–µ—Å—Ç –∏ –∫–æ–ª–∏—á–µ—Å—Ç–≤–∞ –∞–±–∏—Ç—É—Ä–∏–µ–Ω—Ç–æ–≤.
98,–ö–∞–∫–æ–π —Å—Ä–µ–¥–Ω–∏–π –ø—Ä–æ—Ö–æ–¥–Ω–æ–π –±–∞–ª–ª –Ω–∞ –±—é–¥–∂–µ—Ç–Ω—ã–µ –º–µ—Å—Ç–∞ –ø–æ –Ω–∞–ø—Ä–∞–≤–ª–µ–Ω–∏—é ¬´–ü—Ä–æ–≥—Ä–∞–º–º–Ω–∞—è –∏–Ω–∂–µ–Ω–µ—Ä–∏—è¬ª?,–ü—Ä–æ—Ö–æ–¥–Ω–æ–π –±–∞–ª–ª –Ω–∞ –±—é–¥–∂–µ—Ç –ø–æ —ç—Ç–æ–º—É –Ω–∞–ø—Ä–∞–≤–ª–µ–Ω–∏—é —Å–æ—Å—Ç–∞–≤–∏–ª 244 –≤ 2024 –≥–æ–¥—É. –ü—Ä–æ—Ö–æ–¥–Ω—ã–µ –±–∞–ª–ª—ã –º–æ–≥—É—Ç –Ω–µ–º–Ω–æ–≥–æ –º–µ–Ω—è—Ç—å—Å—è –∫–∞–∂–¥—ã–π –≥–æ–¥.
99,–ö–∞–∫–æ–π —Å—Ä–µ–¥–Ω–∏–π –ø—Ä–æ—Ö–æ–¥–Ω–æ–π –±–∞–ª–ª –Ω–∞ –±—é–¥–∂–µ—Ç–Ω—ã–µ –º–µ—Å—Ç–∞ –ø–æ –Ω–∞–ø—Ä–∞–≤–ª–µ–Ω–∏—é ¬´–ò–Ω—Ñ–æ—Ä–º–∞—Ü–∏–æ–Ω–Ω–∞—è –±–µ–∑–æ–ø–∞—Å–Ω–æ—Å—Ç—å¬ª?,–ü—Ä–æ—Ö–æ–¥–Ω–æ–π –±–∞–ª–ª –Ω–∞ –±—é–¥–∂–µ—Ç –ø–æ –Ω–∞–ø—Ä–∞–≤–ª–µ–Ω–∏—é ¬´–ò–Ω—Ñ–æ—Ä–º–∞—Ü–∏–æ–Ω–Ω–∞—è –±–µ–∑–æ–ø–∞—Å–Ω–æ—Å—Ç—å¬ª –≤ 2024 –≥–æ–¥—É —Å–æ—Å—Ç–∞–≤–∏–ª 239. –ö–æ–Ω–∫—É—Ä—Å–Ω–∞—è —Å–∏—Ç—É–∞—Ü–∏—è –º–æ–∂–µ—Ç –µ–∂–µ–≥–æ–¥–Ω–æ –∫–æ—Ä—Ä–µ–∫—Ç–∏—Ä–æ–≤–∞—Ç—å —ç—Ç–æ—Ç –ø–æ–∫–∞–∑–∞—Ç–µ–ª—å.
100,–ö–∞–∫–æ–π —Å—Ä–µ–¥–Ω–∏–π –ø—Ä–æ—Ö–æ–¥–Ω–æ–π –±–∞–ª–ª –Ω–∞ –±—é–¥–∂–µ—Ç–Ω—ã–µ –º–µ—Å—Ç–∞ –ø–æ –Ω–∞–ø—Ä–∞–≤–ª–µ–Ω–∏—é ¬´–†–∞–¥–∏–æ—Ç–µ—Ö–Ω–∏–∫–∞¬ª?,–ü—Ä–æ—Ö–æ–¥–Ω–æ–π –±–∞–ª–ª –Ω–∞ –±—é–¥–∂–µ—Ç –ø–æ –Ω–∞–ø—Ä–∞–≤–ª–µ–Ω–∏—é ¬´–†–∞–¥–∏–æ—Ç–µ—Ö–Ω–∏–∫–∞¬ª –≤ 2024 –≥–æ–¥—É —Å–æ—Å—Ç–∞–≤–∏–ª 184. –ï–∂–µ–≥–æ–¥–Ω—ã–µ –∏–∑–º–µ–Ω–µ–Ω–∏—è –º–æ–≥—É—Ç –≤–ª–∏—è—Ç—å –Ω–∞ –ø—Ä–æ—Ö–æ–¥–Ω–æ–π –±–∞–ª–ª.
101,–ö–∞–∫–æ–π —Å—Ä–µ–¥–Ω–∏–π –ø—Ä–æ—Ö–æ–¥–Ω–æ–π –±–∞–ª–ª –Ω–∞ –±—é–¥–∂–µ—Ç–Ω—ã–µ –º–µ—Å—Ç–∞ –ø–æ –Ω–∞–ø—Ä–∞–≤–ª–µ–Ω–∏—é ¬´–ò–Ω—Ñ–æ–∫–æ–º–º—É–Ω–∏–∫–∞—Ü–∏–æ–Ω–Ω—ã–µ —Ç–µ—Ö–Ω–æ–ª–æ–≥–∏–∏ –∏ —Å–∏—Å—Ç–µ–º—ã —Å–≤—è–∑–∏¬ª?,–ü—Ä–æ—Ö–æ–¥–Ω–æ–π –±–∞–ª–ª –Ω–∞ –±—é–¥–∂–µ—Ç –ø–æ —ç—Ç–æ–º—É –Ω–∞–ø—Ä–∞–≤–ª–µ–Ω–∏—é —Å–æ—Å—Ç–∞–≤–∏–ª 217 –≤ 2024 –≥–æ–¥—É. –ü—Ä–æ—Ö–æ–¥–Ω—ã–µ –±–∞–ª–ª—ã –∫–∞–∂–¥—ã–π –≥–æ–¥ –º–æ–≥—É—Ç –≤–∞—Ä—å–∏—Ä–æ–≤–∞—Ç—å—Å—è.
102,–ö–∞–∫–æ–π —Å—Ä–µ–¥–Ω–∏–π –ø—Ä–æ—Ö–æ–¥–Ω–æ–π –±–∞–ª–ª –Ω–∞ –±—é–¥–∂–µ—Ç–Ω—ã–µ –º–µ—Å—Ç–∞ –ø–æ –Ω–∞–ø—Ä–∞–≤–ª–µ–Ω–∏—é ¬´–ö–æ–Ω—Å—Ç—Ä—É–∏—Ä–æ–≤–∞–Ω–∏–µ –∏ —Ç–µ—Ö–Ω–æ–ª–æ–≥–∏—è —ç–ª–µ–∫—Ç—Ä–æ–Ω–Ω—ã—Ö —Å—Ä–µ–¥—Å—Ç–≤¬ª?,–ü—Ä–æ—Ö–æ–¥–Ω–æ–π –±–∞–ª–ª –Ω–∞ –±—é–¥–∂–µ—Ç –ø–æ –Ω–∞–ø—Ä–∞–≤–ª–µ–Ω–∏—é ¬´–ö–æ–Ω—Å—Ç—Ä—É–∏—Ä–æ–≤–∞–Ω–∏–µ –∏ —Ç–µ—Ö–Ω–æ–ª–æ–≥–∏—è —ç–ª–µ–∫—Ç—Ä–æ–Ω–Ω—ã—Ö —Å—Ä–µ–¥—Å—Ç–≤¬ª –≤ 2024 –≥–æ–¥—É —Å–æ—Å—Ç–∞–≤–∏–ª 184. –≠—Ç–æ—Ç –ø–æ–∫–∞–∑–∞—Ç–µ–ª—å –º–æ–∂–µ—Ç –º–µ–Ω—è—Ç—å—Å—è –≤ –∑–∞–≤–∏—Å–∏–º–æ—Å—Ç–∏ –æ—Ç –∫–æ–Ω–∫—É—Ä—Å–Ω–æ–π —Å–∏—Ç—É–∞—Ü–∏–∏.
103,–ö–∞–∫–æ–π —Å—Ä–µ–¥–Ω–∏–π –ø—Ä–æ—Ö–æ–¥–Ω–æ–π –±–∞–ª–ª –Ω–∞ –±—é–¥–∂–µ—Ç–Ω—ã–µ –º–µ—Å—Ç–∞ –ø–æ –Ω–∞–ø—Ä–∞–≤–ª–µ–Ω–∏—é ¬´–£–ø—Ä–∞–≤–ª–µ–Ω–∏–µ –≤ —Ç–µ—Ö–Ω–∏—á–µ—Å–∫–∏—Ö —Å–∏—Å—Ç–µ–º–∞—Ö¬ª?,–ü—Ä–æ—Ö–æ–¥–Ω–æ–π –±–∞–ª–ª –Ω–∞ –±—é–¥–∂–µ—Ç –ø–æ –Ω–∞–ø—Ä–∞–≤–ª–µ–Ω–∏—é ¬´–£–ø—Ä–∞–≤–ª–µ–Ω–∏–µ –≤ —Ç–µ—Ö–Ω–∏—á–µ—Å–∫–∏—Ö —Å–∏—Å—Ç–µ–º–∞—Ö¬ª —Å–æ—Å—Ç–∞–≤–∏–ª 217 –≤ 2024 –≥–æ–¥—É. –ü—Ä–æ—Ö–æ–¥–Ω–æ–π –±–∞–ª–ª –º–æ–∂–µ—Ç –∏–∑–º–µ–Ω—è—Ç—å—Å—è –µ–∂–µ–≥–æ–¥–Ω–æ –≤ –∑–∞–≤–∏—Å–∏–º–æ—Å—Ç–∏ –æ—Ç –∫–æ–Ω–∫—É—Ä—Å–∞.
104,–ö–∞–∫–æ–π —Å—Ä–µ–¥–Ω–∏–π –ø—Ä–æ—Ö–æ–¥–Ω–æ–π –±–∞–ª–ª –Ω–∞ –±—é–¥–∂–µ—Ç–Ω—ã–µ –º–µ—Å—Ç–∞ –ø–æ –Ω–∞–ø—Ä–∞–≤–ª–µ–Ω–∏—é ¬´–¢–µ—Ö–Ω–æ–ª–æ–≥–∏—è –ø–æ–ª–∏–≥—Ä–∞—Ñ–∏—á–µ—Å–∫–æ–≥–æ –∏ —É–ø–∞–∫–æ–≤–æ—á–Ω–æ–≥–æ –ø—Ä–æ–∏–∑–≤–æ–¥—Å—Ç–≤–∞¬ª?,–ü—Ä–æ—Ö–æ–¥–Ω–æ–π –±–∞–ª–ª –Ω–∞ –±—é–¥–∂–µ—Ç –ø–æ –Ω–∞–ø—Ä–∞–≤–ª–µ–Ω–∏—é ¬´–¢–µ—Ö–Ω–æ–ª–æ–≥–∏—è –ø–æ–ª–∏–≥—Ä–∞—Ñ–∏—á–µ—Å–∫–æ–≥–æ –∏ —É–ø–∞–∫–æ–≤–æ—á–Ω–æ–≥–æ –ø—Ä–æ–∏–∑–≤–æ–¥—Å—Ç–≤–∞¬ª –≤ 2024 –≥–æ–¥—É —Å–æ—Å—Ç–∞–≤–∏–ª 182. –ó–Ω–∞—á–µ–Ω–∏–µ –ø—Ä–æ—Ö–æ–¥–Ω–æ–≥–æ –±–∞–ª–ª–∞ –º–æ–∂–µ—Ç –≤–∞—Ä—å–∏—Ä–æ–≤–∞—Ç—å—Å—è –∫–∞–∂–¥—ã–π –≥–æ–¥.
105,–ö–∞–∫–æ–π —Å—Ä–µ–¥–Ω–∏–π –ø—Ä–æ—Ö–æ–¥–Ω–æ–π –±–∞–ª–ª –Ω–∞ –±—é–¥–∂–µ—Ç–Ω—ã–µ –º–µ—Å—Ç–∞ –ø–æ –Ω–∞–ø—Ä–∞–≤–ª–µ–Ω–∏—é ¬´–ò–Ω—Ñ–æ—Ä–º–∞—Ü–∏–æ–Ω–Ω–∞—è –±–µ–∑–æ–ø–∞—Å–Ω–æ—Å—Ç—å —Ç–µ–ª–µ–∫–æ–º–º—É–Ω–∏–∫–∞—Ü–∏–æ–Ω–Ω—ã—Ö —Å–∏—Å—Ç–µ–º¬ª (—Å–ø–µ—Ü–∏–∞–ª–∏—Ç–µ—Ç)?,–ü—Ä–æ—Ö–æ–¥–Ω–æ–π –±–∞–ª–ª –Ω–∞ –±—é–¥–∂–µ—Ç –ø–æ —ç—Ç–æ–º—É –Ω–∞–ø—Ä–∞–≤–ª–µ–Ω–∏—é –≤ 2024 –≥–æ–¥—É —Å–æ—Å—Ç–∞–≤–∏–ª 222. –ö–æ–Ω–∫—É—Ä—Å–Ω–∞—è —Å–∏—Ç—É–∞—Ü–∏—è –º–æ–∂–µ—Ç –º–µ–Ω—è—Ç—å —ç—Ç–æ—Ç –ø–æ–∫–∞–∑–∞—Ç–µ–ª—å –µ–∂–µ–≥–æ–¥–Ω–æ.
106,–ö–∞–∫–æ–π —Å—Ä–µ–¥–Ω–∏–π –ø—Ä–æ—Ö–æ–¥–Ω–æ–π –±–∞–ª–ª –Ω–∞ –±—é–¥–∂–µ—Ç–Ω—ã–µ –º–µ—Å—Ç–∞ –ø–æ –Ω–∞–ø—Ä–∞–≤–ª–µ–Ω–∏—é ¬´–ò–Ω—Ñ–æ—Ä–º–∞—Ü–∏–æ–Ω–Ω–æ-–∞–Ω–∞–ª–∏—Ç–∏—á–µ—Å–∫–∏–µ —Å–∏—Å—Ç–µ–º—ã –±–µ–∑–æ–ø–∞—Å–Ω–æ—Å—Ç–∏¬ª (—Å–ø–µ—Ü–∏–∞–ª–∏—Ç–µ—Ç)?,–ü—Ä–æ—Ö–æ–¥–Ω–æ–π –±–∞–ª–ª –Ω–∞ –±—é–¥–∂–µ—Ç –ø–æ –Ω–∞–ø—Ä–∞–≤–ª–µ–Ω–∏—é ¬´–ò–Ω—Ñ–æ—Ä–º–∞—Ü–∏–æ–Ω–Ω–æ-–∞–Ω–∞–ª–∏—Ç–∏—á–µ—Å–∫–∏–µ —Å–∏—Å—Ç–µ–º—ã –±–µ–∑–æ–ø–∞—Å–Ω–æ—Å—Ç–∏¬ª —Å–æ—Å—Ç–∞–≤–∏–ª 224 –≤ 2024 –≥–æ–¥—É. –ü—Ä–æ—Ö–æ–¥–Ω–æ–π –±–∞–ª–ª –≤–∞—Ä—å–∏—Ä—É–µ—Ç—Å—è –≤ –∑–∞–≤–∏—Å–∏–º–æ—Å—Ç–∏ –æ—Ç –≥–æ–¥–∞ –∏ –∫–æ–Ω–∫—É—Ä—Å–∞.
107,–ö–∞–∫–æ–π —Å—Ä–µ–¥–Ω–∏–π –ø—Ä–æ—Ö–æ–¥–Ω–æ–π –±–∞–ª–ª –Ω–∞ –±—é–¥–∂–µ—Ç–Ω—ã–µ –º–µ—Å—Ç–∞ –ø–æ –Ω–∞–ø—Ä–∞–≤–ª–µ–Ω–∏—é ¬´–†–∞–¥–∏–æ—ç–ª–µ–∫—Ç—Ä–æ–Ω–Ω—ã–µ —Å–∏—Å—Ç–µ–º—ã –∏ –∫–æ–º–ø–ª–µ–∫—Å—ã¬ª (—Å–ø–µ—Ü–∏–∞–ª–∏—Ç–µ—Ç)?,–ü—Ä–æ—Ö–æ–¥–Ω–æ–π –±–∞–ª–ª –Ω–∞ –±—é–¥–∂–µ—Ç –ø–æ —ç—Ç–æ–º—É –Ω–∞–ø—Ä–∞–≤–ª–µ–Ω–∏—é –≤ 2024 –≥–æ–¥—É —Å–æ—Å—Ç–∞–≤–∏–ª 173. –ï–∂–µ–≥–æ–¥–Ω–æ –±–∞–ª–ª –º–æ–∂–µ—Ç –∏–∑–º–µ–Ω—è—Ç—å—Å—è –≤ –∑–∞–≤–∏—Å–∏–º–æ—Å—Ç–∏ –æ—Ç –∫–æ–Ω–∫—É—Ä—Å–Ω–æ–π —Å–∏—Ç—É–∞—Ü–∏–∏.
108,–ù—É–∂–Ω–æ –ª–∏ –¥–ª—è –ø–æ—Å—Ç—É–ø–ª–µ–Ω–∏—è –≤ —É–Ω–∏–≤–µ—Ä—Å–∏—Ç–µ—Ç –∑–∞–ø–æ–ª–Ω–∏—Ç—å –∞–Ω–∫–µ—Ç—É –≤ –ª–∏—á–Ω–æ–º –∫–∞–±–∏–Ω–µ—Ç–µ –∞–±–∏—Ç—É—Ä–∏–µ–Ω—Ç–∞?,"–ï—Å–ª–∏ –¥–æ–∫—É–º–µ–Ω—Ç—ã –ø–æ–¥–∞—é—Ç—Å—è —á–µ—Ä–µ–∑ –ì–æ—Å—É—Å–ª—É–≥–∏, —Ç–æ —Ä–µ–≥–∏—Å—Ç—Ä–∞—Ü–∏—è –≤ –ª–∏—á–Ω–æ–º –∫–∞–±–∏–Ω–µ—Ç–µ –∞–±–∏—Ç—É—Ä–∏–µ–Ω—Ç–∞ –Ω–µ —Ç—Ä–µ–±—É–µ—Ç—Å—è. –ü–æ–¥–∞—Ç—å –¥–æ–∫—É–º–µ–Ω—Ç—ã –≤ —ç—Ç–æ–º –≥–æ–¥—É –º–æ–∂–Ω–æ –±—É–¥–µ—Ç —Ç—Ä–µ–º—è —Å–ø–æ—Å–æ–±–∞–º–∏: –ª–∏—á–Ω–æ (–ø–æ –∞–¥—Ä–µ—Å—É: –≥. –ï–∫–∞—Ç–µ—Ä–∏–Ω–±—É—Ä–≥, —É–ª.
–ú–∏—Ä–∞, 19 –∏–ª–∏ –≤ –æ–¥–Ω–æ–º –∏–∑ —Ñ–∏–ª–∏–∞–ª–æ–≤ –£—Ä–§–£) - –ø—Ä–µ–¥–≤–∞—Ä–∏—Ç–µ–ª—å–Ω–∞—è —Ä–µ–≥–∏—Å—Ç—Ä–∞—Ü–∏—è –≤ –ª–∏—á–Ω–æ–º –∫–∞–±–∏–Ω–µ—Ç–µ –∞–±–∏—Ç—É—Ä–∏–µ–Ω—Ç–∞ –æ–±—è–∑–∞—Ç–µ–ª—å–Ω–∞; –ø–æ –ø–æ—á—Ç–µ (–∑–∞—è–≤–ª–µ–Ω–∏–µ –∏ –ª–∏—Å—Ç—ã —É—á–∞—Å—Ç–Ω–∏–∫–∞ –∫–æ–Ω–∫—É—Ä—Å–∞ —Ä–∞—Å–ø–µ—á–∞—Ç—ã–≤–∞—é—Ç—Å—è –ø–æ—Å–ª–µ —Ä–µ–≥–∏—Å—Ç—Ä–∞—Ü–∏–∏ –≤ –ª–∏—á–Ω–æ–º –∫–∞–±–∏–Ω–µ—Ç–µ –∞–±–∏—Ç—É—Ä–∏–µ–Ω—Ç–∞); –≤ –¥–∏—Å—Ç–∞–Ω—Ü–∏–æ–Ω–Ω–æ–π —Ñ–æ—Ä–º–µ —á–µ—Ä–µ–∑ –ª–∏—á–Ω—ã–π –∫–∞–±–∏–Ω–µ—Ç –∞–±–∏—Ç—É—Ä–∏–µ–Ω—Ç–∞ –∏–ª–∏ —á–µ—Ä–µ–∑ –ø–æ—Ä—Ç–∞–ª –ì–æ—Å—É—Å–ª—É–≥ (–Ω–∞ –ø—Ä–æ–≥—Ä–∞–º–º—ã –±–∞–∫–∞–ª–∞–≤—Ä–∏–∞—Ç–∞ –∏ —Å–ø–µ—Ü–∏–∞–ª–∏—Ç–µ—Ç–∞ –ø—Ä–∏ –Ω–∞–ª–∏—á–∏–∏ —É –∞–±–∏—Ç—É—Ä–∏–µ–Ω—Ç–∞ –ª–∏—á–Ω–æ–≥–æ –∫–∞–±–∏–Ω–µ—Ç–∞ –Ω–∞ —ç—Ç–æ–º –ø–æ—Ä—Ç–∞–ª–µ). –ª–∏—á–Ω–æ (–ø–æ –∞–¥—Ä–µ—Å—É: –≥. –ï–∫–∞—Ç–µ—Ä–∏–Ω–±—É—Ä–≥, —É–ª. –ú–∏—Ä–∞, 19 –∏–ª–∏ –≤ –æ–¥–Ω–æ–º –∏–∑ —Ñ–∏–ª–∏–∞–ª–æ–≤ –£—Ä–§–£) ‚Äî –ø—Ä–µ–¥–≤–∞—Ä–∏—Ç–µ–ª—å–Ω–∞—è —Ä–µ–≥–∏—Å—Ç—Ä–∞—Ü–∏—è –≤ –ª–∏—á–Ω–æ–º –∫–∞–±–∏–Ω–µ—Ç–µ –∞–±–∏—Ç—É—Ä–∏–µ–Ω—Ç–∞ –æ–±—è–∑–∞—Ç–µ–ª—å–Ω–∞;–ª–∏—á–Ω–æ–º –∫–∞–±–∏–Ω–µ—Ç–µ –∞–±–∏—Ç—É—Ä–∏–µ–Ω—Ç–∞–ø–æ –ø–æ—á—Ç–µ –∑–∞—è–≤–ª–µ–Ω–∏–µ –∏ –ª–∏—Å—Ç—ã —É—á–∞—Å—Ç–Ω–∏–∫–∞ –∫–æ–Ω–∫—É—Ä—Å–∞ —Ä–∞—Å–ø–µ—á–∞—Ç—ã–≤–∞—é—Ç—Å—è –ø–æ—Å–ª–µ —Ä–µ–≥–∏—Å—Ç—Ä–∞—Ü–∏–∏ –≤ –ª–∏—á–Ω–æ–º –∫–∞–±–∏–Ω–µ—Ç–µ –∞–±–∏—Ç—É—Ä–∏–µ–Ω—Ç–∞);–ª–∏—á–Ω–æ–º –∫–∞–±–∏–Ω–µ—Ç–µ
–∞–±–∏—Ç—É—Ä–∏–µ–Ω—Ç–∞–≤ –¥–∏—Å—Ç–∞–Ω—Ü–∏–æ–Ω–Ω–æ–π —Ñ–æ—Ä–º–µ —á–µ—Ä–µ–∑ –ª–∏—á–Ω—ã–π –∫–∞–±–∏–Ω–µ—Ç –∞–±–∏—Ç—É—Ä–∏–µ–Ω—Ç–∞ –∏–ª–∏ —á–µ—Ä–µ–∑ –ø–æ—Ä—Ç–∞–ª –ì–æ—Å—É—Å–ª—É–≥ (–Ω–∞ –ø—Ä–æ–≥—Ä–∞–º–º—ã –±–∞–∫–∞–ª–∞–≤—Ä–∏–∞—Ç–∞ –∏ —Å–ø–µ—Ü–∏–∞–ª–∏—Ç–µ—Ç–∞ –ø—Ä–∏ –Ω–∞–ª–∏—á–∏–∏ —É –∞–±–∏—Ç—É—Ä–∏–µ–Ω—Ç–∞ –ª–∏—á–Ω–æ–≥–æ –∫–∞–±–∏–Ω–µ—Ç–∞ –Ω–∞ —ç—Ç–æ–º –ø–æ—Ä—Ç–∞–ª–µ) –ª–∏—á–Ω—ã–π –∫–∞–±–∏–Ω–µ—Ç –∞–±–∏—Ç—É—Ä–∏–µ–Ω—Ç–∞–ø–æ—Ä—Ç–∞–ª –ì–æ—Å—É—Å–ª—É–≥
"
109,–ö–∞–∫–∏–µ –¥–æ–∫—É–º–µ–Ω—Ç—ã –Ω—É–∂–Ω—ã –¥–ª—è –ø–æ–¥–∞—á–∏ –∑–∞—è–≤–ª–µ–Ω–∏—è?,"–í–∞–º –Ω–µ–æ–±—Ö–æ–¥–∏–º—ã —Å–ª–µ–¥—É—é—â–∏–µ –¥–æ–∫—É–º–µ–Ω—Ç—ã:–ø–∞—Å–ø–æ—Ä—Ç (—Å—Ç—Ä. —Å —Ñ–æ—Ç–æ –∏ –ø—Ä–æ–ø–∏—Å–∫–æ–π); –¥–æ–∫—É–º–µ–Ω—Ç –æ–± –æ–±—Ä–∞–∑–æ–≤–∞–Ω–∏–∏ (–∞—Ç—Ç–µ—Å—Ç–∞—Ç/–¥–∏–ø–ª–æ–º); –°–ù–ò–õ–° (–ø—Ä–∏ –Ω–∞–ª–∏—á–∏–∏ –±—É–º–∞–∂–Ω–æ–≥–æ –¥–æ–∫—É–º–µ–Ω—Ç–∞); –¥–æ–∫—É–º–µ–Ω—Ç—ã –æ–± –∏–Ω–¥–∏–≤–∏–¥—É–∞–ª—å–Ω—ã—Ö –¥–æ—Å—Ç–∏–∂–µ–Ω–∏—è—Ö (–ø—Ä–∏ –Ω–∞–ª–∏—á–∏–∏); –¥–æ–∫—É–º–µ–Ω—Ç—ã, –ø–æ–¥—Ç–≤–µ—Ä–∂–¥–∞—é—â–∏–µ –æ—Å–æ–±—ã–µ –ø—Ä–∞–≤–∞ (–ø—Ä–∏ –Ω–∞–ª–∏—á–∏–∏); –ø—Ä–∏–ø–∏—Å–Ω–æ–µ —É–¥–æ—Å—Ç–æ–≤–µ—Ä–µ–Ω–∏–µ –∏–ª–∏ –≤–æ–µ–Ω–Ω—ã–π –±–∏–ª–µ—Ç (–¥–ª—è —é–Ω–æ—à–µ–π, –ø–æ—Å—Ç—É–ø–∞—é—â–∏—Ö –Ω–∞ –æ—á–Ω—É—é —Ñ–æ—Ä–º—É –æ–±—É—á–µ–Ω–∏—è).–ø–∞—Å–ø–æ—Ä—Ç (—Å—Ç—Ä. —Å —Ñ–æ—Ç–æ –∏ –ø—Ä–æ–ø–∏—Å–∫–æ–π);–¥–æ–∫—É–º–µ–Ω—Ç –æ–± –æ–±—Ä–∞–∑–æ–≤–∞–Ω–∏–∏ (–∞—Ç—Ç–µ—Å—Ç–∞—Ç/ –¥–∏–ø–ª–æ–º);–°–ù–ò–õ–° (–ø—Ä–∏ –Ω–∞–ª–∏—á–∏–∏ –±—É–º–∞–∂–Ω–æ–≥–æ –¥–æ–∫—É–º–µ–Ω—Ç–∞);–¥–æ–∫—É–º–µ–Ω—Ç—ã –æ–± –∏–Ω–¥–∏–≤–∏–¥—É–∞–ª—å–Ω—ã—Ö –¥–æ—Å—Ç–∏–∂–µ–Ω–∏—è—Ö (–ø—Ä–∏ –Ω–∞–ª–∏—á–∏–∏);–¥–æ–∫—É–º–µ–Ω—Ç—ã, –ø–æ–¥—Ç–≤–µ—Ä–∂–¥–∞—é—â–∏–µ –æ—Å–æ–±—ã–µ –ø—Ä–∞–≤–∞ (–ø—Ä–∏ –Ω–∞–ª–∏—á–∏–∏);–ø—Ä–∏–ø–∏—Å–Ω–æ–µ —É–¥–æ—Å—Ç–æ–≤–µ—Ä–µ–Ω–∏–µ –∏–ª–∏ –≤–æ–µ–Ω–Ω—ã–π –±–∏–ª–µ—Ç (–¥–ª—è —é–Ω–æ—à–µ–π, –ø–æ—Å—Ç—É–ø–∞—é—â–∏—Ö –Ω–∞ –æ—á–Ω—É—é —Ñ–æ—Ä–º—É –æ–±—É—á–µ–Ω–∏—è)."
110,–ü—Ä–∏ –ø–æ–¥–∞—á–µ –¥–æ–∫—É–º–µ–Ω—Ç–æ–≤ —Ç—Ä–µ–±—É—é—Ç—Å—è –∫–æ–ø–∏–∏ –ø–∞—Å–ø–æ—Ä—Ç–∞ –∏ –¥–æ–∫—É–º–µ–Ω—Ç–∞ –æ–± –æ–±—Ä–∞–∑–æ–≤–∞–Ω–∏–∏. –ù—É–∂–Ω–æ –ª–∏ –∏—Ö –∑–∞–≤–µ—Ä—è—Ç—å —É –Ω–æ—Ç–∞—Ä–∏—É—Å–∞?,–ù–µ—Ç. –ö–æ–ø–∏–∏ –ø–∞—Å–ø–æ—Ä—Ç–∞ –∏ –¥–æ–∫—É–º–µ–Ω—Ç–∞ –æ–± –æ–±—Ä–∞–∑–æ–≤–∞–Ω–∏–∏ –∑–∞–≤–µ—Ä—è—Ç—å –Ω–µ –Ω—É–∂–Ω–æ.
111,–ú–æ–∂–Ω–æ –ª–∏ –ø–æ–¥–∞–≤–∞—Ç—å –¥–æ–∫—É–º–µ–Ω—Ç—ã —Ä–æ–¥–∏—Ç–µ–ª—è–º –∑–∞ —Ä–µ–±–µ–Ω–∫–∞?,–≠—Ç–æ –º–æ–∂–Ω–æ —Å–¥–µ–ª–∞—Ç—å –≤ –¥–∏—Å—Ç–∞–Ω—Ü–∏–æ–Ω–Ω–æ–π —Ñ–æ—Ä–º–µ —á–µ—Ä–µ–∑ –ª–∏—á–Ω—ã–π –∫–∞–±–∏–Ω–µ—Ç –∞–±–∏—Ç—É—Ä–∏–µ–Ω—Ç–∞.
112,"–ù—É–∂–Ω–∞ –ª–∏ –º–µ–¥. —Å–ø—Ä–∞–≤–∫–∞, –∫–æ—Ç–æ—Ä—É—é –¥–∞–≤–∞–ª–∏ –≤ —à–∫–æ–ª–µ, —Ñ–æ—Ä–º—ã 086-–£?","–ü—Ä–∏ –ø–æ–¥–∞—á–µ –∑–∞—è–≤–ª–µ–Ω–∏—è –º–µ–¥–∏—Ü–∏–Ω—Å–∫–∞—è —Å–ø—Ä–∞–≤–∫–∞ –Ω–µ —Ç—Ä–µ–±—É–µ—Ç—Å—è. –ü–æ—Å—Ç—É–ø–∞—é—â–∏–π –≤ –£—Ä–§—É –æ–±—è–∑–∞–Ω –ø—Ä–µ–¥–æ—Å—Ç–∞–≤–∏—Ç—å —Å–ø—Ä–∞–≤–∫—É –æ–± –æ—Ç—Å—É—Ç—Å—Ç–≤–∏–∏ –ø—Ä–æ—Ç–∏–≤–æ–ø–æ–∫–∞–∑–∞–Ω–∏–π –¥–ª—è –æ–±—É—á–µ–Ω–∏—è –ø—Ä–∏ –ø–æ–¥–∞—á–µ –¥–æ–∫—É–º–µ–Ω—Ç–æ–≤ –Ω–∞ —Å–ª–µ–¥—É—é—â–∏–µ —Å–ø–µ—Ü–∏–∞–ª—å–Ω–æ—Å—Ç–∏/ –Ω–∞–ø—Ä–∞–≤–ª–µ–Ω–∏—è –ø–æ–¥–≥–æ—Ç–æ–≤–∫–∏:11.05.02 ¬´–†–∞–¥–∏–æ—ç–ª–µ–∫—Ç—Ä–æ–Ω–Ω—ã–µ —Å–∏—Å—Ç–µ–º—ã –∏ –∫–æ–º–ø–ª–µ–∫—Å—ã¬ª, 13.03.01 ¬´–¢–µ–ø–ª–æ—ç–Ω–µ—Ä–≥–µ—Ç–∏–∫–∞ –∏ —Ç–µ–ø–ª–æ—Ç–µ—Ö–Ω–∏–∫–∞¬ª, 13.03.02 ¬´–≠–ª–µ–∫—Ç—Ä–æ—ç–Ω–µ—Ä–≥–µ—Ç–∏–∫–∞ –∏ —ç–ª–µ–∫—Ç—Ä–æ—Ç–µ—Ö–Ω–∏–∫–∞¬ª, 14.03.02 ¬´–Ø–¥–µ—Ä–Ω—ã–µ —Ñ–∏–∑–∏–∫–∞ –∏ —Ç–µ—Ö–Ω–æ–ª–æ–≥–∏–∏¬ª, 14.05.01 ¬´–Ø–¥–µ—Ä–Ω—ã–µ —Ä–µ–∞–∫—Ç–æ—Ä—ã –∏ –º–∞—Ç–µ—Ä–∏–∞–ª—ã¬ª, 14.05.02 ¬´–ê—Ç–æ–º–Ω—ã–µ —Å—Ç–∞–Ω—Ü–∏–∏: –ø—Ä–æ–µ–∫—Ç–∏—Ä–æ–≤–∞–Ω–∏–µ, —ç–∫—Å–ø–ª—É–∞—Ç–∞—Ü–∏—è –∏ –∏–Ω–∂–∏–Ω–∏—Ä–∏–Ω–≥¬ª, 14.05.04 ¬´–≠–ª–µ–∫—Ç—Ä–æ–Ω–∏–∫–∞ –∏ –∞–≤—Ç–æ–º–∞—Ç–∏–∑–∞—Ü–∏—è —Ñ–∏–∑–∏—á–µ—Å–∫–∏—Ö —É—Å—Ç–∞–Ω–æ–≤–æ–∫¬ª, 20.05.01
¬´–ü–æ–∂–∞—Ä–Ω–∞—è –±–µ–∑–æ–ø–∞—Å–Ω–æ—Å—Ç—å¬ª, 23.03.02 ¬´–ù–∞–∑–µ–º–Ω—ã–µ —Ç—Ä–∞–Ω—Å–ø–æ—Ä—Ç–Ω–æ-—Ç–µ—Ö–Ω–æ–ª–æ–≥–∏—á–µ—Å–∫–∏–µ –∫–æ–º–ø–ª–µ–∫—Å—ã¬ª, 23.03.03
¬´–≠–∫—Å–ø–ª—É–∞—Ç–∞—Ü–∏—è —Ç—Ä–∞–Ω—Å–ø–æ—Ä—Ç–Ω–æ-—Ç–µ—Ö–Ω–æ–ª–æ–≥–∏—á–µ—Å–∫–∏—Ö –º–∞—à–∏–Ω –∏ –∫–æ–º–ø–ª–µ–∫—Å–æ–≤¬ª, 23.05.02 ¬´–¢—Ä–∞–Ω—Å–ø–æ—Ä—Ç–Ω—ã–µ —Å—Ä–µ–¥—Å—Ç–≤–∞ —Å–ø–µ—Ü–∏–∞–ª—å–Ω–æ–≥–æ –Ω–∞–∑–Ω–∞—á–µ–Ω–∏—è¬ª, 30.05.01 ¬´–ú–µ–¥–∏—Ü–∏–Ω—Å–∫–∞—è –±–∏–æ—Ö–∏–º–∏—è¬ª, 30.05.02 ¬´–ú–µ–¥–∏—Ü–∏–Ω—Å–∫–∞—è –±–∏–æ—Ñ–∏–∑–∏–∫–∞¬ª, 30.05.03
¬´–ú–µ–¥–∏—Ü–∏–Ω—Å–∫–∞—è –∫–∏–±–µ—Ä–Ω–µ—Ç–∏–∫–∞¬ª. 11.05.02 ¬´–†–∞–¥–∏–æ—ç–ª–µ–∫—Ç—Ä–æ–Ω–Ω—ã–µ —Å–∏—Å—Ç–µ–º—ã –∏ –∫–æ–º–ø–ª–µ–∫—Å—ã¬ª,13.03.01 ¬´–¢–µ–ø–ª–æ—ç–Ω–µ—Ä–≥–µ—Ç–∏–∫–∞ –∏ —Ç–µ–ø–ª–æ—Ç–µ—Ö–Ω–∏–∫–∞¬ª,13.03.02 ¬´–≠–ª–µ–∫—Ç—Ä–æ—ç–Ω–µ—Ä–≥–µ—Ç–∏–∫–∞ –∏ —ç–ª–µ–∫—Ç—Ä–æ—Ç–µ—Ö–Ω–∏–∫–∞¬ª,14.03.02 ¬´–Ø–¥–µ—Ä–Ω—ã–µ —Ñ–∏–∑–∏–∫–∞ –∏ —Ç–µ—Ö–Ω–æ–ª–æ–≥–∏–∏¬ª, 14.05.01 ¬´–Ø–¥–µ—Ä–Ω—ã–µ —Ä–µ–∞–∫—Ç–æ—Ä—ã –∏ –º–∞—Ç–µ—Ä–∏–∞–ª—ã¬ª, 14.05.02 ¬´–ê—Ç–æ–º–Ω—ã–µ —Å—Ç–∞–Ω—Ü–∏–∏: –ø—Ä–æ–µ–∫—Ç–∏—Ä–æ–≤–∞–Ω–∏–µ, —ç–∫—Å–ø–ª—É–∞—Ç–∞—Ü–∏—è –∏ –∏–Ω–∂–∏–Ω–∏—Ä–∏–Ω–≥¬ª,14.05.04
¬´–≠–ª–µ–∫—Ç—Ä–æ–Ω–∏–∫–∞ –∏ –∞–≤—Ç–æ–º–∞—Ç–∏–∑–∞—Ü–∏—è —Ñ–∏–∑–∏—á–µ—Å–∫–∏—Ö —É—Å—Ç–∞–Ω–æ–≤–æ–∫¬ª,20.05.01 ¬´–ü–æ–∂–∞—Ä–Ω–∞—è –±–µ–∑–æ–ø–∞—Å–Ω–æ—Å—Ç—å¬ª, 23.03.02
¬´–ù–∞–∑–µ–º–Ω—ã–µ —Ç—Ä–∞–Ω—Å–ø–æ—Ä—Ç–Ω–æ-—Ç–µ—Ö–Ω–æ–ª–æ–≥–∏—á–µ—Å–∫–∏–µ –∫–æ–º–ø–õ–µ–∫–°—ã¬ª,23.03.03 ¬´–≠–∫—Å–ø–ª—É–∞—Ç–∞—Ü–∏—è —Ç—Ä–∞–Ω—Å–ø–æ—Ä—Ç–Ω–æ-—Ç–µ—Ö–Ω–æ–ª–æ–≥–∏—á–µ—Å–∫–∏—Ö –º–∞—à–∏–Ω –∏ –∫–æ–º–ø–ª–µ–∫—Å–æ–≤¬ª,23.05.02
¬´–¢—Ä–∞–Ω—Å–ø–æ—Ä—Ç–Ω—ã–µ —Å—Ä–µ–¥—Å—Ç–≤–∞ —Å–ø–µ—Ü–∏–∞–ª—å–Ω–æ–≥–æ –Ω–∞–∑–Ω–∞—á–µ–Ω–∏—è¬ª,30.05.01 ¬´–ú–µ–¥–∏—Ü–∏–Ω—Å–∫–∞—è –±–∏–æ—Ö–∏–º–∏—è¬ª,30.05.02
¬´–ú–µ–¥–∏—Ü–∏–Ω—Å–∫–∞—è –±–∏–æ—Ñ–∏–∑–∏–∫–∞¬ª,30.05.03 ¬´–ú–µ–¥–∏—Ü–∏–Ω—Å–∫–∞—è –∫–∏–±–µ—Ä–Ω–µ—Ç–∏–∫–∞¬ª.–ü—Ä–æ—Ç–∏–≤–æ–ø–æ–∫–∞–∑–∞–Ω–∏—è –Ω–∞ —É–∫–∞–∑–∞–Ω–Ω—ã–µ –≤—ã—à–µ –Ω–∞–ø—Ä–∞–≤–ª–µ–Ω–∏—è –ø—Ä–æ–ø–∏—Å–∞–Ω—ã –≤ –ø–µ—Ä–µ—á–Ω–µ –Ω–∞–ø—Ä–∞–≤–ª–µ–Ω–∏–π."
113,"–ì–¥–µ –º–æ–∂–Ω–æ –Ω–∞–π—Ç–∏ –æ–±—Ä–∞–∑–µ—Ü –∑–∞—è–≤–ª–µ–Ω–∏—è –∏ –¥—Ä—É–≥–∏—Ö –¥–æ–∫—É–º–µ–Ω—Ç–æ–≤, –∫–æ—Ç–æ—Ä—ã–µ –Ω—É–∂–Ω–æ –æ—Ç–ø—Ä–∞–≤–∏—Ç—å –ø–æ –ø–æ—á—Ç–µ?","–ù–µ–æ–±—Ö–æ–¥–∏–º–æ –∑–∞—Ä–µ–≥–∏—Å—Ç—Ä–∏—Ä–æ–≤–∞—Ç—å—Å—è –≤ –ª–∏—á–Ω–æ–º –∫–∞–±–∏–Ω–µ—Ç–µ –∞–±–∏—Ç—É—Ä–∏–µ–Ω—Ç–∞. –í –Ω–µ–º –≤—ã —Å–º–æ–∂–µ—Ç–µ –∑–∞–ø–æ–ª–Ω–∏—Ç—å –∏–Ω—Ñ–æ—Ä–º–∞—Ü–∏—é –æ —Å–µ–±–µ –∏ –Ω–µ–æ–±—Ö–æ–¥–∏–º—ã–µ –¥–æ–∫—É–º–µ–Ω—Ç—ã (–∑–∞—è–≤–ª–µ–Ω–∏–µ, –∫–æ–Ω–∫—É—Ä—Å–Ω—ã–µ –ª–∏—Å—Ç—ã, —Å–æ–≥–ª–∞—Å–∏–µ –Ω–∞ –æ–±—Ä–∞–±–æ—Ç–∫—É –ø–µ—Ä—Å–æ–Ω–∞–ª—å–Ω—ã—Ö –¥–∞–Ω–Ω—ã—Ö –∏ —Ç. –¥.). "
114,–° –∫–∞–∫–∏–º–∏ –±–∞–ª–ª–∞–º–∏ –º–æ–∂–Ω–æ –ø–æ–¥–∞–≤–∞—Ç—å –¥–æ–∫—É–º–µ–Ω—Ç—ã?,"–ü–æ–¥–∞–≤–∞—Ç—å –¥–æ–∫—É–º–µ–Ω—Ç—ã –Ω–∞ –±—é–¥–∂–µ—Ç–Ω—É—é –∏ –Ω–∞ –∫–æ–Ω—Ç—Ä–∞–∫—Ç–Ω—É—é –æ—Å–Ω–æ–≤—É –º–æ–∂–Ω–æ —Å –º–∏–Ω–∏–º–∞–ª—å–Ω—ã–º–∏ –±–∞–ª–ª–∞–º–∏, —É—Å—Ç–∞–Ω–æ–≤–ª–µ–Ω–Ω—ã–º–∏ –≤ –£—Ä–§–£"
115,"–ï—Å–ª–∏ —É –º–µ–Ω—è –º–µ–Ω—å—à–µ –º–∏–Ω–∏–º–∞–ª—å–Ω—ã—Ö –±–∞–ª–ª–æ–≤, —É—Å—Ç–∞–Ω–æ–≤–ª–µ–Ω–Ω—ã—Ö —É—Ä—Ñ—É, –º–æ–≥—É –ª–∏ —è –ø–æ–¥–∞—Ç—å –¥–æ–∫—É–º–µ–Ω—Ç—ã?","–ü–æ–¥–∞—Ç—å –¥–æ–∫—É–º–µ–Ω—Ç—ã –ø–æ—Å—Ç—É–ø–∞—é—â–∏–π —Å–º–æ–∂–µ—Ç, –Ω–æ –µ–≥–æ —Å—Ç–∞—Ç—É—Å –≤ —Å–ø–∏—Å–∫–∞—Ö –ø–æ—Å—Ç—É–ø–∞—é—â–∏—Ö –±—É–¥–µ—Ç ¬´–≤—ã–±—ã–ª –∏–∑ –∫–æ–Ω–∫—É—Ä—Å–∞¬ª, –µ—Å–ª–∏ —Ö–æ—Ç—è –±—ã –ø–æ –æ–¥–Ω–æ–º—É –ø—Ä–µ–¥–º–µ—Ç—É –±–∞–ª–ª –Ω–µ —Å–æ–æ—Ç–≤–µ—Ç—Å—Ç–≤—É–µ—Ç –º–∏–Ω–∏–º–∞–ª—å–Ω—ã–º –±–∞–ª–ª–∞–º, —É—Å—Ç–∞–Ω–æ–≤–ª–µ–Ω–Ω—ã–º –≤ –£—Ä–§—É.
–í –∫–æ–Ω–∫—É—Ä—Å–µ —Ç–∞–∫–æ–π –ø–æ—Å—Ç—É–ø–∞—é—â–∏–π —É—á–∞—Å—Ç–≤–æ–≤–∞—Ç—å –Ω–µ –±—É–¥–µ—Ç."
116,–ë—É–¥–µ—Ç –ª–∏ –ø—Ä–µ–¥–æ—Å—Ç–∞–≤–ª–µ–Ω–æ –æ–±—â–µ–∂–∏—Ç–∏–µ?,"–ü—Ä–µ—Ç–µ–Ω–¥–æ–≤–∞—Ç—å –Ω–∞ –ø—Ä–µ–¥–æ—Å—Ç–∞–≤–ª–µ–Ω–∏–µ –º–µ—Å—Ç–∞ –≤ –æ–±—â–µ–∂–∏—Ç–∏–∏
–£—Ä—Ñ—É –º–æ–≥—É—Ç –≤—Å–µ –∏–Ω–æ–≥–æ—Ä–æ–¥–Ω–∏–µ –ø–æ—Å—Ç—É–ø–∞—é—â–∏–µ, –Ω–µ–∑–∞–≤–∏—Å–∏–º–æ –æ—Ç —Ñ–æ—Ä–º—ã –æ–±—É—á–µ–Ω–∏—è (–±—é–¥–∂–µ—Ç–Ω–∞—è –∏–ª–∏ –∫–æ–º–º–µ—Ä—á–µ—Å–∫–∞—è –æ—Å–Ω–æ–≤—ã). –ü–æ—Å–µ–ª–µ–Ω–∏–µ –æ—Å—É—â–µ—Å—Ç–≤–ª—è–µ—Ç—Å—è –ø–æ —Ä–µ–π—Ç–∏–Ω–≥—É –±–∞–ª–ª–æ–≤ –ø–æ —Ä–µ–∑—É–ª—å—Ç–∞—Ç–∞–º –≤—Å—Ç—É–ø–∏—Ç–µ–ª—å–Ω—ã—Ö –∏—Å–ø—ã—Ç–∞–Ω–∏–π –≤ —Ä–∞–º–∫–∞—Ö –∫–≤–æ—Ç, –≤—ã–¥–µ–ª–µ–Ω–Ω—ã—Ö –∫–æ–Ω–∫—Ä–µ—Ç–Ω–æ–º—É –∏–Ω—Å—Ç–∏—Ç—É—Ç—É. –û–±—â–µ–∂–∏—Ç–∏–µ –ø–ª–∞—Ç–Ω–æ–µ –¥–ª—è –≤—Å–µ—Ö, –∑–∞ –∏—Å–∫–ª—é—á–µ–Ω–∏–µ–º –ª–∏—Ü, –æ—Ç–Ω–æ—Å—è—â–∏—Ö—Å—è –∫ —Ñ–µ–¥–µ—Ä–∞–ª—å–Ω—ã–º –ª—å–≥–æ—Ç–Ω—ã–º –∫–∞—Ç–µ–≥–æ—Ä–∏—è–º, –∏–º–µ—é—â–∏–º –ª—å–≥–æ—Ç—ã –ø—Ä–∏ –ø–æ—Å—Ç—É–ø–ª–µ–Ω–∏–∏ –∏ –ø–æ—Å–µ–ª–µ–Ω–∏–∏."
117,–ö—É–¥–∞ —è –º–æ–≥—É –ø–æ—Å—Ç—É–ø–∏—Ç—å —Å–æ —Å–≤–æ–∏–º –Ω–∞–±–æ—Ä–æ–º –ï–ì–≠?,"–í –ª–∏—á–Ω–æ–º –∫–∞–±–∏–Ω–µ—Ç–µ –∞–±–∏—Ç—É—Ä–∏–µ–Ω—Ç–∞ –µ—Å—Ç—å –∫–∞–ª—å–∫—É–ª—è—Ç–æ—Ä –ï–ì–≠.
–¢–∞–º –≤—ã –º–æ–∂–µ—Ç–µ –≤—ã–±—Ä–∞—Ç—å —Å–¥–∞–Ω–Ω—ã–µ –≤–∞–º–∏ –ø—Ä–µ–¥–º–µ—Ç—ã –∏ —É–≤–∏–¥–µ—Ç—å –ø–µ—Ä–µ—á–µ–Ω—å –Ω–∞–ø—Ä–∞–≤–ª–µ–Ω–∏–π, –Ω–∞ –∫–æ—Ç–æ—Ä—ã–µ –º–æ–∂–µ—Ç–µ –ø–æ—Å—Ç—É–ø–∏—Ç—å."
118,–ó–∞ –∫–∞–∫–∏–µ –¥–æ—Å—Ç–∏–∂–µ–Ω–∏—è –£—Ä–§—É –¥–∞–µ—Ç –¥–æ–ø–æ–ª–Ω–∏—Ç–µ–ª—å–Ω—ã–µ –±–∞–ª–ª—ã?,"–ê–±–∏—Ç—É—Ä–∏–µ–Ω—Ç—ã –≤–ø—Ä–∞–≤–µ –ø—Ä–µ–¥—Å—Ç–∞–≤–∏—Ç—å —Å–≤–µ–¥–µ–Ω–∏—è –æ —Å–≤–æ–∏—Ö –∏–Ω–¥–∏–≤–∏–¥—É–∞–ª—å–Ω—ã—Ö –¥–æ—Å—Ç–∏–∂–µ–Ω–∏—è—Ö, —Ä–µ–∑—É–ª—å—Ç–∞—Ç—ã –∫–æ—Ç–æ—Ä—ã—Ö —É—á–∏—Ç—ã–≤–∞—é—Ç—Å—è –ø—Ä–∏ –ø—Ä–∏–µ–º–µ –Ω–∞ –æ–±—É—á–µ–Ω–∏–µ. "
119,–ú–æ–≥—É –ª–∏ —è –ø–æ–¥–∞—Ç—å –¥–æ–∫—É–º–µ–Ω—Ç—ã –ø–æ —ç–ª–µ–∫—Ç—Ä–æ–Ω–Ω–æ–π –ø–æ—á—Ç–µ?,"–ü–æ–¥–∞—á–∞ –¥–æ–∫—É–º–µ–Ω—Ç–æ–≤, –Ω–µ–æ–±—Ö–æ–¥–∏–º—ã—Ö –¥–ª—è –ø–æ—Å—Ç—É–ø–ª–µ–Ω–∏—è, –ø–æ —ç–ª–µ–∫—Ç—Ä–æ–Ω–Ω–æ–π –ø–æ—á—Ç–µ –≤ –£—Ä–§–£ –Ω–µ –ø—Ä–µ–¥—É—Å–º–æ—Ç—Ä–µ–Ω–∞. –ü–æ–¥–∞—Ç—å –¥–æ–∫—É–º–µ–Ω—Ç—ã –º–æ–∂–Ω–æ —á–µ—Ä–µ–∑ –ª–∏—á–Ω—ã–π –∫–∞–±–∏–Ω–µ—Ç –∞–±–∏—Ç—É—Ä–∏–µ–Ω—Ç–∞. "
120,–ì–¥–µ —è –º–æ–≥—É —É–∑–Ω–∞—Ç—å —Å—Ç–æ–∏–º–æ—Å—Ç—å –æ–±—É—á–µ–Ω–∏—è? –ó–∞ –∫–∞–∫–æ–π –ø–µ—Ä–∏–æ–¥ –Ω–µ–æ–±—Ö–æ–¥–∏–º–æ –∑–∞–ø–ª–∞—Ç–∏—Ç—å?,"–°–æ —Å—Ç–æ–∏–º–æ—Å—Ç—å—é –æ–±—É—á–µ–Ω–∏—è –≤—ã –º–æ–∂–µ—Ç–µ –æ–∑–Ω–∞–∫–æ–º–∏—Ç—å—Å—è –≤ –ø—Ä–∏–∫–∞–∑–µ –æ —Å—Ç–æ–∏–º–æ—Å—Ç–∏ –æ–±—É—á–µ–Ω–∏—è —Å—Ç—É–¥–µ–Ω—Ç–æ–≤ –ø–æ –ø—Ä–æ–≥—Ä–∞–º–º–∞–º –í–û –≤ –£—Ä–§–£. –û–±—ã—á–Ω–æ –æ–ø–ª–∞—Ç–∞ –ø—Ä–æ–∏–∑–≤–æ–¥–∏—Ç—Å—è –ø–æ —Å–µ–º–µ—Å—Ç—Ä–∞–º, –Ω–æ –≤–æ–∑–º–æ–∂–Ω–∞ —Ä–∞—Å—Å—Ä–æ—á–∫–∞."
121,"–ï—Å–ª–∏ —è –∑–∞–∫–æ–Ω—á–∏–ª 11 –∫–ª–∞—Å—Å–æ–≤ –Ω–µ—Å–∫–æ–ª—å–∫–æ –ª–µ—Ç –Ω–∞–∑–∞–¥, —É –º–µ–Ω—è –Ω–µ—Ç –ï–ì–≠ –∏ –¥–∏–ø–ª–æ–º–∞ –°–ü–û, –º–æ–≥—É –ª–∏ —è –ø–æ—Å—Ç—É–ø–∏—Ç—å?","–ö —Å–æ–∂–∞–ª–µ–Ω–∏—é, —Ç–∞–∫–æ–π –≤–æ–∑–º–æ–∂–Ω–æ—Å—Ç–∏ –Ω–µ—Ç. –í—ã –º–æ–∂–µ—Ç–µ –∑–∞–ø–∏—Å–∞—Ç—å—Å—è –Ω–∞ —Å–¥–∞—á—É –ï–ì–≠ –¥–æ 1 —Ñ–µ–≤—Ä–∞–ª—è. "
122,–ù—É–∂–Ω–æ –ª–∏ –ø–æ–¥–∞–≤–∞—Ç—å –∑–∞—è–≤–ª–µ–Ω–∏–µ –æ —Å–æ–≥–ª–∞—Å–∏–∏ –Ω–∞ –∑–∞—á–∏—Å–ª–µ–Ω–∏–µ?,"–ü—Ä–∏ –∑–∞—á–∏—Å–ª–µ–Ω–∏–∏ –Ω–∞ –±—é–¥–∂–µ—Ç–Ω—ã–µ –º–µ—Å—Ç–∞ –∑–∞—è–≤–ª–µ–Ω–∏–µ –æ —Å–æ–≥–ª–∞—Å–∏–∏ –Ω–∞ –∑–∞—á–∏—Å–ª–µ–Ω–∏–µ –ù–ï –ø–∏—à–µ—Ç—Å—è, —Ç. –∫. –≤ 2024 –≥–æ–¥—É –∑–∞—á–∏—Å–ª–µ–Ω–∏–µ –Ω–∞ –±—é–¥–∂–µ—Ç –ø—Ä–æ—Ö–æ–¥–∏—Ç –≤ —Å–æ–æ—Ç–≤–µ—Ç—Å—Ç–≤–∏–∏ —Å –ø—Ä–∏–æ—Ä–∏—Ç–µ—Ç–∞–º–∏, –∫–æ—Ç–æ—Ä—ã–µ –ø–æ—Å—Ç—É–ø–∞—é—â–∏–π —É–∫–∞–∑–∞–ª –¥–ª—è –∫–∞–∂–¥–æ–π –æ–±—Ä–∞–∑–æ–≤–∞—Ç–µ–ª—å–Ω–æ–π –ø—Ä–æ–≥—Ä–∞–º–º—ã –ø—Ä–∏ –ø—Ä–∏–µ–º–µ –¥–æ–∫—É–º–µ–Ω—Ç–æ–≤. –∑–∞—á–∏—Å–ª–µ–Ω–∏–µ –Ω–∞ –±—é–¥–∂–µ—Ç –ø—Ä–æ—Ö–æ–¥–∏—Ç –≤ —Å–æ–æ—Ç–≤–µ—Ç—Å—Ç–≤–∏–∏ —Å –ø—Ä–∏–æ—Ä–∏—Ç–µ—Ç–∞–º–∏"
123,"–ï—Å–ª–∏ —è –Ω–µ –ø—Ä–æ—à–µ–ª –Ω–∞ –±—é–¥–∂–µ—Ç–Ω–æ–µ –º–µ—Å—Ç–æ, –º–æ–≥—É –ª–∏ —è –∑–∞–∫–ª—é—á–∏—Ç—å –¥–æ–≥–æ–≤–æ—Ä –Ω–∞ –ø–ª–∞—Ç–Ω–æ–µ –æ–±—É—á–µ–Ω–∏–µ?","–î–∞, –¥–ª—è –∑–∞–∫–ª—é—á–µ–Ω–∏—è –¥–æ–≥–æ–≤–æ—Ä–∞ –ø–æ—Å—Ç—É–ø–∞—é—â–∏–π –¥–æ–ª–∂–µ–Ω –ø–æ–¥–∞—Ç—å –æ—Ç–¥–µ–ª—å–Ω–æ–µ –∑–∞—è–≤–ª–µ–Ω–∏–µ –æ –ø—Ä–∏–µ–º–µ –¥–æ–∫—É–º–µ–Ω—Ç–æ–≤ –Ω–∞ –∫–æ–Ω—Ç—Ä–∞–∫—Ç, –∞ —Ç–∞–∫–∂–µ –Ω–∞–ø–∏—Å–∞—Ç—å –∑–∞—è–≤–ª–µ–Ω–∏–µ –æ —Å–æ–≥–ª–∞—Å–∏–∏ –Ω–∞ –∑–∞—á–∏—Å–ª–µ–Ω–∏–µ (–Ω–∞ –∫–æ–Ω—Ç—Ä–∞–∫—Ç–Ω–æ–π –æ—Å–Ω–æ–≤–µ)."
124,"–î–æ –∫–∞–∫–æ–≥–æ —á–∏—Å–ª–∞ –º–æ–∂–Ω–æ –∏–∑–º–µ–Ω–∏—Ç—å –≤—ã–±—Ä–∞–Ω–Ω—ã–µ –Ω–∞–ø—Ä–∞–≤–ª–µ–Ω–∏—è, —É–∫–∞–∑–∞–Ω–Ω—ã–µ –ø—Ä–∏ –ø–æ–¥–∞—á–µ –∑–∞—è–≤–ª–µ–Ω–∏—è –Ω–∞ —É—á–∞—Å—Ç–∏–µ –≤ –∫–æ–Ω–∫—É—Ä—Å–µ?","–£ –≤–∞—Å –µ—Å—Ç—å –≤–æ–∑–º–æ–∂–Ω–æ—Å—Ç—å –∏–∑–º–µ–Ω—è—Ç—å –Ω–∞–ø—Ä–∞–≤–ª–µ–Ω–∏—è –¥–æ –æ–∫–æ–Ω—á–∞–Ω–∏—è —Å—Ä–æ–∫–∞ –ø–æ–¥–∞—á–∏ –¥–æ–∫—É–º–µ–Ω—Ç–æ–≤ (–±–∞–∫–∞–ª–∞–≤—Ä–∏–∞—Ç/ —Å–ø–µ—Ü–∏–∞–ª–∏—Ç–µ—Ç, –º–∞–≥–∏—Å—Ç—Ä–∞—Ç—É—Ä–∞) –ø–æ –≤—ã–±—Ä–∞–Ω–Ω–æ–π –≤–∞–º–∏ —Ñ–æ—Ä–º–µ –æ–±—É—á–µ–Ω–∏—è."
125,–ì–¥–µ —è –º–æ–≥—É –Ω–∞–π—Ç–∏ –ø—Ä–æ–≥—Ä–∞–º–º—É –≤—Å—Ç—É–ø–∏—Ç–µ–ª—å–Ω—ã—Ö –∏—Å–ø—ã—Ç–∞–Ω–∏–π?,"–° –ø—Ä–æ–≥—Ä–∞–º–º–∞–º–∏ –≤—Å—Ç—É–ø–∏—Ç–µ–ª—å–Ω—ã—Ö –∏—Å–ø—ã—Ç–∞–Ω–∏–π –≤—ã –º–æ–∂–µ—Ç–µ –æ–∑–Ω–∞–∫–æ–º–∏—Ç—å—Å—è –≤ —Ä–∞–∑–¥–µ–ª–µ ¬´–ü—Ä–æ–≥—Ä–∞–º–º—ã –≤—Å—Ç—É–ø–∏—Ç–µ–ª—å–Ω—ã—Ö –∏—Å–ø—ã—Ç–∞–Ω–∏–π, –ø—Ä–æ–≤–æ–¥–∏–º—ã—Ö –≤—É–∑–æ–º —Å–∞–º–æ—Å—Ç–æ—è—Ç–µ–ª—å–Ω–æ, –¥–ª—è –ø–æ—Å—Ç—É–ø–ª–µ–Ω–∏—è –Ω–∞ –ø—Ä–æ–≥—Ä–∞–º–º—ã –í–û¬ª."
126,–ö–∞–∫ –ø–µ—Ä–µ–≤–µ—Å—Ç–∏—Å—å –∏–∑ –¥—Ä—É–≥–æ–≥–æ –≤—É–∑–∞ –≤ –£—Ä–§—É (–∏–ª–∏ –∏–∑ –æ–¥–Ω–æ–≥–æ –∏–Ω—Å—Ç–∏—Ç—É—Ç–∞ –£—Ä–§—É –≤ –¥—Ä—É–≥–æ–π)?,"–ü–µ—Ä–µ–≤–æ–¥ –æ—Å—É—â–µ—Å—Ç–≤–ª—è–µ—Ç—Å—è –ø–æ –ª–∏—á–Ω–æ–º—É –∑–∞—è–≤–ª–µ–Ω–∏—é –æ–±—É—á–∞—é—â–µ–≥–æ—Å—è –Ω–∞ –∏–º—è –¥–∏—Ä–µ–∫—Ç–æ—Ä–∞ –ø–æ –æ–±—Ä–∞–∑–æ–≤–∞—Ç–µ–ª—å–Ω–æ–π –¥–µ—è—Ç–µ–ª—å–Ω–æ—Å—Ç–∏, –ø–æ–¥–∞–≤–∞–µ–º–æ–º—É –≤ –¥–∏—Ä–µ–∫—Ü–∏—é –∏–Ω—Å—Ç–∏—Ç—É—Ç–∞.
–ö –∑–∞—è–≤–ª–µ–Ω–∏—é –ø—Ä–∏–∫–ª–∞–¥—ã–≤–∞–µ—Ç—Å—è –∑–∞–≤–µ—Ä–µ–Ω–Ω–∞—è –∫—Å–µ—Ä–æ–∫–æ–ø–∏—è –∑–∞—á–µ—Ç–Ω–æ–π –∫–Ω–∏–∂–∫–∏ –∏–ª–∏ –∞–∫–∞–¥–µ–º–∏—á–µ—Å–∫–∞—è —Å–ø—Ä–∞–≤–∫–∞. –î–∏—Ä–µ–∫—Ü–∏—è –∏–Ω—Å—Ç–∏—Ç—É—Ç–∞ –æ—Ä–≥–∞–Ω–∏–∑—É–µ—Ç —Ä–∞–±–æ—Ç—É –∞—Ç—Ç–µ—Å—Ç–∞—Ü–∏–æ–Ω–Ω–æ–π –∫–æ–º–∏—Å—Å–∏–∏, –ø–æ –∏—Ç–æ–≥–∞–º –∫–æ—Ç–æ—Ä–æ–π –æ—Ñ–æ—Ä–º–ª—è–µ—Ç—Å—è –ø—Ä–æ—Ç–æ–∫–æ–ª. –í –ø—Ä–æ—Ç–æ–∫–æ–ª–µ —É–∫–∞–∑—ã–≤–∞—é—Ç—Å—è –∞–∫–∞–¥–µ–º–∏—á–µ—Å–∫–∞—è —Ä–∞–∑–Ω–∏—Ü–∞ (–∑–∞–¥–æ–ª–∂–µ–Ω–Ω–æ—Å—Ç–∏) –∏ —Å—Ä–æ–∫–∏ –µ–µ –ª–∏–∫–≤–∏–¥–∞—Ü–∏–∏. –£ –∫–∞–∂–¥–æ–≥–æ –∏–Ω—Å—Ç–∏—Ç—É—Ç–∞ –µ—Å—Ç—å –æ—Ç–≤–µ—Ç—Å—Ç–≤–µ–Ω–Ω—ã–π –∑–∞ –ø–µ—Ä–µ–≤–æ–¥ –∏ –≤–æ—Å—Å—Ç–∞–Ω–æ–≤–ª–µ–Ω–∏–µ, –∫ –∫–æ—Ç–æ—Ä–æ–º—É —Å–ª–µ–¥—É–µ—Ç –æ–±—Ä–∞—Ç–∏—Ç—å—Å—è. –ö–æ–Ω—Ç–∞–∫—Ç—ã —Ä–∞–∑–º–µ—â–µ–Ω—ã –Ω–∞ —Å–∞–π—Ç–µ –£—Ä–§–£ –≤ —Ä–∞–∑–¥–µ–ª–µ ¬´–ü–µ—Ä–µ–≤–æ–¥ –∏ –≤–æ—Å—Å—Ç–∞–Ω–æ–≤–ª–µ–Ω–∏–µ¬ª."
127,"–†–µ–∑—É–ª—å—Ç–∞—Ç—ã –≤—Å—Ç—É–ø–∏—Ç–µ–ª—å–Ω—ã—Ö —Ä–∞–≤–Ω–æ–∑–Ω–∞—á–Ω—ã —Ä–µ–∑—É–ª—å—Ç–∞—Ç–∞–º
–ï–ì–≠? –¢. –µ. –±—É–¥—É –ª–∏ —è, –ø–æ—Å—Ç—É–ø–∞—è –Ω–∞ –±–∞–∑–µ –°–ü–û, —Å–¥–∞–≤ –≤—Å—Ç—É–ø–∏—Ç–µ–ª—å–Ω—ã–µ, –∫–æ–Ω–∫—É—Ä–∏—Ä–æ–≤–∞—Ç—å –Ω–∞ —Ä–∞–≤–Ω—ã—Ö —Å –ø–æ—Å—Ç—É–ø–∞—é—â–∏–º–∏ –Ω–∞ –±–∞–∑–µ –ï–ì–≠ –∏–ª–∏ —É –æ–±–ª–∞–¥–∞—Ç–µ–ª–µ–π —Ä–µ–∑—É–ª—å—Ç–∞—Ç–æ–≤ –ï–ì–≠ –µ—Å—Ç—å –∫–∞–∫–∏–µ-–ª–∏–±–æ –ø—Ä–µ–∏–º—É—â–µ—Å—Ç–≤–∞?","–ê–±–∏—Ç—É—Ä–∏–µ–Ω—Ç—ã, –ø–æ—Å—Ç—É–ø–∞—é—â–∏–µ –≤ —É–Ω–∏–≤–µ—Ä—Å–∏—Ç–µ—Ç –Ω–∞ –±–∞–∑–µ —Å—Ä–µ–¥–Ω–µ–≥–æ –ø—Ä–æ—Ñ–µ—Å—Å–∏–æ–Ω–∞–ª—å–Ω–æ–≥–æ –æ–±—Ä–∞–∑–æ–≤–∞–Ω–∏—è, –º–æ–≥—É—Ç —Å–¥–∞–≤–∞—Ç—å –æ–±—â–µ–æ–±—Ä–∞–∑–æ–≤–∞—Ç–µ–ª—å–Ω—ã–µ –≤—Å—Ç—É–ø–∏—Ç–µ–ª—å–Ω—ã–µ –∏—Å–ø—ã—Ç–∞–Ω–∏—è –≤ –£—Ä–§—É –≤ —Ñ–æ—Ä–º–µ –ï–ì–≠ –∏ –ø—Ä–æ—Ñ–µ—Å—Å–∏–æ–Ω–∞–ª—å–Ω—ã–µ –≤—Å—Ç—É–ø–∏—Ç–µ–ª—å–Ω—ã–µ –∏—Å–ø—ã—Ç–∞–Ω–∏—è –≤ —Ñ–æ—Ä–º–µ –∫–æ–º–ø—å—é—Ç–µ—Ä–Ω–æ–≥–æ —Ç–µ—Å—Ç–∏—Ä–æ–≤–∞–Ω–∏—è. –æ–±—â–µ–æ–±—Ä–∞–∑–æ–≤–∞—Ç–µ–ª—å–Ω—ã–µ –≤—Å—Ç—É–ø–∏—Ç–µ–ª—å–Ω—ã–µ –∏—Å–ø—ã—Ç–∞–Ω–∏—è –≤ –£—Ä–§—É –≤ —Ñ–æ—Ä–º–µ –ï–ì–≠ –∏ –ø—Ä–æ—Ñ–µ—Å—Å–∏–æ–Ω–∞–ª—å–Ω—ã–µ –≤—Å—Ç—É–ø–∏—Ç–µ–ª—å–Ω—ã–µ –∏—Å–ø—ã—Ç–∞–Ω–∏—è –≤ —Ñ–æ—Ä–º–µ –∫–æ–º–ø—å—é—Ç–µ—Ä–Ω–æ–≥–æ —Ç–µ—Å—Ç–∏—Ä–æ–≤–∞–Ω–∏—è—É –ª–∏—Ü, –ø–æ—Å—Ç—É–ø–∞—é—â–∏—Ö –ø–æ —Ä–µ–∑—É–ª—å—Ç–∞—Ç–∞–º –ï–ì–≠, –Ω–µ—Ç –ø—Ä–∏–≤–∏–ª–µ–≥–∏–π –ø–æ –æ—Ç–Ω–æ—à–µ–Ω–∏—é –∫ –ª–∏—Ü–∞–º, –ø–æ—Å—Ç—É–ø–∞—é—â–∏–º –ø–æ —Ä–µ–∑—É–ª—å—Ç–∞—Ç–∞–º –≤—Å—Ç—É–ø–∏—Ç–µ–ª—å–Ω—ã—Ö –∏—Å–ø—ã—Ç–∞–Ω–∏–π. –û–±–µ –∫–∞—Ç–µ–≥–æ—Ä–∏–∏ —É—á–∞—Å—Ç–≤—É—é—Ç –≤ –æ–±—â–µ–º –∫–æ–Ω–∫—É—Ä—Å–µ."
128,"–ê–±–∏—Ç—É—Ä–∏–µ–Ω—Ç –æ—Ç–Ω–æ—Å–∏—Ç—Å—è –∫ –¥–µ—Ç—è–º, –æ—Å—Ç–∞–≤—à–∏–º—Å—è –±–µ–∑ –ø–æ–ø–µ—á–µ–Ω–∏—è —Ä–æ–¥–∏—Ç–µ–ª–µ–π. –ö–∞–∫–∏–µ –ª—å–≥–æ—Ç—ã –ø—Ä–µ–¥—É—Å–º–∞—Ç—Ä–∏–≤–∞—é—Ç—Å—è –≤ –¥–∞–Ω–Ω–æ–º —Å–ª—É—á–∞–µ?","–° –∏–Ω—Ç–µ—Ä–µ—Å—É—é—â–µ–π –∏–Ω—Ñ–æ—Ä–º–∞—Ü–∏–µ–π –º–æ–∂–µ—Ç–µ –æ–∑–Ω–∞–∫–æ–º–∏—Ç—å—Å—è –≤ –ü—Ä–∞–≤–∏–ª–∞—Ö –ø—Ä–∏–µ–º–∞ (–ø—É–Ω–∫—Ç—ã 2, 3 —Ä–∞–∑–¥–µ–ª–∞ VI). –ó–∞ —Å—Ç—É–¥–µ–Ω—Ç–æ–º —Å–æ—Ö—Ä–∞–Ω—è—é—Ç—Å—è –ª—å–≥–æ—Ç—ã –≤ –≤–∏–¥–µ —Å–æ—Ü–∏–∞–ª—å–Ω–æ–π —Å—Ç–∏–ø–µ–Ω–¥–∏–∏. –î–µ—Ç–∏, –æ—Å—Ç–∞–≤—à–∏–µ—Å—è –±–µ–∑ –ø–æ–ø–µ—á–µ–Ω–∏—è —Ä–æ–¥–∏—Ç–µ–ª–µ–π, –ø–æ—Å—Ç—É–ø–∞—é—Ç –≤ –ø—Ä–µ–¥–µ–ª–∞—Ö –æ—Å–æ–±–æ–π –∫–≤–æ—Ç—ã."
129,–ï—Å—Ç—å –ª–∏ –≤ –£—Ä–§—É –≤–æ–µ–Ω–Ω–∞—è –∫–∞—Ñ–µ–¥—Ä–∞?,"–í —É–Ω–∏–≤–µ—Ä—Å–∏—Ç–µ—Ç–µ –µ—Å—Ç—å –≤–æ–µ–Ω–Ω—ã–π —É—á–µ–±–Ω—ã–π —Ü–µ–Ω—Ç—Ä (–í–£–¶). –≤–æ–µ–Ω–Ω—ã–π —É—á–µ–±–Ω—ã–π —Ü–µ–Ω—Ç—Ä (–í–£–¶) –ü–æ—Å—Ç—É–ø–∏—Ç—å –Ω–∞ ¬´–≤–æ–µ–Ω–Ω—É—é –∫–∞—Ñ–µ–¥—Ä—É¬ª –º–æ–∂–Ω–æ –ø–æ –∫–æ–Ω–∫—É—Ä—Å—É, –æ–±—É—á–∞—è—Å—å –Ω–∞ –≤—Ç–æ—Ä–æ–º –∫—É—Ä—Å–µ –Ω–∞ –ª—é–±–æ–º –∏–∑ –Ω–∞–ø—Ä–∞–≤–ª–µ–Ω–∏–π –ø–æ–¥–≥–æ—Ç–æ–≤–∫–∏ –±–∞–∫–∞–ª–∞–≤—Ä–∏–∞—Ç–∞ –∏–ª–∏ —Å–ø–µ—Ü–∏–∞–ª–∏—Ç–µ—Ç–∞. –ü–æ –æ–∫–æ–Ω—á–∞–Ω–∏—é —Å—Ç—É–¥–µ–Ω—Ç—ã –ø–æ–ª—É—á–∞—é—Ç –∑–≤–∞–Ω–∏–µ –ª–µ–π—Ç–µ–Ω–∞–Ω—Ç–∞ –∑–∞–ø–∞—Å–∞. –í–£–¶ –¥–∞–µ—Ç –≤–æ–∑–º–æ–∂–Ω–æ—Å—Ç—å –ø–æ–ª—É—á–∏—Ç—å –æ–±—Ä–∞–∑–æ–≤–∞–Ω–∏–µ –ø–æ –≤–æ–µ–Ω–Ω–æ–π —Å–ø–µ—Ü–∏–∞–ª—å–Ω–æ—Å—Ç–∏ –∏ –ø–æ—Å—Ç—É–ø–∏—Ç—å –Ω–∞ –∫–æ–Ω—Ç—Ä–∞–∫—Ç–Ω—É—é —Å–ª—É–∂–±—É."
130,"–ï—Å–ª–∏ —è —Å–¥–∞–≤–∞–ª –ï–ì–≠ –¥–≤–∞ –≥–æ–¥–∞ –Ω–∞–∑–∞–¥, –º–æ–≥—É –ª–∏ —è –ø–æ—Å—Ç—É–ø–∏—Ç—å –≤ —ç—Ç–æ–º –≥–æ–¥—É?","–î–∞. –ü–æ—Å—Ç—É–ø–∞—é—â–∏–µ –ø–æ —Ä–µ–∑—É–ª—å—Ç–∞—Ç–∞–º –ï–ì–≠ –º–æ–≥—É—Ç –∏—Å–ø–æ–ª—å–∑–æ–≤–∞—Ç—å —Ä–µ–∑—É–ª—å—Ç–∞—Ç—ã —ç–∫–∑–∞–º–µ–Ω–æ–≤, –ø–æ–ª—É—á–µ–Ω–Ω—ã–µ –≤ –ø–µ—Ä–∏–æ–¥ —Å 2019 –≥. –ø–æ 2023 –≥."
131,–í –∫–∞–∫–æ–º —Å–ª—É—á–∞–µ –Ω—É–∂–µ–Ω —Ä–µ–∑—É–ª—å—Ç–∞—Ç –ï–ì–≠ –ø–æ –ø—Ä–æ—Ñ–∏–ª—å–Ω–æ–π –º–∞—Ç–µ–º–∞—Ç–∏–∫–µ?,"–ï—Å–ª–∏ –≤ –ø–µ—Ä–µ—á–Ω–µ –≤—Å—Ç—É–ø–∏—Ç–µ–ª—å–Ω—ã—Ö –∏—Å–ø—ã—Ç–∞–Ω–∏–π —É–∫–∞–∑—ã–≤–∞–µ—Ç—Å—è ¬´–º–∞—Ç–µ–º–∞—Ç–∏–∫–∞¬ª, —Ç–æ –æ–Ω–∞ –ø–æ–¥—Ä–∞–∑—É–º–µ–≤–∞–µ—Ç –ø—Ä–æ—Ñ–∏–ª—å–Ω—ã–π —É—Ä–æ–≤–µ–Ω—å."
132,–ù—É–∂–Ω–æ –ª–∏ –∑–∞–ø–∏—Å—ã–≤–∞—Ç—å—Å—è –Ω–∞ –≤—Å—Ç—É–ø–∏—Ç–µ–ª—å–Ω—ã–µ –∏—Å–ø—ã—Ç–∞–Ω–∏—è –∏ –∫–∞–∫ —ç—Ç–æ —Å–¥–µ–ª–∞—Ç—å?,–†–∞—Å–ø–∏—Å–∞–Ω–∏–µ —Ñ–æ—Ä–º–∏—Ä—É–µ—Ç—Å—è –∏–Ω–¥–∏–≤–∏–¥—É–∞–ª—å–Ω–æ –ø—Ä–∏ –ø–æ–¥–∞—á–µ –¥–æ–∫—É–º–µ–Ω—Ç–æ–≤ –≤ –ª–∏—á–Ω–æ–º –∫–∞–±–∏–Ω–µ—Ç–µ –∞–±–∏—Ç—É—Ä–∏–µ–Ω—Ç–∞. –ì—Ä–∞—Ñ–∏–∫ –¥–æ–ø–æ–ª–Ω–∏—Ç–µ–ª—å–Ω—ã—Ö –≤—Å—Ç—É–ø–∏—Ç–µ–ª—å–Ω—ã—Ö –∏—Å–ø—ã—Ç–∞–Ω–∏–π —Ç–≤–æ—Ä—á–µ—Å–∫–æ–π –∏–ª–∏ –ø—Ä–æ—Ñ–µ—Å—Å–∏–æ–Ω–∞–ª—å–Ω–æ–π –Ω–∞–ø—Ä–∞–≤–ª–µ–Ω–Ω–æ—Å—Ç–∏ –±—É–¥–µ—Ç —Ä–∞–∑–º–µ—â–µ–Ω –Ω–∞ —Å–∞–π—Ç–µ —É–Ω–∏–≤–µ—Ä—Å–∏—Ç–µ—Ç–∞ –≤ —Ä–∞–∑–¥–µ–ª–µ ¬´–ê–±–∏—Ç—É—Ä–∏–µ–Ω—Ç–∞–º¬ª 1 –∏—é–Ω—è.
