id;message_id;question_text;bot_answer;feedback;user_id;timestamp
1;1902;А если хочешь тем не менее на платное?;"Для поступления на контрактное обучение в ИРИТ-РТФ УрФУ необходимо подать документы через Госуслуги или лично, при этом достаточно электронного согласия на Госуслугах. Подать документы на бюджет и контракт одновременно можно, так как конкурсы по ним проводятся раздельно.

Стоимость обучения по направлениям в ИРИТ-РТФ в 2025 году составляет до 263 000 рублей в год для большинства программ, кроме направления «Управление в технических системах», где стоимость обучения — до 216 000 рублей в год. Оплата может быть разделена на 2–4 части, также есть возможность оформления образовательного кредита.

Более подробную информацию о подаче документов и условиях обучения можно получить в приёмной комиссии по адресу: Екатеринбург, ул. Мира, 19, или через телеграм-канал и социальные сети.";👍;1080954445;2025-06-21 06:40:00
2;1904;А если не прошел по конкурсу на платное?;"Если вы не прошли по конкурсу на платное обучение, вам могут быть доступны следующие варианты:

1. Попробуйте подать документы на другие направления в ИРИТ-РТФ, где ещё есть свободные места.
2. Пересмотрите приоритеты направлений и подачи документов — возможно, вы сможете изменить приоритеты и увеличить свои шансы на поступление.
3. Если у вас есть возможность и желание, вы можете рассмотреть вариант поступления на следующий год, подготовившись более тщательно.
4. Также можно обратиться в контрактный отдел для обсуждения возможных вариантов оплаты обучения или оформления образовательного кредита.";👍;1080954445;2025-06-21 07:12:31
3;1913;И в этих направлениях есть ещё программы, которые нужно указать по приоритетам? Можно где-то посмотреть пример заполнения заявления? У нас аттестат будет только 28.06.;"Да, при поступлении в ИРИТ-РТФ УрФУ вы можете указать приоритеты по программам внутри выбранных направлений. Можно участвовать в конкурсе на 5 направлений одновременно, отдельно указываются приоритеты по каждой квоте (особая, целевая, основная) и один общий приоритет по платным местам (1 — наивысший). Изменить приоритеты можно до окончания приёма документов, оформив новый «Лист участника конкурса».

Пример заполнения заявления вы можете найти на официальном сайте УрФУ.";👍;1080954445;2025-06-21 07:45:28
4;1908;Это значит, что подавая согласие в вуз, абитуриент не может знать по какому приоритету он пройдет, если  вообще пройдёт. Об этом он узнаёт только 6.08?;"Этот вопрос не относится к конкретным направлениям ИРИТ-РТФ. Я могу рассказать только о направлениях нашего института, таких как: «Информатика и вычислительная техника», «Прикладная информатика», «Радиотехника», «Инфокоммуникационные технологии» и других технических программах ИРИТ-РТФ.

Если у вас есть вопросы о поступлении на конкретные направления, буду рад ответить.";👎;779150659;2025-06-21 08:30:40
5;1915;здравствуйте, а в чем разница между направлениями 09.03.01, 09.03.03 и 09.03.04?;"Здравствуйте!

09.03.01 «Информатика и вычислительная техника» — программа сочетает изучение аппаратного и программного обеспечения информационных систем. Студенты получают комплексную подготовку в области архитектуры компьютеров, операционных систем, языков программирования и информационных потоков. Обучение направлено на разработку и сопровождение информационных систем и умных устройств на всех этапах их жизненного цикла.

09.03.03 «Прикладная информатика» — программа готовит специалистов, способных применять прикладные ИТ-решения для задач науки и бизнеса. Обучение охватывает технические дисциплины, экономику, дизайн и гуманитарные науки, что обеспечивает универсальность подготовки. Студенты осваивают навыки разработки, моделирования и анализа данных, а также внедрения и сопровождения информационных систем.

09.03.04 «Программная инженерия» — флагманская программа бакалавриата ИРИТ-РТФ, готовящая универсальных ИТ-специалистов, которые понимают все этапы создания ПО: от кода и дизайна до юридических аспектов и ГОСТов. Программный инженер — не просто программист, а специалист, задействованный на всех этапах разработки: от анализа требований до внедрения, тестирования и поддержки.

Каждое из этих направлений имеет свои особенности и акценты в обучении, поэтому выбор зависит от ваших интересов и карьерных целей в сфере IT.";👍;457713197;2025-06-21 08:42:25
6;1924;можно еще поподробнее про приоритеты?;При поступлении в ИРИТ-РТФ УрФУ вы можете участвовать в конкурсе на 5 направлений одновременно. Для каждого направления необходимо указать приоритеты отдельно по каждой квоте (особая, целевая, основная) и один общий приоритет по платным местам (1 — наивысший). Изменить приоритеты можно до окончания приёма документов, оформив новый «Лист участника конкурса».;👍;1198649141;2025-06-21 09:23:44
7;1946;Добрый день. А разве на бюджет и на платное не одновременно подаются документы?;Да, вы можете подавать документы одновременно на бюджет и на платное обучение. Участвовать можно в двух конкурсах — на бюджетные и контрактные места.;👍;1117509478;2025-06-21 12:35:47
8;1959;Здравствуйте, согласие подается в целом в институт, дальше по приоритетам? На платное нужно подавать документы, или это можно сделать после завершения конкурса на бюджет?;"Здравствуйте!

Согласие на поступление подается отдельно для бюджета и контракта, и вы можете участвовать в конкурсах на оба варианта одновременно. Приоритеты указываются отдельно по каждой квоте (особая, целевая, основная) и один общий приоритет по платным местам. Вы можете изменить приоритеты до окончания приёма документов, оформив новый «Лист участника конкурса».

На платное обучение можно подавать документы после завершения конкурса на бюджет, но важно учитывать сроки подачи документов на контрактное обучение, которые в 2025 году будут до 5 сентября (без экзаменов) и до 3 сентября (с экзаменами).";👎;1657996989;2025-06-21 16:39:13
9;1963;То есть вплоть до 5 сентября можно подать заявление на платное через личный кабинет УрФУ или Госуслуги?;Да, заявление на платное обучение можно подать через личный кабинет УрФУ или Госуслуги до 5 сентября.;👍;927653800;2025-06-21 18:03:38
10;1971;Здравствуйте, есть возможность сначала поступить на платное обучение, а далее например на 2 курсе перевестись на бюджет? Если да то скажите пожалуйста, что для этого нужно;Да, перевод с платного обучения на бюджетное в ИРИТ-РТФ УрФУ возможен при наличии свободных мест и успешной учёбе. Для перевода необходимо подать заявление с копией зачётки или академической справки и оформить протокол с академической разницей.;👎;5424663938;2025-06-21 20:09:29
11;1969;А подскажите пожалуйста, по времени примерно во сколько вступительные экзамены проходят?;График проведения вступительных испытаний публикуется с 1 июня. Вы можете ознакомиться с ним в личном кабинете на сайте УрФУ.;👍;1789853265;2025-06-21 21:37:28
12;1975;"Подскажите, а что делать выпускнику прошлых лет, у которого на гу аттестат не подгружен и внести его туда ни школа, ни выпускник не могут?.. 
Или в таком случае в гу прикладывается скан аттестата?";Этот вопрос не относится к ИРИТ-РТФ. Я могу рассказать только о направлениях нашего института, таких как: «Информатика и вычислительная техника», «Прикладная информатика», «Радиотехника», «Инфокоммуникационные технологии» и других технических программах ИРИТ-РТФ.;👎;816852816;2025-06-21 22:42:10
13;1979;"Добрый день. Вопрос. Допустим есть 220-230 баллов. Прохожу на радиотехнику, но не прохожу на прикладную информатику.
Подаю согласие на радиотехнику, вижу себя в списках на зачисление.
Но потом появляются деньги и решаю идти платно на информатику. Так можно?
И еще вопрос. На протяжении 4х лет стоимость обучения не меняется? Если заявлена 263тр, то через год может вырасти до 300, 350 и тд? Как в договоре прописано увеличение стоимости?
Про скидки понятно, что надо хорошо учиться.";"Да, вы можете поступить на бюджетное место по направлению «Радиотехника», а затем, если у вас появятся средства, попробовать перевестись на контрактное обучение по направлению «Прикладная информатика». Однако важно учитывать, что перевод с бюджетного места на контрактное возможен только при наличии свободных мест и успешной учёбе.

Что касается стоимости обучения, то она может увеличиваться ежегодно, как правило, не более чем на 5%. Точные условия увеличения стоимости обучения прописываются в договоре на платное обучение.";👎;998035721;2025-06-22 04:33:53
14;1980;А надо верифицированные часы?;Этот вопрос не относится к ИРИТ-РТФ. Я могу рассказать только о направлениях нашего института, таких как: «Информатика и вычислительная техника», «Прикладная информатика», «Радиотехника», «Инфокоммуникационные технологии» и других технических программах ИРИТ-РТФ.;👍;1117509478;2025-06-22 05:19:18
15;1977;Доброе утро. Подскажите, пожалуйста, при поступлении волонтерская книжка дает дополнительные баллы. На сайте указано, что это выписка с сайта Добро.ру, а если волонтерская книжка только в бумажном варианте, она имеет какой-то вес?;Да, волонтёрская деятельность может дать дополнительный балл при поступлении, но для этого необходимо подтверждение в виде выписки с сайта dobro.ru (за 100 часов — 1 балл). Если у вас есть волонтёрская книжка в бумажном варианте, её нужно будет подтвердить соответствующими данными на указанном сайте.;👍;1652492951;2025-06-22 06:43:03
16;1984;Программная инженерия в этой ветке тоже или в другой?;"«Программная инженерия» — это одно из направлений обучения в ИРИТ-РТФ УрФУ. Программа готовит универсальных ИТ-специалистов, которые понимают все этапы создания программного обеспечения. Студенты изучают базовые и специализированные языки программирования, такие как C#, Java, C++ и Python, и могут выбрать индивидуальную образовательную траекторию.

Если у вас есть вопросы о поступлении на это направление, я с радостью на них отвечу.";👍;430479419;2025-06-22 07:32:29
17;2033;"https://t.me/iritrtf_urfu/1/2009
Здравствуйте, а эта встреча будет в онлайне? Или она только в вузе?";Этот вопрос не относится к ИРИТ-РТФ. Я могу рассказать только о направлениях нашего института, таких как: «Информатика и вычислительная техника», «Прикладная информатика», «Радиотехника», «Инфокоммуникационные технологии» и других технических программах ИРИТ-РТФ.;👎;5459234049;2025-06-23 11:59:29
18;2044;Здравствуйте, а данные о прохождении военной службы при подаче документов через госуслуги сами подгрузятся или нужно будет прикладывать скан документа или справки чтобы получить доп.баллы?;При подаче документов через Госуслуги информация о прохождении военной службы должна подгрузиться автоматически. Однако для получения дополнительных баллов важно убедиться, что все необходимые данные корректно отображены в вашем профиле на Госуслугах.;👍;2083904577;2025-06-23 13:15:14
19;2046;На госуслугах пишут, что нужно предоставить оригиналы документов в приёмную комиссию, подтверждающих прохождение военной службы, как и когда это можно сделать?;"При подаче документов на бюджет или контрактное обучение через Госуслуги достаточно электронного согласия, оригиналы документов предоставлять не нужно.

Однако если вы хотите получить дополнительные баллы за прохождение военной службы, вам необходимо подтвердить этот факт. Пожалуйста, ознакомьтесь с правилами подачи подтверждающих документов в личном кабинете на сайте УрФУ. Обычно для подтверждения достижений требуется предоставить соответствующие документы в электронном виде.";👎;5158879241;2025-06-23 13:51:08
20;2047;Здравствуйте. А если учишься платно, то будет возможность побороться за стипендию? Одно другое не исключает?;Этот вопрос не относится к ИРИТ-РТФ. Я могу рассказать только о направлениях нашего института, таких как: «Информатика и вычислительная техника», «Прикладная информатика», «Радиотехника», «Инфокоммуникационные технологии» и других технических программах ИРИТ-РТФ.;👎;998035721;2025-06-23 14:17:03
21;2052;А как подтвердить свое участие в финальном этапе олимпиады изумруд? Где-то есть какой-то сертификат?;"Этот вопрос не относится к ИРИТ-РТФ. Я могу рассказать только о направлениях нашего института, таких как: «Информатика и вычислительная техника», «Прикладная информатика», «Радиотехника», «Инфокоммуникационные технологии» и других технических программах ИРИТ-РТФ.

Участие в олимпиаде «Изумруд» может принести дополнительные баллы при поступлении в ИРИТ-РТФ УрФУ. За участие в олимпиаде начисляется 4 балла, а если вы стали призёром, эти баллы сохраняются в течение четырёх лет.";👎;5068541329;2025-06-23 20:53:29
22;2058;"Доброе утро! 
Чем отличается прикладная информатика от прикладного искусственного интеллекта? У них вроде код один
Дадите учебный план этих направлений? 
И про программную инженерию интересны было бы послушать
Звучит всё похоже, а чем различаются не пойму";"Доброе утро!

09.03.03 «Прикладная информатика» готовит специалистов, способных применять прикладные ИТ-решения для задач науки и бизнеса. Обучение охватывает технические дисциплины, экономику, дизайн и гуманитарные науки, что обеспечивает универсальность подготовки. Студенты осваивают навыки разработки, моделирования и анализа данных, а также внедрения и сопровождения информационных систем. Выпускники востребованы в IT-компаниях, исследовательских организациях и могут создавать собственные проекты и стартапы.

09.03.03 «Прикладной искусственный интеллект» готовит специалистов по созданию интеллектуальных систем, способных принимать решения, обучаться и оптимизировать работу. Студенты изучают алгоритмы, структуры данных, программирование на Python, основы статистики и математического моделирования. Особое внимание уделяется разработке рекомендательных систем и анализу больших данных. Программа реализуется в партнёрстве с крупной российской IT-компанией VK и ориентирована на практическую работу с реальными задачами в сфере ИИ и машинного обучения. Благодаря индивидуальным образовательным траекториям студенты могут освоить дополнительный язык программирования (C#, JavaScript, TypeScript, Java, C++ и др.).

09.03.04 «Программная инженерия» — флагманская программа бакалавриата ИРИТ-РТФ, готовящая универсальных ИТ-специалистов, которые понимают все этапы создания ПО: от кода и дизайна до юридических аспектов и ГОСТов. Программный инженер — не просто программист, а специалист, задействованный на всех этапах разработки: от анализа требований до внедрения, тестирования и поддержки. Программа учитывает все профессиональные требования: в неё входят как базовые языки программирования (C#, Java, C++, Python), так и специализированные. Студенты обучаются по системе индивидуальных образовательных траекторий и в течение всего периода обучения могут познакомиться со спецификой той или иной профессии, выбрать наиболее подходящий трек подготовки.

Учебный план каждого направления можно найти на официальном сайте ИРИТ-РТФ УрФУ.";👍;1652492951;2025-06-24 04:15:36
23;2059;Здравствуйте! где можно узнать средний балл поступивших в 2024 году на информатику и вычислительную технику 09.03.01?;Проходной балл на направление «Информатика и вычислительная техника» (09.03.01) в ИРИТ-РТФ УрФУ в 2024 году составил 241 балл.;👎;1657996989;2025-06-24 04:28:58
24;2064;"А какой проходной был на направление ""программная инженерия""?";Проходной балл на направление «Программная инженерия» (09.03.04) в 2024 году составил 244 балла.;👍;5242209905;2025-06-24 05:00:22
25;2070;А где можно найти списки зачисленных?;Списки зачисленных можно найти на официальном сайте УрФУ.;👍;596979766;2025-06-24 05:08:10
26;2083;На платное есть шанс поступить на какой то факультет с баллом 175-185? Кроме радиотехники, конструирования и технологии электронных средств, технологии упаковочного производства  и радиолокационных комплексов;"С баллами 175–185 вы можете рассмотреть поступление на контрактное обучение по следующим направлениям ИРИТ-РТФ УрФУ:

* 09.03.04 «Программная инженерия» (проходной балл 244, контрактных мест 200);
* 10.03.01 «Безопасность компьютерных систем» (проходной балл 239, контрактных мест 75);
* 11.03.02 «Инфокоммуникационные технологии и системы связи» (проходной балл 217, контрактных мест 10).

Обратите внимание, что проходной балл может меняться в зависимости от года поступления и количества абитуриентов, участвующих в конкурсе. Также важно учитывать, что на некоторые направления количество контрактных мест ограничено.";👎;1309379222;2025-06-24 05:33:37
27;2060;Доброе утро! Подскажите пожалуйста, на каких направлениях изучается  физика в меньшей степени?;"Физика является одним из предметов вступительных испытаний на большинство направлений в ИРИТ-РТФ УрФУ, наряду с русским языком и профильной математикой. Однако, если вас интересует минимальное изучение физики в процессе обучения, вы можете рассмотреть такие направления, как:

- 09.03.01 «Информатика и вычислительная техника».
- 09.03.01 «Алгоритмы искусственного интеллекта».
- 09.03.03 «Прикладная информатика».
- 09.03.04 «Программная инженерия».
- 10.03.01 «Безопасность компьютерных систем».

Эти направления в большей степени ориентированы на изучение информационных технологий, программирования и кибербезопасности, но физика также может быть представлена в качестве общеобразовательной дисциплины. Для более детальной информации о конкретных учебных планах и программах рекомендуется ознакомиться с официальными материалами на сайте ИРИТ-РТФ УрФУ.";👍;776120358;2025-06-24 06:04:46
28;2061;Здравствуйте, у меня похожий вопрос. А где можно посмотреть все баллы всех поступивших в 24 году на платной основе? Слышал что такое на урфу есть где то;"Этот вопрос не относится к направлениям ИРИТ-РТФ напрямую. Я могу предоставить информацию о проходных баллах и условиях поступления на различные программы нашего института, такие как «Информатика и вычислительная техника», «Прикладная информатика», «Радиотехника» и другие технические программы. Если вас интересует информация о проходных баллах на контрактное обучение в ИРИТ-РТФ за 2024 год, я могу сообщить вам следующие данные:

- 09.03.01 «Информатика и вычислительная техника»: проходной балл 241.
- 09.03.01 «Алгоритмы искусственного интеллекта»: проходной балл 246.
- 09.03.03 «Прикладная информатика»: проходной балл 247.
- 09.03.03 «Прикладной искусственный интеллект»: проходной балл 239.
- 09.03.04 «Программная инженерия»: проходной балл 244.
- 10.03.01 «Безопасность компьютерных систем»: проходной балл 239.
- 11.03.01 «Радиотехника»: проходной балл 184.
- 11.03.02 «Инфокоммуникационные технологии и системы связи»: проходной балл 217.
- 11.03.03 «Конструирование и технология электронных средств»: проходной балл 184.
- 27.03.04 «Управление в технических системах»: проходной балл 217.
- 29.03.04 «Технология полиграфического и упаковочного производства»: проходной балл 182.
- 10.05.02 «Информационная безопасность телекоммуникационных систем»: проходной балл 222.
- 10.05.04 «Информационно-аналитические системы безопасности»: проходной балл 224.
- 11.05.01 «Радиолокационные системы и комплексы»: проходной балл 173.";👍;5410584619;2025-06-24 06:25:40
29;2094;Хватит ли 242 баллов для 100%-го поступления на программистские направления в ИРИТ-РТФ?;"Для поступления на программистские направления в ИРИТ-РТФ в 2025 году количество баллов должно быть не ниже проходного. Вот проходные баллы для некоторых направлений:

- 09.03.01 «Информатика и вычислительная техника» — 241 балл.
- 09.03.01 «Алгоритмы искусственного интеллекта» — 246 баллов.
- 09.03.03 «Прикладная информатика» — 247 баллов.
- 09.03.04 «Программная инженерия» — 244 балла.

С 242 баллами у вас есть шансы поступить на направление «Информатика и вычислительная техника», но для других направлений баллов может не хватить. Также стоит учесть, что при большом конкурсе на бюджетные места, проходные баллы могут измениться.";👎;5225469767;2025-06-24 06:51:40
30;2074;А где и когда появятся списки с примерными результатами абитуриентов? И будет ли отдельная графа для тех кто поступает по отдельной квоте?;Списки с примерными результатами абитуриентов публикуются в соответствии с установленными сроками и процедурами приёмной кампании. Подробную информацию о сроках публикации списков и порядке поступления, включая особенности для поступающих по отдельной квоте, можно найти на официальном сайте ИРИТ-РТФ УрФУ.;👍;2065832582;2025-06-24 06:51:45
31;2067;Не, а среднее арифметическое всех поступивших?;Этот вопрос не относится к конкретным направлениям ИРИТ-РТФ. Я могу рассказать только о направлениях нашего института, таких как: «Информатика и вычислительная техника», «Прикладная информатика», «Радиотехника», «Инфокоммуникационные технологии» и других технических программах ИРИТ-РТФ. Если у вас есть вопросы по этим направлениям, буду рад ответить.;👎;5192456643;2025-06-24 07:09:05
32;2119;А информатики и вт нет? Я на сайте найти не могу либо выводит, что страницы больше нет;"Направление «Информатика и вычислительная техника» есть в ИРИТ-РТФ УрФУ. Проходной балл в 2024 году составил 241, в 2025 году будет доступно 200 бюджетных мест и 125 контрактных. Стоимость обучения на контрактной основе — до 263 000 рублей в год. Для поступления необходимо сдать ЕГЭ по русскому языку, профильной математике и информатике или физике.

Если у вас есть ещё вопросы о поступлении на это направление или другие программы ИРИТ-РТФ, буду рад ответить.";👎;5192456643;2025-06-24 08:35:20
33;2128;"Я правильно понимаю, что очно-заочная, это то что раньше (я очень давно училась в ВУЗе) называлось ""вечерней формой""? С начала 2000-х ничего не изменилось в формате?";Этот вопрос не относится к ИРИТ-РТФ. Я могу рассказать только о направлениях нашего института, таких как: «Информатика и вычислительная техника», «Прикладная информатика», «Радиотехника», «Инфокоммуникационные технологии» и других технических программах ИРИТ-РТФ.;👎;1483128429;2025-06-24 09:26:26
34;2123;"Меня интересует ""прикладная информатика"". В плане приёма вижу, что есть очно-заочная форма обучения. Сын, скорее всего на очное не пройдёт по конкурсу, но у него целью стоит получение образования именно по этому направлению (а у меня нет 😊). Поэтому хочу понять, сможет ли он учиться на другой специальности очно в УрФУ и параллельно обучаться платно на очно-заочной? Или будут накладки и придётся чем-то жертвовать?";"Этот вопрос не относится к ИРИТ-РТФ в части особенностей совмещения обучения на разных специальностях и формах обучения в УрФУ. Я могу рассказать только о направлениях нашего института, таких как «Прикладная информатика» и других технических программах ИРИТ-РТФ.

По направлению подготовки 09.03.03 «Прикладная информатика» в ИРИТ-РТФ УрФУ в 2025 году предусмотрено 164 бюджетных места и 160 контрактных мест. Стоимость обучения на очно-заочной форме составляет до 263 000 рублей в год. Для поступления требуются результаты ЕГЭ по русскому языку, профильной математике и информатике или физике.

Программа «Прикладная информатика» готовит специалистов, способных применять прикладные ИТ-решения для задач науки и бизнеса. Обучение охватывает технические дисциплины, экономику, дизайн и гуманитарные науки, что обеспечивает универсальность подготовки. Студенты осваивают навыки разработки, моделирования и анализа данных, а также внедрения и сопровождения информационных систем. Выпускники востребованы в IT-компаниях, исследовательских организациях и могут создавать собственные проекты и стартапы.";👍;989533182;2025-06-24 09:28:27
35;2101;"Это как по времени конкурс на платное позже? Можете по датам пояснить, пожалуйста. Когда договор на платное подавать, но если что на бюджет не пролететь с баллами ""на грани проходного"".";"Для подачи документов на платное обучение в ИРИТ-РТФ УрФУ у вас есть больше времени, чем на бюджет. 

Сроки подачи документов в 2025 году следующие:
* Бюджет (без экзаменов): с 20 июня по 25 июля.
* Платное (без экзаменов): до 5 сентября.

Таким образом, вы можете одновременно участвовать в конкурсе на бюджет и на платное обучение. Если вы не пройдёте на бюджет, у вас будет возможность заключить договор на платное обучение. Изменить приоритеты можно до окончания приёма документов, оформив новый «Лист участника конкурса».";👍;784728405;2025-06-24 09:36:40
36;2131;"Добрый день!
Подскажите, пожалуйста, где на сайте найти проходные баллы прошлого года? Не смогла найти";"Проходные баллы прошлого года по направлениям ИРИТ-РТФ УрФУ:

- 09.03.01 «Информатика и вычислительная техника»: проходной балл 241.
- 09.03.01 «Алгоритмы искусственного интеллекта»: проходной балл 246.
- 09.03.03 «Прикладная информатика»: проходной балл 247.
- 09.03.03 «Прикладной искусственный интеллект»: проходной балл 239.
- 09.03.04 «Программная инженерия»: проходной балл 244.
- 10.03.01 «Безопасность компьютерных систем»: проходной балл 239.
- 11.03.01 «Радиотехника»: проходной балл 184.
- 11.03.02 «Инфокоммуникационные технологии и системы связи»: проходной балл 217.
- 11.03.03 «Конструирование и технология электронных средств»: проходной балл 184.
- 27.03.04 «Управление в технических системах»: проходной балл 217.
- 29.03.04 «Технология полиграфического и упаковочного производства»: проходной балл 182.
- 10.05.02 «Информационная безопасность телекоммуникационных систем»: проходной балл 222.
- 10.05.04 «Информационно-аналитические системы безопасности»: проходной балл 224.
- 11.05.01 «Радиолокационные системы и комплексы»: проходной балл 173.

Эти данные помогут вам сориентироваться при выборе направления. Если у вас есть ещё вопросы, пожалуйста, задайте их мне.";👍;713419576;2025-06-24 09:57:12
37;2167;Так встречи в среду и четверг?;Этот вопрос не относится к ИРИТ-РТФ. Я могу рассказать только о направлениях нашего института, таких как: «Информатика и вычислительная техника», «Прикладная информатика», «Радиотехника», «Инфокоммуникационные технологии» и других технических программах ИРИТ-РТФ.;👎;806668302;2025-06-24 12:30:16
38;2168;Еще раз когда встреча? Напишите полностью;Этот вопрос не относится к ИРИТ-РТФ. Я могу рассказать только о направлениях нашего института, таких как: «Информатика и вычислительная техника», «Прикладная информатика», «Радиотехника», «Инфокоммуникационные технологии» и других технических программах ИРИТ-РТФ.;👎;1232171336;2025-06-24 12:37:01
39;2171;А эта встреча была уже?Запись есть?;Этот вопрос не относится к ИРИТ-РТФ. Я могу рассказать только о направлениях нашего института, таких как: «Информатика и вычислительная техника», «Прикладная информатика», «Радиотехника», «Инфокоммуникационные технологии» и других технических программах ИРИТ-РТФ.;👎;1232171336;2025-06-24 12:37:02
40;2177;А четверг тот  же представитель?;Этот вопрос не относится к ИРИТ-РТФ. Я могу рассказать только о направлениях нашего института, таких как: «Информатика и вычислительная техника», «Прикладная информатика», «Радиотехника», «Инфокоммуникационные технологии» и других технических программах ИРИТ-РТФ.;👍;1080954445;2025-06-24 12:55:26
41;2149;Скажите пожалуйста, а есть ли скрин верхней части таблицы? В этом году конкурсных мест, насколько понимаю, 65, то есть всё закончится на 65 строчке... Хотелось бы понимать, сколько там было баллов в прошлом году?;"Этот вопрос не относится к ИРИТ-РТФ. Я могу рассказать только о направлениях нашего института, таких как: «Информатика и вычислительная техника», «Прикладная информатика», «Радиотехника», «Инфокоммуникационные технологии» и других технических программах ИРИТ-РТФ.

Если вас интересует информация о проходных баллах и количестве бюджетных мест на программах ИРИТ-РТФ, я могу предоставить следующие данные:

- 09.03.01 «Информатика и вычислительная техника»: проходной балл 241 (2024), бюджетных мест 200 (2025).
- 09.03.01 «Алгоритмы искусственного интеллекта»: проходной балл 246 (2024), бюджетных мест 100 (2025).
- 09.03.03 «Прикладная информатика»: проходной балл 247 (2024), бюджетных мест 164 (2025).
- 10.03.01 «Безопасность компьютерных систем»: проходной балл 239 (2024), бюджетных мест 110 (2025).";👍;707797913;2025-06-24 13:03:48
42;2195;На что опираться?);"Этот вопрос не относится к ИРИТ-РТФ. Я могу рассказать только о направлениях нашего института, таких как: «Информатика и вычислительная техника», «Прикладная информатика», «Радиотехника», «Инфокоммуникационные технологии» и других технических программах ИРИТ-РТФ.

Если вас интересует поступление на одно из направлений в ИРИТ-РТФ УрФУ, я могу предоставить подробную информацию о проходных баллах, бюджетных и контрактных местах, стоимости обучения и необходимых экзаменах.";👍;882995665;2025-06-24 13:57:07
43;2206;А если стоимость обучения разная,  то тогда как?;"Этот вопрос не относится к деталям о направлениях ИРИТ-РТФ. Я могу рассказать только о направлениях нашего института, таких как: «Информатика и вычислительная техника», «Прикладная информатика», «Радиотехника», «Инфокоммуникационные технологии» и других технических программах ИРИТ-РТФ.

Стоимость обучения по направлениям ИРИТ-РТФ составляет:
- «Информатика и вычислительная техника»: до 263 000 рублей в год.
- «Алгоритмы искусственного интеллекта»: до 263 000 рублей в год.
- «Прикладная информатика»: до 263 000 рублей в год.
- «Прикладной искусственный интеллект»: до 263 000 рублей в год.
- «Программная инженерия»: до 263 000 рублей в год.
- «Безопасность компьютерных систем»: до 263 000 рублей в год.
- «Радиотехника»: до 241 000 рублей в год.
- «Инфокоммуникационные технологии и системы связи»: до 241 000 рублей в год.
- «Конструирование и технология электронных средств»: до 241 000 рублей в год.
- «Управление в технических системах»: до 216 000 рублей в год.
- «Технология полиграфического и упаковочного производства»: до 216 000 рублей в год.";👎;1145662891;2025-06-24 14:17:47
44;2221;Вносить сразу всю сумму за год или только за 1 семестр?;Оплата обучения производится обычно по семестрам, также возможна рассрочка.;👍;5647272931;2025-06-24 15:20:46
45;2205;Работает ли приёмная комиссия по субботам?;Этот вопрос не относится к направлениям ИРИТ-РТФ. Я могу рассказать только о направлениях нашего института, таких как: «Информатика и вычислительная техника», «Прикладная информатика», «Радиотехника», «Инфокоммуникационные технологии» и других технических программах ИРИТ-РТФ.;👎;5139866249;2025-06-24 16:30:36
46;2237;Добрый вечер. Подскажите, пожалуйста, на какой специальности идёт более полное изучение Data science? Спасибо;"В ИРИТ-РТФ УрФУ нет направления, которое называется «Data Science», однако элементы этой области изучаются на нескольких программах. Наиболее полное изучение Data Science может быть представлено на следующих направлениях:

1. 09.03.01 «Информатика и вычислительная техника» — программа сочетает изучение аппаратного и программного обеспечения информационных систем, что включает в себя и работу с данными.
2. 09.03.03 «Прикладная информатика» — программа готовит специалистов, способных применять прикладные ИТ-решения для задач науки и бизнеса, включая анализ данных.
3. 09.03.04 «Программная инженерия» — флагманская программа бакалавриата, готовящая универсальных ИТ-специалистов, которые понимают все этапы создания ПО, включая работу с данными.";👎;7223142569;2025-06-24 18:23:11
47;2087;"Расскажите поподробнее про Информатику и вычислительную технику
Какие отличия от программной инженерии или прикладной информатики?";"09.03.01 «Информатика и вычислительная техника» — это программа, которая сочетает изучение аппаратного и программного обеспечения информационных систем. Студенты получают комплексную подготовку в области архитектуры компьютеров, операционных систем, языков программирования и информационных потоков. Обучение направлено на разработку и сопровождение информационных систем и умных устройств на всех этапах их жизненного цикла. Выпускники готовы реализовывать проекты в сфере ИТ, адаптируя карьерный путь под свои интересы благодаря индивидуальной траектории обучения.

Отличия от «Программной инженерии» (09.03.04):
- «Программная инженерия» готовит универсальных ИТ-специалистов, которые понимают все этапы создания ПО: от кода и дизайна до юридических аспектов и ГОСТов. Программный инженер — это специалист, задействованный на всех этапах разработки: от анализа требований до внедрения, тестирования и поддержки. В то время как «Информатика и вычислительная техника» делает акцент на аппаратном и программном обеспечении информационных систем в целом.

Отличия от «Прикладной информатики» (09.03.03):
- «Прикладная информатика» готовит специалистов, способных применять прикладные ИТ-решения для задач науки и бизнеса. Обучение охватывает технические дисциплины, экономику, дизайн и гуманитарные науки, что обеспечивает универсальность подготовки. «Информатика и вычислительная техника» больше ориентирована на техническую сторону и разработку информационных систем.";👍;5878902211;2025-06-25 06:27:15
48;2234;Здравствуйте! Хотел на этой неделе приехать подать документы. Есть несколько вопросов. Подскажите, пожалуйста, если ещё нет аттестата, можно ли подать документы в вуз? В каком виде нужно предоставить достижения (можно ли в виде копий)?  Если мне нет 18 лет, могу ли я подать документы в вуз очно без родителей?;"Здравствуйте!

Для подачи документов в УрФУ наличие аттестата обязательно. Аттестат должен быть предоставлен в виде копии, при этом нотариальное заверение копий не требуется.

Вы можете подать документы лично, даже если вам ещё нет 18 лет. Однако для подачи документов через личный кабинет потребуется согласие родителей или законных представителей. При подаче документов на бюджет или контрактное обучение через Госуслуги достаточно электронного согласия.

Если у вас возникнут дополнительные вопросы, обращайтесь!";👍;5878902211;2025-06-25 06:40:43
49;2241;Добрый день. Если подавать документы нужно только через Госуслуги, нужно ли создавать ЛК абитуриента на сайте вуза?;Нет, при подаче документов через Госуслуги личный кабинет абитуриента создавать не нужно. Однако личный кабинет потребуется при личной или почтовой подаче документов.;👍;5878902211;2025-06-25 06:41:26
50;2270;Здравствуйте, я могу подать документы на 5 факультетов в РТФ и на 5 факультетов в ИНМИТ или только в один из вузов  в составе УРФУ?;Этот вопрос не относится к ИРИТ-РТФ. Я могу рассказать только о направлениях нашего института, таких как: «Информатика и вычислительная техника», «Прикладная информатика», «Радиотехника», «Инфокоммуникационные технологии» и других технических программах ИРИТ-РТФ.;👎;929358620;2025-06-25 08:53:35
51;2288;А какие именно там критерии отбора?;"Критерии отбора в ИРИТ-РТФ УрФУ включают:

1. Результаты ЕГЭ: для поступления необходимо сдать экзамены по русскому языку, математике (профильный уровень) и информатике или физике в зависимости от выбранного направления.
2. Сумма баллов по обязательным предметам: рейтинг абитуриентов формируется по сумме баллов ЕГЭ.
3. Дополнительные баллы за индивидуальные достижения: можно получить дополнительные баллы за участие и победы в олимпиадах, волонтёрство, золотой знак ГТО, спортивные достижения, военную службу и другие заслуги.
4. Целевое обучение: отдельный конкурс для поступающих по целевому направлению, необходимо подать документы через Госуслуги и пройти собеседование.
5. Особые и отдельные квоты: 10% мест выделены для поступающих с особыми правами (инвалиды, сироты и др.) и других категорий, перечисленных в правилах приёма.
6. Преимущественное право зачисления: у социально незащищённых категорий (сироты, инвалиды и др.).";👍;430479419;2025-06-25 11:22:55
52;2291;Добрый вечер! Подскажите, пожалуйста, нужно ли будет предоставить справку с места жительства и по какой форме?;"Этот вопрос не относится к деталям по направлениям ИРИТ-РТФ. Я могу рассказать только о направлениях нашего института, таких как: «Информатика и вычислительная техника», «Прикладная информатика», «Радиотехника», «Инфокоммуникационные технологии» и других технических программах ИРИТ-РТФ.

Для поступления в ИРИТ-РТФ вам необходимо предоставить следующие документы: паспорт, аттестат/диплом, СНИЛС (если есть), подтверждения достижений/льгот. Для юношей также требуется приписное/военный билет. Нотариальное заверение копий не требуется. Медсправка 086-У нужна только для ряда направлений, которые вы сможете найти на официальном сайте. Подавать оригиналы документов не нужно, при подаче на бюджет или контрактное обучение достаточно электронного согласия на Госуслугах.";👎;1377849107;2025-06-25 12:08:25
53;2296;Здравствуйте, хотел бы узнать, чем отличаются программная инженерия и прикладная информатика?;"Здравствуйте!

09.03.04 «Программная инженерия» — флагманская программа бакалавриата ИРИТ-РТФ, которая готовит универсальных ИТ-специалистов, понимающих все этапы создания программного обеспечения: от кода и дизайна до юридических аспектов и ГОСТов. Программный инженер — это специалист, задействованный на всех этапах разработки: от анализа требований до внедрения, тестирования и поддержки. Программа учитывает все профессиональные требования: в неё входят как базовые языки программирования (C#, Java, C++, Python), так и специализированные. Студенты обучаются по системе индивидуальных образовательных траекторий и могут познакомиться со спецификой различных профессий, выбрав наиболее подходящий трек подготовки.

09.03.03 «Прикладная информатика» готовит специалистов, способных применять прикладные ИТ-решения для задач науки и бизнеса. Обучение охватывает технические дисциплины, экономику, дизайн и гуманитарные науки, что обеспечивает универсальность подготовки. Студенты осваивают навыки разработки, моделирования и анализа данных, а также внедрения и сопровождения информационных систем. Выпускники востребованы в IT-компаниях, исследовательских организациях и могут создавать собственные проекты и стартапы.

Оба направления предоставляют широкие возможности для карьерного роста, но выбор между ними зависит от ваших интересов и целей: если вас привлекает разработка программного обеспечения на всех этапах, то программная инженерия может быть лучшим выбором. Если же вы хотите применять ИТ-решения в различных областях и обладаете универсальными навыками, то прикладная информатика может быть более подходящим вариантом.";👍;919806478;2025-06-25 15:27:32
54;2301;Добрый вечер! Здесь информация этого года? https://web.archive.org/web/20240718140144/https://urfu.ru/ru/ratings/#342334738;"Этот вопрос не относится к ИРИТ-РТФ. Я могу рассказать только о направлениях нашего института, таких как: «Информатика и вычислительная техника», «Прикладная информатика», «Радиотехника», «Инфокоммуникационные технологии» и других технических программах ИРИТ-РТФ.

Если вас интересует поступление на одно из этих направлений, я с радостью предоставлю вам всю необходимую информацию.";👍;803035807;2025-06-25 17:10:35
55;2307;Здравствуйте! Какие отличия в программах 10.05.02 и 10.05.04?;"Здравствуйте!

10.05.02 «Информационная безопасность телекоммуникационных систем» готовит специалистов, которые обеспечивают защиту телекоммуникационных систем от современных кибератак. Обучение охватывает криптографию, стеганографию, этичный хакинг, цифровую криминалистику, защиту данных в центрах обработки и облачных вычислениях, а также безопасность компьютерных сетей. Студенты изучают технические средства и системы передачи информации через проводные, радиоканалы, оптику и другие каналы связи.

10.05.04 «Информационно-аналитические системы безопасности» направлена на подготовку специалистов в области информационной безопасности и финансовой разведки для национальных и международных систем противодействия легализации преступных доходов и финансированию терроризма. Обучение включает углублённое изучение математики, системного анализа, современных методов анализа данных, программирования и информационных технологий. Студенты получают практические навыки в анализе экономической и финансовой информации, изучают разработку, эксплуатацию и защиту аналитических и мониторинговых систем безопасности, управление событиями ИБ и выявление инцидентов в реальном времени. Отдельное внимание уделяется изучению иностранных языков.

Оба направления имеют свои особенности и акценты в обучении, поэтому выбор между ними зависит от ваших интересов и карьерных целей в области информационной безопасности.";👍;1770546442;2025-06-25 17:15:13
56;2300;Здравствуйте, а тем кто на платное обучение поступает предоставляется общежитие и есть ли военная кафедра?;"Да, иногородним студентам, обучающимся на контрактной основе, предоставляется общежитие в студиях на двоих в Новокольцово. Место закрепляется на весь срок обучения.

Также в УрФУ есть военный учебный центр (ВУЦ), где можно обучаться с четвёртого семестра и получить звание офицера запаса.";👍;1117509478;2025-06-25 17:26:24
57;2315;Доброе утрр! Где можно увидеть списки подавших документы на поступление?;Списки подавших документы на поступление не публикуются. Вы можете отслеживать статус рассмотрения ваших документов в личном кабинете на сайте УрФУ.;👎;1529847894;2025-06-26 03:29:18
58;2330;Добрый день. Подскажите пожалуйста, призерство и участие в региональном этапе ВсОШ по технологии будет давать дополнительные для поступления в ИРИТ?;Дополнительные баллы начисляются только за определённые достижения, перечисленные в правилах приёма. Призерство и участие в региональном этапе Всероссийской олимпиады школьников (ВсОШ) по технологии не входит в список учитываемых индивидуальных достижений для поступления в ИРИТ-РТФ УрФУ.;👍;927653800;2025-06-26 07:51:07
59;2340;Сколько всего общежитий? Они распределяются случайным образом?;"Этот вопрос не относится к направлениям ИРИТ-РТФ. Я могу рассказать только о направлениях нашего института, таких как: «Информатика и вычислительная техника», «Прикладная информатика», «Радиотехника», «Инфокоммуникационные технологии» и других технических программах ИРИТ-РТФ.

Студенты ИРИТ-РТФ могут проживать в общежитии в студиях на двоих в Новокольцово. Место в общежитии закрепляется на весь срок обучения. Совместное проживание возможно только для официальных супругов (по свидетельству о браке). Заселение с другом или одноклассником возможно через обращение к ответственным после публикации списков. Индивидуальное проживание возможно при наличии свободных мест — уточняется в деканате или жилищной комиссии.";👎;5459234049;2025-06-26 10:11:53
60;2334;Можно ли одновременно подавать документы на бюджет и целевое обучение?;Да, можно подавать документы на бюджет и целевое обучение одновременно, так как конкурс на целевые места проводится отдельно. Для поступления по целевому обучению необходимо подать документы через Госуслуги и пройти собеседование.;👍;1652492951;2025-06-26 12:38:09
61;2335;Т.е. это ни о чем на данный момент не говорит, т к. все будет зависеть от количества поданных заявлений и в последствии согласий? Т.е. это нижний порог в моменте, который дальше будет меняться только вверх. Правильно?;"Этот вопрос не относится к ИРИТ-РТФ. Я могу рассказать только о направлениях нашего института, таких как: «Информатика и вычислительная техника», «Прикладная информатика», «Радиотехника», «Инфокоммуникационные технологии» и других технических программах ИРИТ-РТФ.

Если у вас есть вопросы о поступлении на одно из этих направлений, буду рад ответить.";👍;927653800;2025-06-26 17:54:08
62;2336;Здравствуйте, а если ты проживаешь в Екатеринбурге, то можно ли рассчитывать на место в общежитии в НВК?;Место в общежитии закрепляется на весь срок обучения, однако общежитие в основном предоставляется иногородним студентам. Возможность проживания в общежитии для жителей Екатеринбурга зависит от наличия свободных мест и определяется жилищной комиссией или деканатом.;👍;927653800;2025-06-26 17:54:10
63;2341;А где именно на сайте  появились минимальные баллы?;Минимальные баллы для поступления в ИРИТ-РТФ УрФУ можно найти в разделе, где публикуются правила приёма. Также информация о минимальных баллах доступна в личном кабинете на сайте УрФУ.;👍;927653800;2025-06-26 17:54:19
64;2380;я так понял, это без пересадок. часто ходят? сколько ехать примерно?;Этот вопрос не относится к ИРИТ-РТФ. Я могу рассказать только о направлениях нашего института, таких как: «Информатика и вычислительная техника», «Прикладная информатика», «Радиотехника», «Инфокоммуникационные технологии» и других технических программах ИРИТ-РТФ.;👍;927653800;2025-06-26 18:24:19
65;2378;Подскажите, а как осуществляется перемещение студентов от общежития в Новокольцовском? На картах вижу только маршрут с пересадками, хотя сами студенты говорили про один автобус, который ходит туда и обратно;Этот вопрос не относится к ИРИТ-РТФ. Я могу рассказать только о направлениях нашего института, таких как: «Информатика и вычислительная техника», «Прикладная информатика», «Радиотехника», «Инфокоммуникационные технологии» и других технических программах ИРИТ-РТФ.;👍;927653800;2025-06-26 18:24:27
66;2410;Что представляют из себя траектории?;Траектории обучения в ИРИТ-РТФ УрФУ — это индивидуальные пути получения образования, которые позволяют студентам адаптировать свой учебный план под личные интересы и карьерные цели. Например, в программе «Информатика и вычислительная техника» студенты могут выбирать различные направления в области ИТ, а в программе «Прикладной искусственный интеллект» есть возможность освоить дополнительный язык программирования (C#, JavaScript, TypeScript, Java, C++ и др.). Это обеспечивает универсальность подготовки и повышает востребованность выпускников на рынке труда.;👍;803035807;2025-06-27 04:38:49
67;2412;Добрый день, Денис Сергеевич!Подскажите пожалуйста, куда обратиться за такой  справкой? Не много не поняла трактование статьи, хотелось бы уточнить попадаем под такую льготу или нет!;Этот вопрос не относится к ИРИТ-РТФ. Я могу рассказать только о направлениях нашего института, таких как: «Информатика и вычислительная техника», «Прикладная информатика», «Радиотехника», «Инфокоммуникационные технологии» и других технических программах ИРИТ-РТФ.;👍;457713197;2025-06-27 05:48:02
68;2421;добрый день. за участие в изумруде и физтурнире баллы складываются или засчитывается только что-то одно?;Дополнительные баллы начисляются только за разные мероприятия. Таким образом, если вы участвуете в олимпиаде «Изумруд» и в «Физтурнире», то баллы будут суммироваться, но только при условии, что это разные события.;👍;5244140202;2025-06-27 11:20:20
69;2457;Здравствуйте, разве существует согласие на контракт? Судя по правилам приема, аналогом согласия является оплата по договору.;Для поступления на контрактное обучение в ИРИТ-РТФ УрФУ необходимо выразить согласие через Госуслуги, как и при поступлении на бюджет. После заключения договора оплата производится согласно условиям контракта.;👎;777668262;2025-06-27 15:23:11
70;2455;"Здравствуйте! При расставлении приоритетов возможно ли ""разорвать"" программы из одного направления или же программы одного направления должны идти подряд? 
Например, возможно ли на 2 место поставить 09.03.03 прикладной искусственный интеллект, а 09.03.03 прикладная информатика на 4 место?";Да, вы можете расставить приоритеты в любом порядке, не обязательно размещать программы из одного направления подряд. Вы можете указать разные приоритеты для программ в рамках одного направления, например, поставить «Прикладной искусственный интеллект» на второе место, а «Прикладную информатику» на четвёртое. Изменить приоритеты можно до окончания приёма документов, оформив новый «Лист участника конкурса».;👍;1515897097;2025-06-27 15:23:50
71;2481;Здравствуйте, когда необходимо подавать оригиналы документов в вуз после оглашения списков? Когда в целом появятся списки зачисленных?;"Подавать оригиналы документов не нужно, при подаче на бюджет или контрактное обучение достаточно электронного согласия на Госуслугах.

Списки зачисленных появятся после завершения всех этапов конкурсного отбора. Для получения более точной информации о сроках рекомендуем обратиться в приёмную комиссию ИРИТ-РТФ УрФУ по адресу: Екатеринбург, ул. Мира, 19, или через телеграм-канал и соцсети.";👍;929358620;2025-06-27 20:35:48
72;2487;Согласие на зачисление можно предоставить дистанционно?;Да, согласие на зачисление можно предоставить дистанционно через Госуслуги.;👍;929358620;2025-06-27 21:12:27
73;2489;Здравствуйте. Я правильно понимаю, что до 25 июля можно менять в заявлении институты, профили и приоритеты?;Да, вы правильно понимаете. До окончания срока приёма документов вы можете менять приоритеты, указанные в заявлении, а также направления в пределах УрФУ, в том числе и в ИРИТ-РТФ. Для этого нужно оформить новый «Лист участника конкурса».;👍;1042500699;2025-06-28 04:38:03
74;2484;Если я правильно понял, то после окончания приема я остаюсь в списках, то мне надо принести только согласие? Всё?;Да, после окончания приёма документов вам нужно будет предоставить электронное согласие на зачисление через Госуслуги. При подаче на бюджет или контрактное обучение этого будет достаточно, подавать оригиналы документов не нужно.;👍;5878902211;2025-06-28 10:20:37
75;2491;Здравствуйте, а если нам аттестат выдают только 5 июля, а мы хотим приехать во вторник, можно ли без аттестата подать документы?;Для подачи документов на поступление в ИРИТ-РТФ УрФУ аттестат необходим. Однако подавать оригиналы документов не нужно, достаточно предоставить электронные копии через Госуслуги или в личном кабинете УрФУ. Если аттестат будет получен после начала приёма документов, вы сможете загрузить его копию в личный кабинет позже, но важно уложиться в сроки подачи документов.;👍;5878902211;2025-06-28 10:21:22
76;2525;Денис Сергеевич здравствуйте! Заполнили заявление на госуслугах, где выбор аттестата указали ,,о среднем общем образовании,, - так написано в аттестате. Скажите пожалуйста это правильно или должно быть среднем (полном) образовании?;"Этот вопрос не относится к направлениям ИРИТ-РТФ. Я могу рассказать только о направлениях нашего института, таких как: «Информатика и вычислительная техника», «Прикладная информатика», «Радиотехника», «Инфокоммуникационные технологии» и других технических программах ИРИТ-РТФ. 

Если у вас есть вопросы по поступлению на наши направления, буду рад ответить.";👎;5410584619;2025-06-28 12:36:31
77;2547;"Добрый день, подскажите, чем отличаются программы ""Программная инженерия"" и ""Прикладная информатика""?";"Программа «Программная инженерия» готовит универсальных ИТ-специалистов, которые понимают все этапы создания программного обеспечения: от анализа требований и написания кода до дизайна, внедрения, тестирования и поддержки. Студенты обучаются по системе индивидуальных образовательных траекторий и знакомятся со спецификой различных профессий в области ИТ. В программу входят базовые и специализированные языки программирования, такие как C#, Java, C++, Python.

Программа «Прикладная информатика» готовит специалистов, способных применять прикладные ИТ-решения для задач науки и бизнеса. Обучение охватывает технические дисциплины, экономику, дизайн и гуманитарные науки, что обеспечивает универсальность подготовки. Студенты осваивают навыки разработки, моделирования и анализа данных, а также внедрения и сопровождения информационных систем. Выпускники востребованы в IT-компаниях, исследовательских организациях и могут создавать собственные проекты и стартапы.";👍;430479419;2025-06-28 18:07:04
78;2535;Здравствуйте, какие льготы предоставляются детям ветеранов боевых действий в Чечне?;Этот вопрос не относится к ИРИТ-РТФ. Я могу рассказать только о направлениях нашего института, таких как: «Информатика и вычислительная техника», «Прикладная информатика», «Радиотехника», «Инфокоммуникационные технологии» и других технических программах ИРИТ-РТФ.;👍;926065101;2025-06-28 18:32:17
79;2549;"Есть ли отличия в программах ""Информатика и вычислительная техника"", ""Прикладная информатика"" и ""Программная инженерия""?";"Да, программы «Информатика и вычислительная техника», «Прикладная информатика» и «Программная инженерия» имеют отличия.

09.03.01 «Информатика и вычислительная техника»
Программа сочетает изучение аппаратного и программного обеспечения информационных систем. Студенты получают комплексную подготовку в области архитектуры компьютеров, операционных систем, языков программирования и информационных потоков. Обучение направлено на разработку и сопровождение информационных систем и умных устройств на всех этапах их жизненного цикла.

09.03.03 «Прикладная информатика»
Программа готовит специалистов, способных применять прикладные ИТ-решения для задач науки и бизнеса. Обучение охватывает технические дисциплины, экономику, дизайн и гуманитарные науки, что обеспечивает универсальность подготовки. Студенты осваивают навыки разработки, моделирования и анализа данных, а также внедрения и сопровождения информационных систем.

09.03.04 «Программная инженерия»
«Программная инженерия» — флагманская программа бакалавриата ИРИТ-РТФ, готовящая универсальных ИТ-специалистов, которые понимают все этапы создания ПО: от кода и дизайна до юридических аспектов и ГОСТов. Программный инженер — не просто программист, а специалист, задействованный на всех этапах разработки: от анализа требований до внедрения, тестирования и поддержки. Программа учитывает все профессиональные требования: в неё входят как базовые языки программирования (C#, Java, C++, Python), так и специализированные. Студенты обучаются по системе индивидуальных образовательных траекторий и в течение всего периода обучения могут познакомиться со спецификой той или иной профессии, выбрать наиболее подходящий трек подготовки.";👍;5950383242;2025-06-28 18:37:53
80;2551;Здравствуйте! А где можно посмотреть учебный план ИВТ программы Алгоритмы искусственного интеллекта и сильно оно отличается от классического ИВТ?;"Здравствуйте! Учебный план программы «Алгоритмы искусственного интеллекта» направления «Информатика и вычислительная техника» вы можете найти на официальном сайте ИРИТ-РТФ УрФУ. 

Программа «Алгоритмы искусственного интеллекта» отличается от классического направления «Информатика и вычислительная техника» тем, что она готовит специалистов, владеющих современными методами машинного обучения, компьютерного зрения и обработки естественного языка. Студенты изучают ключевые алгоритмы и технологии ИИ, включая чат-боты и генерацию изображений, которые позволяют создавать интеллектуальные системы, выполняющие творческие задачи. Выпускники востребованы в различных сферах: промышленности, банковском деле, медицине, образовании и науке. Программа открывает широкие карьерные возможности в условиях быстрого развития технологий искусственного интеллекта.";👍;927653800;2025-06-28 19:20:06
81;2552;такой же вопрос по прикладной информатике и ее программе, связанной с ии?;"09.03.03 «Прикладная информатика»

Программа готовит специалистов, способных применять прикладные ИТ-решения для задач науки и бизнеса. Обучение охватывает технические дисциплины, экономику, дизайн и гуманитарные науки, что обеспечивает универсальность подготовки. Студенты осваивают навыки разработки, моделирования и анализа данных, а также внедрения и сопровождения информационных систем. Выпускники востребованы в IT-компаниях, исследовательских организациях и могут создавать собственные проекты и стартапы.

09.03.03 «Прикладной искусственный интеллект»

Эта программа готовит специалистов по созданию интеллектуальных систем, способных принимать решения, обучаться и оптимизировать работу. Студенты изучают алгоритмы, структуры данных, программирование на Python, основы статистики и математического моделирования. Особое внимание уделяется разработке рекомендательных систем и анализу больших данных. Программа реализуется в партнёрстве с крупной российской IT-компанией VK и ориентирована на практическую работу с реальными задачами в сфере ИИ и машинного обучения. Благодаря индивидуальным образовательным траекториям студенты могут освоить дополнительный язык программирования (C#, JavaScript, TypeScript, Java, C++ и др.).

Если у вас есть дополнительные вопросы по этим направлениям, я буду рад на них ответить.";👍;713419576;2025-06-28 19:22:33
82;2595;в 24г?;"Этот вопрос не относится к ИРИТ-РТФ. Я могу рассказать только о направлениях нашего института, таких как: «Информатика и вычислительная техника», «Прикладная информатика», «Радиотехника», «Инфокоммуникационные технологии» и других технических программах ИРИТ-РТФ.

Если вас интересует поступление на одно из этих направлений, я могу предоставить подробную информацию о проходных баллах, количестве бюджетных и контрактных мест, а также условиях поступления.";👍;1926005501;2025-06-29 11:47:25
83;2585;"1)Если сдавал физику и дополнительно информатику, в зачёт пойдет результат  экзамена с большим баллом? 
2) подал заявления через госуслуги, 3 июля пересдаю информатику (набрал больше минималки, но верю, что могу лучше). Автоматически кол-во баллов пересчитывается?";"1. В правилах поступления в ИРИТ-РТФ УрФУ не указано, что автоматически учитывается экзамен с более высоким баллом в случае сдачи физики и информатики. Обычно для поступления требуется предоставить результаты конкретных экзаменов, указанных для выбранного направления. Рекомендуется ознакомиться с требованиями для конкретных программ на сайте УрФУ, чтобы точно знать, какой экзамен будет учитываться.

2. Если вы подали заявления через Госуслуги и планируете пересдать экзамен, система может автоматически обновить результаты после публикации новых баллов. Однако для уверенности рекомендуется проверить статус заявления и актуальные баллы в личном кабинете на Госуслугах после пересдачи. Если система не обновила данные автоматически, возможно, потребуется сообщить о пересдаче в приёмную комиссию.";👎;203077889;2025-06-29 12:30:07
84;2601;Чем отличается прикладной искусственный интеллект бакалавриат от алгоритмов искусственного интеллекта?;"Бакалавриат по программе «Прикладной искусственный интеллект» в ИРИТ-РТФ УрФУ готовит специалистов по созданию интеллектуальных систем, способных принимать решения, обучаться и оптимизировать работу. Студенты изучают алгоритмы, структуры данных, программирование на Python, основы статистики и математического моделирования. Особое внимание уделяется разработке рекомендательных систем и анализу больших данных. Программа реализуется в партнёрстве с крупной российской IT-компанией VK и ориентирована на практическую работу с реальными задачами в сфере ИИ и машинного обучения. Благодаря индивидуальным образовательным траекториям студенты могут освоить дополнительный язык программирования (C#, JavaScript, TypeScript, Java, C++ и др.).

Бакалавриат по программе «Алгоритмы искусственного интеллекта» готовит специалистов, владеющих современными методами машинного обучения, компьютерного зрения и обработки естественного языка. Студенты изучают ключевые алгоритмы и технологии ИИ, включая чат-боты и генерацию изображений, которые позволяют создавать интеллектуальные системы, выполняющие творческие задачи. Выпускники востребованы в различных сферах: промышленности, банковском деле, медицине, образовании и науке. Программа открывает широкие карьерные возможности в условиях быстрого развития технологий искусственного интеллекта.

Обе программы предлагают глубокие знания в области искусственного интеллекта, но «Прикладной искусственный интеллект» больше ориентирован на практическое применение ИИ-технологий, в то время как «Алгоритмы искусственного интеллекта» акцентирует внимание на разработке и изучении ключевых алгоритмов и методов.";👍;887718365;2025-06-29 12:43:20
85;2590;Или личный кабинет открывать нужно специально дополнительно на сайте института???;"Этот вопрос не относится к направлениям ИРИТ-РТФ. Я могу рассказать только о направлениях нашего института, таких как: «Информатика и вычислительная техника», «Прикладная информатика», «Радиотехника», «Инфокоммуникационные технологии» и других технических программах ИРИТ-РТФ.

Для подачи документов в ИРИТ-РТФ вам понадобится личный кабинет на портале Госуслуг, так как для подачи на бюджет или контрактное обучение достаточно электронного согласия на Госуслугах. Подавать оригиналы документов не нужно.";👍;1806169906;2025-06-29 12:53:11
86;2603;здравствуйте! если студент не тянет программу по ии от ивт, то он может перейти на программу классического ивт?;Перевод между программами внутри университета возможен по заявлению с копией зачётки или академической справки. Для оформления перевода необходимо, чтобы была закрыта академическая разница между программами.;👍;1232171336;2025-06-29 13:13:13
87;2608;добрый день, сколько баллов нужно на платное очное на программную инженерию?;Для поступления на направление «Программная инженерия» (09.03.04) на очное контрактное обучение в ИРИТ-РТФ УрФУ в 2025 году необходимо набрать достаточное количество баллов на ЕГЭ по русскому языку, математике (профильный уровень) и информатике или физике. Проходной балл на платное обучение не устанавливается заранее, так как зависит от результатов поступающих. Стоимость обучения составляет до 263 000 рублей в год.;👎;6376147988;2025-06-29 15:17:43
88;2614;Т е. буквально 40% платных мест уйдет в СПО? 😱;Этот вопрос не относится к ИРИТ-РТФ. Я могу рассказать только о направлениях нашего института, таких как: «Информатика и вычислительная техника», «Прикладная информатика», «Радиотехника», «Инфокоммуникационные технологии» и других технических программах ИРИТ-РТФ.;👍;5647272931;2025-06-29 16:03:40
89;2616;Денис Сергеевич, прошу дать официальный ответ. Где это прописано?;Этот вопрос не относится к ИРИТ-РТФ. Я могу рассказать только о направлениях нашего института, таких как: «Информатика и вычислительная техника», «Прикладная информатика», «Радиотехника», «Инфокоммуникационные технологии» и других технических программах ИРИТ-РТФ.;👍;5205248447;2025-06-29 16:55:12
90;2638;Здравствуйте, подскажите почему в списке поступающих горит только результат по информатике в колонке вступительные испытания, если мы сдавали егэ? Статус на рассмотрении, подорвали через госуслуги.;"Здравствуйте!

Результаты ЕГЭ по предметам отображаются в личном кабинете постепенно. Возможно, данные по другим экзаменам ещё не успели обновиться. Результаты выгружаются раз в день, поэтому рекомендуем проверить личный кабинет позже.

Если у вас остались вопросы, пожалуйста, обратитесь в приёмную комиссию по адресу: Екатеринбург, ул. Мира, 19, или через телеграм-канал и соцсети.";👍;1327331578;2025-06-30 03:45:24
91;2570;Подскажите , пожалуйста, раз вы уже подали, на госуслугах есть привязка  кода специальности к институту? Просто коды одинаковые (повторяются ) в разных институтах урфу. Как не ошибиться?;На Госуслугах при подаче документов вы выбираете не только код специальности, но и конкретный институт УрФУ, к которому она относится. Это позволяет избежать путаницы при подаче документов. Если у вас возникнут дополнительные вопросы по поступлению в ИРИТ-РТФ, буду рад на них ответить.;👍;5878902211;2025-06-30 04:04:05
92;2572;"Подскажи на специальность 09.03.01. ""Информатика и вычислительная техника"" и 09.03.03. ""Прикладная информатика"" - Какие были проходные баллы на бюджет? Спрашиваю, потому как на разных источниках, показывают разные баллы. 😊";"Проходные баллы на бюджетные места по направлениям:

- 09.03.01 «Информатика и вычислительная техника» — 241 балл (2024 год);
- 09.03.03 «Прикладная информатика» — 247 баллов (2024 год).";👍;5878902211;2025-06-30 04:04:23
93;2575;Здравствуйте, на госуслугах при подаче заявления на специальность радиотехника пишет, что основных бюджетных мест 22, остальные места это целевое и их  18. На сайте ИРИТ РТФ написано, что бюджетных мест вообще 52, если верить госуслугам, то где ещё 12 бюджетных мест?;"Здравствуйте! 

Действительно, на направлении 11.03.01 «Радиотехника» в ИРИТ-РТФ УрФУ в 2025 году предусмотрено 52 бюджетных места. Разделение мест может быть связано с наличием отдельных квот, таких как особая квота для поступающих с особыми правами (инвалиды, сироты и др.) и отдельная квота для других категорий, перечисленных в правилах приёма. Возможно, часть мест зарезервирована для целевого набора. 

Для получения более точной информации о распределении бюджетных мест рекомендую обратиться в приёмную комиссию по адресу: Екатеринбург, ул. Мира, 19, или через телеграм-канал и социальные сети.";👍;5878902211;2025-06-30 04:04:51
94;2586;Здравствуйте, подал документы через гос услуги, где можно взять ID для отслеживания себя в списках?;Для отслеживания вашего статуса в списках поступающих используйте личный кабинет на портале Госуслуг или личный кабинет на сайте УрФУ, где вы сможете следить за ходом приёмной кампании. ID для отслеживания не требуется, вся необходимая информация будет доступна в вашем личном кабинете.;👍;5878902211;2025-06-30 04:06:30
95;2589;Личный кабинет на сайте УРФУ откроется автоматически после подачи заявления через гос.услуги???;Этот вопрос не относится к направлениям ИРИТ-РТФ. Я могу рассказать только о направлениях нашего института, таких как: «Информатика и вычислительная техника», «Прикладная информатика», «Радиотехника», «Инфокоммуникационные технологии» и других технических программах ИРИТ-РТФ.;👎;5878902211;2025-06-30 04:06:55
96;2620;Здравствуйте. Если я выбираю целевое поступление в Вуз и не прохожу по конкурсу на место -то я уже не смогу подать заявление на бюджет?;Если вы не прошли по конкурсу на целевое место, то до 5 августа вы можете отказаться от целевого направления и участвовать в общем конкурсе на бюджетные места.;👍;5878902211;2025-06-30 04:11:43
97;2642;Доброе утро. Подали документы на бюджет по пяти направлениям. Если не попадём ни по одному направлению на бюджет, есть ли возможность пойти на контракт? Что для этого надо и в какие сроки?;"Здравствуйте!

Если вы не попадёте на бюджет по выбранным направлениям, у вас будет возможность заключить контракт на платное обучение. Для этого необходимо следить за рейтинговыми списками и, если возникнет такая необходимость, подать соответствующее согласие на зачисление на контрактную форму обучения в установленные сроки.

Сроки подачи документов на платное обучение:
* без экзаменов — до 5 сентября;
* с экзаменами — до 3 сентября.

Договор на платное обучение можно оформить на абитуриента или родителя. Оплата обучения может быть разделена на 2–4 части. Также возможна рассрочка платежа. Если у вас возникнут вопросы по оформлению договора или оплате, вы можете обратиться в контрактный отдел.";👍;203077889;2025-06-30 04:55:40
98;2643;Здравствуйте! Подал документы, но индивидуальные достижения не отображены. В чём проблема?;Индивидуальные достижения могут отображаться с задержкой. Результаты выгружаются раз в день. Если проблема сохраняется, рекомендуется обратиться в приёмную комиссию по адресу: Екатеринбург, ул. Мира, 19, или через телеграм-канал и соцсети для уточнения информации.;👍;1599480409;2025-06-30 05:29:49
99;2645;На 2- 4 части за весь период обучения или год?;Оплата внебюджетного обучения может быть разделена на 2–4 части.;👍;5192456643;2025-06-30 05:30:38
100;2646;"Куда прикреплять документы, которые свидетельствуют о том, что отец ребёнка — ветеран боевых действий Чечни, при зачислении в вуз? В раздел ""Справка об участии в СВО""  ?";В интернете есть много сайтов с информацией на эту тему. [Посмотрите, что нашлось в поиске](https://ya.ru);👎;7223142569;2025-06-30 05:50:09
101;2652;Здравствуйте. Какое общежитие принадлежит ИРИТ РТФ?  И есть ли контакты к кому обращаться? или можно попробовать в любое общежитие написать заявление?;"Общежитие не принадлежит конкретному факультету, а предоставляется всем иногородним студентам УрФУ, в том числе и студентам ИРИТ-РТФ, на основе рейтинга. С 2026 года планируется заселение в новый кампус в Новокольцово.

Для получения более подробной информации можно обратиться в приёмную комиссию по адресу: Екатеринбург, ул. Мира, 19, или через телеграм-канал и социальные сети.";👍;1599480409;2025-06-30 06:06:03
102;2607;А программа по ивт с ИИ в этом году впервые будет?;"Программа «Алгоритмы искусственного интеллекта» уже существует в ИРИТ-РТФ УрФУ и реализуется на направлении 09.03.01 «Информатика и вычислительная техника». Она готовит специалистов, владеющих современными методами машинного обучения, компьютерного зрения и обработки естественного языка. Студенты изучают ключевые алгоритмы и технологии ИИ, включая чат-боты и генерацию изображений, которые позволяют создавать интеллектуальные системы, выполняющие творческие задачи. Выпускники востребованы в различных сферах: промышленности, банковском деле, медицине, образовании и науке. Программа открывает широкие карьерные возможности в условиях быстрого развития технологий искусственного интеллекта.

Если у вас есть другие вопросы о направлениях ИРИТ-РТФ, я буду рад на них ответить.";👍;1362346151;2025-06-30 06:23:52
103;2660;На целевое прошёл или не прошел будет известно раньше???;Результаты конкурсного отбора на целевое обучение станут известны в соответствии с установленными сроками приёма документов. О поступлении или непрохождении на целевое обучение будет сообщено в рамках общих сроков приёма. Если у вас есть вопросы по целевому обучению, вы можете подать документы через Госуслуги и пройти собеседование, а также ознакомиться с правилами приёма на целевое обучение, опубликованными на сайте УрФУ.;👍;5878902211;2025-06-30 08:48:12
104;2739;А как определяется работодатель при целевом обучение?;Для поступления на целевое обучение необходимо подать документы через Госуслуги и пройти собеседование. Работодатель определяется на основании договора, который заключается с организацией, заинтересованной в обучении специалиста. Подробную информацию о целевом обучении можно найти в отдельном разделе на сайте УрФУ.;👍;2088101626;2025-06-30 12:42:06
105;2754;Уточните пожалуйста. Если отец ветеран боевых действий ЧР 1996 года, то какие нибудь льготы для  поступающих есть?;Этот вопрос не относится к ИРИТ-РТФ. Я могу рассказать только о направлениях нашего института, таких как: «Информатика и вычислительная техника», «Прикладная информатика», «Радиотехника», «Инфокоммуникационные технологии» и других технических программах ИРИТ-РТФ.;👍;1899823447;2025-06-30 14:12:45
106;2757;Здравствуйте, если поступать по бви (Призер по физике «Изумруд»), то будет повышенная стипендия первый семестр? У вас на сайте только про русский, математику и информатику написано.;"Здравствуйте!

При поступлении по БВИ (без вступительных испытаний) на основании призового места в олимпиаде «Изумруд» по физике вы получите дополнительные баллы, которые могут повлиять на ваш общий рейтинг при поступлении. Однако наличие повышенной стипендии в первом семестре обычно зависит от вашей успеваемости в течение семестра.

Если у вас есть дополнительные вопросы о поступлении в ИРИТ-РТФ УрФУ, буду рад на них ответить!";👎;1899823447;2025-06-30 14:48:51
107;2764;"Добрый вечер.
Где-то есть расписание встреч с представителями направлений ИРИТ-РТФ? Дайте, пожалуйста, ссылку.";Этот вопрос не относится к конкретным направлениям ИРИТ-РТФ. Я могу рассказать только о направлениях нашего института, таких как: «Информатика и вычислительная техника», «Прикладная информатика», «Радиотехника», «Инфокоммуникационные технологии» и других технических программах ИРИТ-РТФ. Если у вас есть вопросы по этим направлениям, буду рад ответить.;👎;1899823447;2025-06-30 17:42:25
108;2770;Это на госуслугах? Спасибо;"Этот вопрос не относится к ИРИТ-РТФ. Я могу рассказать только о направлениях нашего института, таких как: «Информатика и вычислительная техника», «Прикладная информатика», «Радиотехника», «Инфокоммуникационные технологии» и других технических программах ИРИТ-РТФ.

Если вас интересует поступление в ИРИТ-РТФ УрФУ, я с радостью предоставлю вам информацию о доступных направлениях, проходных баллах, количестве бюджетных и контрактных мест, а также условиях подачи документов через портал Госуслуг.";👍;5410584619;2025-06-30 18:25:25
109;2775;Интересно, а фильтр по направлениям будет?;Этот вопрос не относится к ИРИТ-РТФ. Я могу рассказать только о направлениях нашего института, таких как: «Информатика и вычислительная техника», «Прикладная информатика», «Радиотехника», «Инфокоммуникационные технологии» и других технических программах ИРИТ-РТФ.;👍;1231374481;2025-06-30 18:54:28
110;2772;Добрый вечер! Если подаёшь заявление на гу, с применением справки отдельной квоты, галочку в окошке с отдельной квотой и основными местами два раза ставить( и там, и там)или допустимо выбрать что-то одно?;При подаче заявления вы должны указать приоритеты отдельно по каждой квоте (особая, целевая, основная) и один общий приоритет по платным местам (1 — наивысший). Вы можете участвовать в конкурсе на 5 направлений одновременно и изменить приоритеты до окончания приёма документов, оформив новый «Лист участника конкурса».;👍;1231374481;2025-06-30 18:54:32
111;2779;А в студ городок как часто нужно будет ездить?;Этот вопрос не относится к ИРИТ-РТФ. Я могу рассказать только о направлениях нашего института, таких как: «Информатика и вычислительная техника», «Прикладная информатика», «Радиотехника», «Инфокоммуникационные технологии» и других технических программах ИРИТ-РТФ.;👎;1334555066;2025-06-30 19:44:26
112;2771;Здравствуйте, где смотреть списки абитуриентов, которые поступают в ирит ртф?;Списки абитуриентов, поступающих в ИРИТ-РТФ, можно найти на официальном сайте УрФУ.;👎;344785846;2025-07-01 04:04:08
113;2806;Здравствуйте, можно узнать средний балл поступивших на программную инженерию в прошлом году?;Проходной балл на направление «Программная инженерия» (09.03.04) в ИРИТ-РТФ УрФУ в 2024 году составил 244 балла.;👍;2088101626;2025-07-01 06:09:05
114;2809;а сколько баллов по каждому из предметов?;"Для поступления на направления ИРИТ-РТФ УрФУ необходимо сдавать ЕГЭ по следующим предметам: русский язык, математика (профильный уровень), информатика или физика. Проходные баллы на разные направления в 2024 году варьировались, например:

- «Информатика и вычислительная техника» — проходной балл 241;
- «Алгоритмы искусственного интеллекта» — проходной балл 246;
- «Прикладная информатика» — проходной балл 247;
- «Прикладной искусственный интеллект» — проходной балл 239;
- «Программная инженерия» — проходной балл 244;
- «Безопасность компьютерных систем» — проходной балл 239;
- «Радиотехника» — проходной балл 184;
- «Инфокоммуникационные технологии и системы связи» — проходной балл 217;
- «Конструирование и технология электронных средств» — проходной балл 184;
- «Управление в технических системах» — проходной балл 217.

Если вас интересует конкретное направление, я могу предоставить более детальную информацию.";👍;1699192009;2025-07-01 06:39:11
115;2784;А их отфильтровать можно как-то?;Этот вопрос не относится к ИРИТ-РТФ. Я могу рассказать только о направлениях нашего института, таких как: «Информатика и вычислительная техника», «Прикладная информатика», «Радиотехника», «Инфокоммуникационные технологии» и других технических программах ИРИТ-РТФ.;👎;1231374481;2025-07-01 12:19:12
116;2854;Добрый день! Последний день когда можно поменять расстановку приоритетов на бюджет 25 июля? И на платное когда?;"Изменить приоритеты для участия в конкурсе можно до окончания приёма документов, оформив новый «Лист участника конкурса».

Для бюджета (без экзаменов) сроки подачи документов — с 20 июня по 25 июля.

Для платного обучения (без экзаменов) — до 5 сентября.";👎;2108952751;2025-07-01 13:32:39
117;2851;"А можно тогда вопрос по магистратуре, если ты уже студент магистр, но в академическом отпуске, то можно участвовать в конкурсе без отчисления? Попробовать перепоступить не забирая документы из вуза, что если не получиться поступить просто чтобы никак не сказалось на нынешнем обучении?


И если можно так сделать то как лучше подавать документы? Обязательно через гос. услуги или можно через лк абитуриента?";Этот вопрос не относится к поступлению на направления ИРИТ-РТФ. Я могу рассказать только о направлениях нашего института, таких как: «Информатика и вычислительная техника», «Прикладная информатика», «Радиотехника», «Инфокоммуникационные технологии» и других технических программах ИРИТ-РТФ.;👎;448848227;2025-07-01 13:35:33
118;2858;Вот и вопрос, по 25 июля включительно?;Да, сроки подачи документов на бюджет без экзаменов — с 20 июня по 25 июля включительно.;👍;2108952751;2025-07-01 14:02:57
119;2876;А если нужно попасть в общежитие? Я уже совсем запутался 😭;"Место в общежитии закрепляется на весь срок обучения. Студенты живут в студиях на двоих: в каждой студии есть две кровати, рабочие места, своя ванная и кухня; корпуса оборудованы лифтами и имеют коридорную систему. 

Совместное проживание возможно только для официальных супругов (по свидетельству о браке). Заселение с другом или одноклассником возможно через обращение к ответственным после публикации списков. Индивидуальное проживание возможно при наличии свободных мест — это нужно уточнять в деканате или жилищной комиссии.

Общежитие предоставляется иногородним студентам по рейтингу, оно платное (кроме льготников).";👍;5944980799;2025-07-01 14:58:09
120;2905;Здравствуйте, подскажите пожалуйста, конкурсные списки на Госуслугах и в личном кабинете УрФУ одинаковые ведь?;Этот вопрос не относится к направлениям ИРИТ-РТФ. Я могу рассказать только о направлениях нашего института, таких как: «Информатика и вычислительная техника», «Прикладная информатика», «Радиотехника», «Инфокоммуникационные технологии» и других технических программах ИРИТ-РТФ.;👎;2013300990;2025-07-01 18:07:37
121;2909;я на 6 программ смог отправить... может такое быть или система не допустила бы?;В УрФУ можно участвовать в конкурсе на поступление по пяти направлениям одновременно. Если вы отправили заявления на шесть программ, возможно, произошла ошибка. Пожалуйста, проверьте правильность подачи документов.;👎;1442413702;2025-07-01 18:51:22
122;2906;Здравствуйте, а мы можем подать на 5 направлений в матмехе и на 5 в ирит ртф?;"Этот вопрос не относится к ИРИТ-РТФ. Я могу рассказать только о направлениях нашего института, таких как: «Информатика и вычислительная техника», «Прикладная информатика», «Радиотехника», «Инфокоммуникационные технологии» и других технических программах ИРИТ-РТФ.

В ИРИТ-РТФ УрФУ можно подать документы на несколько направлений, но общее количество направлений для подачи документов в УрФУ ограничено пятью.";👎;1442413702;2025-07-01 18:51:26
123;2920;Уже подал заявление, но вспомнил что могу получить +4 балла за изумруд. Можно же подредактировать и добавить сертификат?;Да, вы можете дополнить ваше заявление сертификатом участника олимпиады «Изумруд», чтобы получить дополнительные баллы. Пожалуйста, убедитесь, что вы делаете это до окончания срока подачи документов, чтобы ваши баллы были учтены при рассмотрении вашей кандидатуры.;👍;1040908506;2025-07-01 19:42:08
124;2924;Если я подаю документы в УрФу, то я могу выбрать суммарно только 5 направлений (контракт и бюджет)? То есть, если я подают на мат-тех и Ирит-Ртф это будет общая сумма направлений, всего 5?;Да, вы можете выбрать суммарно не более пяти направлений в целом по УрФУ, включая как бюджетные, так и контрактные места. Это общее правило для всех институтов УрФУ, включая ИРИТ-РТФ.;👍;926065101;2025-07-02 02:33:12
125;2926;Сроки подачи документов по результатам ЕГЭ?;Сроки подачи документов для поступления на бюджет по результатам ЕГЭ в ИРИТ-РТФ УрФУ в 2025 году: с 20 июня по 25 июля.;👎;7537674450;2025-07-02 03:50:17
126;2969;А где мне взять документы, которые прикреплять, если я участвовал в измруде?;"Этот вопрос не относится к ИРИТ-РТФ. Я могу рассказать только о направлениях нашего института, таких как: «Информатика и вычислительная техника», «Прикладная информатика», «Радиотехника», «Инфокоммуникационные технологии» и других технических программах ИРИТ-РТФ.

Если у вас есть вопросы о поступлении на направления в ИРИТ-РТФ, буду рад на них ответить.";👎;1652492951;2025-07-02 08:48:21
127;2974;Справку 086 нужно по месту жительства делать, с ней быстрее пройти у вас медкомиссию?;Медсправка 086-У нужна только для ряда направлений, которые вы сможете найти на официальном сайте ИРИТ-РТФ УрФУ. Она требуется не для всех программ.;👍;1327331578;2025-07-02 08:53:09
128;2986;"Здравствуйте, вы можете сказать какой был средний балл поступивших на бюджет по программе ""Радиоэлектронные системы и комплексы"" в 2024 году ?";Этот вопрос не относится к программе «Радиоэлектронные системы и комплексы». Я могу рассказать о направлениях, которые есть в ИРИТ-РТФ УрФУ, таких как «Радиотехника» и другие технические программы. Проходной балл на направление «Радиотехника» в 2024 году составил 184 балла.;👎;1856474786;2025-07-02 09:36:07
129;3010;а до скольки работает стенд ИРИТа?;Этот вопрос не относится к ИРИТ-РТФ. Я могу рассказать только о направлениях нашего института, таких как: «Информатика и вычислительная техника», «Прикладная информатика», «Радиотехника», «Инфокоммуникационные технологии» и других технических программах ИРИТ-РТФ.;👎;1260262101;2025-07-02 11:06:36
130;2984;И о каком терапевте речь, если студент из другого края? Врач при общежитии имеется ввиду или в обычной поликлинике там у вас? Как пройти всех в день заселения?;Этот вопрос не относится к ИРИТ-РТФ. Я могу рассказать только о направлениях нашего института, таких как: «Информатика и вычислительная техника», «Прикладная информатика», «Радиотехника», «Инфокоммуникационные технологии» и других технических программах ИРИТ-РТФ.;👎;1652492951;2025-07-02 12:33:27
131;2988;Как через Госуслуги портфолио прикрепить?;Этот вопрос не относится к ИРИТ-РТФ. Я могу рассказать только о направлениях нашего института, таких как: «Информатика и вычислительная техника», «Прикладная информатика», «Радиотехника», «Инфокоммуникационные технологии» и других технических программах ИРИТ-РТФ.;👎;1652492951;2025-07-02 12:33:36
132;2989;"Здравствуйте, если я поступлю учиться в  УРФУ на направления где принимают из ЕГЭ русский, проф. математика, химия/биология 
смогу ли я перевестись к вам на прикладную информатику?";"Этот вопрос не относится к ИРИТ-РТФ. Я могу рассказать только о направлениях нашего института, таких как: «Информатика и вычислительная техника», «Прикладная информатика», «Радиотехника», «Инфокоммуникационные технологии» и других технических программах ИРИТ-РТФ.

Для поступления на направление «Прикладная информатика» необходимо сдавать ЕГЭ по русскому языку, профильной математике и информатике или физике. Перевод между институтами УрФУ возможен по заявлению с копией зачётки или академической справки, при этом оформляется протокол с академической разницей.";👎;1652492951;2025-07-02 12:33:38
133;2990;Зачем? Его никто не смотрит;Этот вопрос не относится к ИРИТ-РТФ. Я могу рассказать только о направлениях нашего института, таких как: «Информатика и вычислительная техника», «Прикладная информатика», «Радиотехника», «Инфокоммуникационные технологии» и других технических программах ИРИТ-РТФ.;👎;1652492951;2025-07-02 12:33:40
134;3018;Это откуда фото?;Этот вопрос не относится к ИРИТ-РТФ. Я могу рассказать только о направлениях нашего института, таких как: «Информатика и вычислительная техника», «Прикладная информатика», «Радиотехника», «Инфокоммуникационные технологии» и других технических программах ИРИТ-РТФ.;👎;1652492951;2025-07-02 12:35:15
135;3021;Блин, а полная презентация есть у кого?;Этот вопрос не относится к конкретным направлениям ИРИТ-РТФ. Я могу рассказать только о направлениях нашего института, таких как: «Информатика и вычислительная техника», «Прикладная информатика», «Радиотехника», «Инфокоммуникационные технологии» и других технических программах ИРИТ-РТФ. Если вас интересует какое-то конкретное направление, я с радостью предоставлю вам подробную информацию.;👎;1652492951;2025-07-02 12:35:17
136;3023;Здравствуйте. А как вы подтверждали участие? Сертификат печатали?;Этот вопрос не относится к ИРИТ-РТФ. Я могу рассказать только о направлениях нашего института, таких как: «Информатика и вычислительная техника», «Прикладная информатика», «Радиотехника», «Инфокоммуникационные технологии» и других технических программах ИРИТ-РТФ.;👎;1652492951;2025-07-02 12:36:29
137;3045;Здравствуйте, что нужно прикрепить на госуслугах, чтобы подтвердить участие в региональном этапе ВсОШ?;"Этот вопрос не относится к ИРИТ-РТФ. Я могу рассказать только о направлениях нашего института, таких как: «Информатика и вычислительная техника», «Прикладная информатика», «Радиотехника», «Инфокоммуникационные технологии» и других технических программах ИРИТ-РТФ.

Если у вас есть вопросы по поступлению на направления ИРИТ-РТФ УрФУ, буду рад ответить на них.";👍;869614378;2025-07-02 15:43:13
138;3049;Здравствуйте! Хотел бы узнать, с какими языками программирования и фреймворками вы работаете на курсе прикладной информатики?;На первых курсах направления «Прикладная информатика» в ИРИТ-РТФ УрФУ изучаются различные языки программирования, такие как C#, C/C++, Go, Java, JavaScript, TypeScript, Python, PHP и другие. Студенты также имеют возможность выбора фреймворков в процессе обучения.;👍;750887438;2025-07-02 16:13:27
139;3038;Здесь написано про средний балл оценок. А где они отображаются? На госуслугах только номер атестта. Или их нужно было подгружать на госуслуги или они там где-то есть?;"Этот вопрос не относится к ИРИТ-РТФ. Я могу рассказать только о направлениях нашего института, таких как: «Информатика и вычислительная техника», «Прикладная информатика», «Радиотехника», «Инфокоммуникационные технологии» и других технических программах ИРИТ-РТФ.

Если у вас есть вопросы по поступлению на направления ИРИТ-РТФ УрФУ, буду рад на них ответить.";👎;1652492951;2025-07-02 18:02:23
140;3037;А сколько составляет скидка?;Этот вопрос не относится к ИРИТ-РТФ. Я могу рассказать только о направлениях нашего института, таких как: «Информатика и вычислительная техника», «Прикладная информатика», «Радиотехника», «Инфокоммуникационные технологии» и других технических программах ИРИТ-РТФ.;👎;1652492951;2025-07-02 18:02:26
141;3048;Добрый вечер! Стоит ли при поступлении на техническую специальность прикреплять дипломы о призовом месте в ВсОШ по английскому языку? Или приветствуются только профильные дисциплины?;"Этот вопрос не относится к ИРИТ-РТФ. Я могу рассказать только о направлениях нашего института, таких как: «Информатика и вычислительная техника», «Прикладная информатика», «Радиотехника», «Инфокоммуникационные технологии» и других технических программах ИРИТ-РТФ.

Однако отмечу, что в нашем институте учитываются дополнительные баллы за индивидуальные достижения, но они начисляются только за определённые мероприятия и категории, связанные с поступлением на технические специальности. Например, учитывается участие и призовые места в олимпиадах по профильным предметам.";👎;1652492951;2025-07-02 18:02:58
142;3063;Если документы в вуз подавали вживую, то можно будет заявление на зачисление заполнить онлайн?;При подаче документов на бюджет или контрактное обучение в ИРИТ-РТФ УрФУ достаточно электронного согласия на Госуслугах. Если вы подавали документы лично, то для дальнейшего взаимодействия, включая заявление на зачисление, можно использовать электронный формат через Госуслуги.;👍;1467681424;2025-07-02 18:56:33
143;3066;Кто нибудь загружал аттестат включая вкладыш с оценками?;Этот вопрос не относится к ИРИТ-РТФ. Я могу рассказать только о направлениях нашего института, таких как: «Информатика и вычислительная техника», «Прикладная информатика», «Радиотехника», «Инфокоммуникационные технологии» и других технических программах ИРИТ-РТФ.;👎;1652492951;2025-07-02 19:07:18
144;3065;Куда загружать аттестат? Про это на госуслугах ничего не написано, просят только номер аттестата ввести.;Аттестат не нужно загружать на Госуслуги, так как для подачи документов на бюджет или контрактное обучение достаточно электронного согласия на портале. Однако в личном кабинете УрФУ вам потребуется предоставить следующие документы: паспорт, аттестат/диплом, СНИЛС (если есть), подтверждения достижений/льгот, а для юношей — приписное/военник. Нотариальное заверение копий не требуется.;👍;1973933847;2025-07-02 19:46:35
145;3073;"Здравствуйте, я гражданин Таджикистана, подал заявление о поступлении через гос услуги и через личный кабинет, загрузив все документы. Статус заявления сейчас ""ждём результатов испытания"" . Я хотел уточнить, когда будет список испытаний ?";"Здравствуйте! 

Для иностранных граждан запись на испытания открывается с 1 июня. График испытаний публикуется на сайте УрФУ. Результаты могут отображаться с задержкой, выгружаются раз в день.

Если у вас возникнут дополнительные вопросы по поступлению в ИРИТ-РТФ, буду рад на них ответить.";👍;5117632221;2025-07-03 04:18:11
146;3077;Доброе утро!! Возможно прикрепить фото, к уже отправленному заявлению через ГУ? Как то мы этот момент пропустили….;Этот вопрос не относится к ИРИТ-РТФ. Я могу рассказать только о направлениях нашего института, таких как: «Информатика и вычислительная техника», «Прикладная информатика», «Радиотехника», «Инфокоммуникационные технологии» и других технических программах ИРИТ-РТФ.;👎;1879368240;2025-07-03 06:28:10
147;3081;Здравствуйте, если подавали заявление через госуслуги, нужно ли заполнять все данные в личном кабинете, прикреплять все документы? на Госуслугах статус заявления - ожидаются результаты испытаний, что это значит?;Если вы подали заявление через Госуслуги, то заполнять все данные в личном кабинете и прикреплять документы повторно не нужно. Статус заявления «ожидаются результаты испытаний» на Госуслугах означает, что ваш документ принят и сейчас ожидается проведение или завершение вступительных испытаний.;👍;1926005501;2025-07-03 06:44:37
148;3093;"Здравствуйте, вопрос не относится к ИРИТ-РТФ, но не знаю куда его можно задать) 
Подскажите, как подтверждается золотая медаль на госуслугах, не могу найти?";Этот вопрос не относится к ИРИТ-РТФ. Я могу рассказать только о направлениях нашего института, таких как: «Информатика и вычислительная техника», «Прикладная информатика», «Радиотехника», «Инфокоммуникационные технологии» и других технических программах ИРИТ-РТФ.;👎;2089155804;2025-07-03 07:24:39
149;2981;Добрый день. Вопрос про общежитие. Если запланирована поездка с середины августа до середины сентября, будет ли сложность с заселением?;"Этот вопрос не относится напрямую к направлениям ИРИТ-РТФ, но я могу ответить на него.

Место в общежитии закрепляется на весь срок обучения, однако если у вас запланирована поездка с середины августа до середины сентября, вам необходимо будет самостоятельно решить вопрос временного отсутствия. Рекомендуется заранее обратиться к ответственным лицам в жилищной комиссии или деканате для уточнения возможности вашего временного отсутствия и обсуждения возможных решений.";👎;7532707839;2025-07-03 09:07:47
150;3089;Ааа,понятно. А какой надо выбрать?;"Этот вопрос не относится к ИРИТ-РТФ. Я могу рассказать только о направлениях нашего института, таких как: «Информатика и вычислительная техника», «Прикладная информатика», «Радиотехника», «Инфокоммуникационные технологии» и других технических программах ИРИТ-РТФ.

Если вас интересует одно из этих направлений, я с радостью предоставлю вам подробную информацию о нём.";👎;1652492951;2025-07-03 10:43:11
151;3123;?;Здравствуйте! Я готов ответить на ваши вопросы, связанные с поступлением в ИРИТ-РТФ УрФУ. Я могу рассказать о направлениях нашего института, таких как «Информатика и вычислительная техника», «Прикладная информатика», «Радиотехника», «Инфокоммуникационные технологии» и других технических программах. Пожалуйста, задавайте ваш вопрос.;👎;1652492951;2025-07-03 10:44:21
152;3138;"Для высокобалльников и топов бюджетного списка  приоритет в новые общаги?
После переезда в новый корпус института возможно ли что всех переведут в новые общаги?";"Этот вопрос не относится к конкретным направлениям ИРИТ-РТФ, но я могу ответить на него в контексте нашего института.

Место в общежитии закрепляется на весь срок обучения. Переезд в новый корпус института не означает автоматического перевода всех студентов в новые общежития. Заселение в общежитие в студиях в Новокольцово происходит с учётом рейтинговых списков, и возможность переезда будет зависеть от наличия свободных мест и правил распределения, установленных жилищной комиссией или деканатом.";👎;1652492951;2025-07-03 16:05:23
153;3139;У кого тоже все еще аттестат не подтвердили на госуслугах?;Этот вопрос не относится к ИРИТ-РТФ. Я могу рассказать только о направлениях нашего института, таких как: «Информатика и вычислительная техника», «Прикладная информатика», «Радиотехника», «Инфокоммуникационные технологии» и других технических программах ИРИТ-РТФ.;👎;1652492951;2025-07-03 16:05:24
154;3158;Само подгружалось?;Этот вопрос не относится к ИРИТ-РТФ. Я могу рассказать только о направлениях нашего института, таких как: «Информатика и вычислительная техника», «Прикладная информатика», «Радиотехника», «Инфокоммуникационные технологии» и других технических программах ИРИТ-РТФ.;👎;1652492951;2025-07-03 16:05:35
155;3137;Здравствуйте, а где через госуслуги можно поменять формат сдачи внутреннего экзамена (с заочного на очный в университете)?;Этот вопрос не относится к ИРИТ-РТФ. Я могу рассказать только о направлениях нашего института, таких как: «Информатика и вычислительная техника», «Прикладная информатика», «Радиотехника», «Инфокоммуникационные технологии» и других технических программах ИРИТ-РТФ.;👎;448848227;2025-07-03 16:36:03
156;3163;А вы что подгружали про ГТО? УИН или приказ о присвоении?;Этот вопрос не относится к ИРИТ-РТФ. Я могу рассказать только о направлениях нашего института, таких как: «Информатика и вычислительная техника», «Прикладная информатика», «Радиотехника», «Инфокоммуникационные технологии» и других технических программах ИРИТ-РТФ.;👎;1652492951;2025-07-03 18:17:48
157;3171;Здравствуйте! Подскажите, есть ли демо-версии вступительных испытаний по 2.09.04.01, кроме того pdf файла с 38 вопросами? Не смог найти информацию. Исходя из того, что смог найти, как будто-бы есть, но не могу понять где их можно найти.;Этот вопрос не относится к ИРИТ-РТФ. Я могу рассказать только о направлениях нашего института, таких как: «Информатика и вычислительная техника», «Прикладная информатика», «Радиотехника», «Инфокоммуникационные технологии» и других технических программах ИРИТ-РТФ.;👎;930298195;2025-07-04 03:28:21
158;2922;Здравствуйте, мы будем пересдавать один экзамен, успеваем ли мы подать документы? Результат обещают до 17.07;"Здравствуйте!

Сроки подачи документов для участия в конкурсе на бюджетные места с внутренними экзаменами — до 18 июля 2025 года. Если вы успеете получить результаты пересдачи до этой даты, то у вас будет возможность подать документы.";👍;5878902211;2025-07-04 04:42:23
159;2977;Добрый день! Какой предмет первый в приоритете на специальность информационно- аналитические системы безопасности? Если у двух абитуриентов одинаковый суммарный балл за егэ?;"При одинаковом суммарном балле за ЕГЭ у двух абитуриентов на специальность «Информационно-аналитические системы безопасности» приоритет будет определяться по установленным правилам конкурса, включая возможные дополнительные баллы за индивидуальные достижения. В случае если и эти показатели будут равны, решение может быть принято на основе дополнительных критериев, указанных в правилах приёма УрФУ.

Для поступления на направление «Информационно-аналитические системы безопасности» необходимо сдать следующие предметы: русский язык, математика (профильный уровень), информатика или физика.";👍;5878902211;2025-07-04 04:47:50
160;3185;На Госуслугах если подали заявление только в один ваш Вуз.Другие Вузы еще изучаем.А если уже будет статус в Госуслугах -Участвует в конкурсе?То уже нельзя будет в это заявление добавить оставшиеся 4 Вуза?;"Этот вопрос не относится к ИРИТ-РТФ. Я могу рассказать только о направлениях нашего института, таких как: «Информатика и вычислительная техника», «Прикладная информатика», «Радиотехника», «Инфокоммуникационные технологии» и других технических программах ИРИТ-РТФ.

Если у вас есть вопросы по направлениям нашего института, буду рад на них ответить.";👎;875213229;2025-07-04 08:58:05
161;3232;"@den757 
добрый день
подскажите, гто сдан
на руках есть приказ о присвоении золотого значка. на сайте гто по уин все есть
но удостоверение в область еще не пришло, и госуслуги по уин ничего не находят

при подаче документов через ГУ прикреплять сам приказ ?";При наличии приказа о присвоении золотого значка ГТО вы можете предоставить его при подаче документов. Золотой значок ГТО даёт 2 балла индивидуальных достижений при поступлении.;👍;206477620;2025-07-04 09:52:20
162;3254;Подскажите пожалуйста, если сейчас подали заявление  на 5 специальностей на бюджет и вдруг не пройдём, то можно будет потом заключить контракт? Или нужно сразу до 25.07 контракт тоже ставить галочку на госуслугах?;Если вы подадите заявление на бюджет и не пройдёте по конкурсу, то сможете заключить контракт на платное обучение. Вам не нужно выбирать сразу — можно участвовать в конкурсе на поступление на бюджет и на контракт одновременно, так как это разные конкурсы.;👍;1241346645;2025-07-04 13:44:29
163;3209;Поняла. а до какой даты можно заключить договор?;Договор на платное обучение можно заключить до 5 сентября 2025 года.;👍;5878902211;2025-07-04 14:08:21
164;3230;Спасибо. А есть ли примерные цифры проходного балла на платное обучение по программам вашего института?;"Стоимость обучения по направлениям ИРИТ-РТФ УрФУ составляет до 263 000 рублей в год по большинству программ, кроме направления 27.03.04 «Управление в технических системах», где стоимость обучения — до 216 000 рублей в год. 

Конкретные проходные баллы на контрактное обучение не публикуются заранее, так как зависят от результатов поступающих в конкретный год.";👍;5878902211;2025-07-04 14:11:57
165;3216;Здравствуйте, почему на сайте ирит разместили большее количество мест, чем на госуслугах?;Этот вопрос не относится к разъяснениям по направлениям ИРИТ-РТФ. Я могу рассказать только о направлениях нашего института, таких как: «Информатика и вычислительная техника», «Прикладная информатика», «Радиотехника», «Инфокоммуникационные технологии» и других технических программах ИРИТ-РТФ. Если у вас есть вопросы по конкретным направлениям, буду рад ответить.;👎;1652492951;2025-07-04 14:24:05
166;3272;Здравствуйте,хотел спросить,18-го числа уже дедлайн и пройти регистрацию на поступление уже не получится правильно?;"Здравствуйте!

Сроки подачи документов в 2025 году следующие:
* Бюджет (без экзаменов): 20 июня — 25 июля.
* Бюджет (внутренние экзамены): до 18 июля.
* Платное (без экзаменов): до 5 сентября.
* Платное (с экзаменами): до 3 сентября.
* Иностранцы (доп. набор): 15 сентября — 23 октября.

Если у вас остались вопросы по срокам подачи документов или другим аспектам поступления в ИРИТ-РТФ УрФУ, буду рад на них ответить.";👍;776120358;2025-07-04 18:53:50
