–í–æ–ø—Ä–æ—Å,–û—Ç–≤–µ—Ç
"–ó–¥—Ä–∞–≤—Å—Ç–≤—É–π—Ç–µ, –∞ –¥–æ–ø–æ–ª–Ω–∏—Ç–µ–ª—å–Ω—ã–µ –±–∞–ª–ª—ã –∑–∞ —É—á–∞—Å—Ç–∏–µ –≤ –æ–ª–∏–º–ø–∏–∞–¥–µ –í–°–û–®, –¥–∞—é—Ç –∑–∞ —É—á–∞—Å—Ç–∏–µ –∏–ª–∏ –∫–∞–∫–∏–µ-—Ç–æ –º–µ—Å—Ç–∞?","–î–æ–±—Ä–æ–µ —É—Ç—Ä–æ. –î–∞, –∑–∞ –æ—á–Ω–æ–µ —É—á–∞—Å—Ç–∏–µ –∫–æ–Ω–µ—á–Ω–æ –µ—Å—Ç—å –¥–æ–ø.–±–∞–ª–ª—ã"
"–ó–¥—Ä–∞–≤—Å—Ç–≤—É–π—Ç–µ, –µ—Å–ª–∏ —è —É—á–∞—Å—Ç–≤–æ–≤–∞–ª–∞ –≤ –æ–ª–∏–º–ø–∏–∞–¥–µ ""–ò–∑—É–º—Ä—É–¥"" –≤ 23 –≥–æ–¥—É, –¥–∞–¥—É—Ç –ª–∏ –º–Ω–µ 3 –¥–æ–ø–æ–ª–Ω–∏—Ç–µ–ª—å–Ω—ã—Ö –±–∞–ª–ª–∞ –ø—Ä–∏ –ø–æ—Å—Ç—É–ø–ª–µ–Ω–∏–∏ –≤ —ç—Ç–æ–º –≥–æ–¥—É?",–ó–¥—Ä–∞–≤—Å—Ç–≤—É–π—Ç–µ.  –°–æ–≥–ª–∞—Å–Ω–æ –ø–æ–ª–æ–∂–µ–Ω–∏—é –∏ –ø—Ä–∞–≤–∏–ª–∞–º –ø—Ä–∏–µ–º–∞ –∑–∞ –æ—á–Ω–æ–µ —É—á–∞—Å—Ç–∏–µ —Ä–µ–∑—É–ª—å—Ç–∞—Ç —Å–æ—Ö—Ä–∞–Ω—è–µ—Ç—Å—è 2 –≥–æ–¥–∞. –ó–∞ –ø—Ä–∏–∑–æ–≤–æ–µ –º–µ—Å—Ç–æ - 4 –≥–æ–¥–∞.
"–î–æ–±—Ä—ã–π –≤–µ—á–µ—Ä! –ü–æ–¥—Å–∫–∞–∂–∏—Ç–µ, –ø–æ–∂–∞–ª—É–π—Å—Ç–∞, –∫–∞–∫ –±—É–¥–µ—Ç –æ–ø—Ä–µ–¥–µ–ª—è—Ç—å—Å—è –ø—Ä–æ—Ö–æ–¥–Ω–æ–π –±–∞–ª–ª –∏–∑ –æ—Ç–±–æ—Ä–æ—á–Ω–æ–≥–æ —ç—Ç–∞–ø–∞ –≤ —Å–ª–µ–¥—É—é—â–∏–π –≤ –æ–ª–∏–º–ø–∏–∞–¥–µ ""–ò–∑—É–º—Ä—É–¥""?",–í –ª—é–±–æ–º —Å–ª—É—á–∞–µ –¥–æ–ø.–±–∞–ª–ª—ã –¥–∞—é—Ç—Å—è —Ç–æ–ª—å–∫–æ –∑–∞ –æ—á–Ω–æ–µ —É—á–∞—Å—Ç–∏–µ –≤ –æ–ª–∏–º–ø–∏–∞–¥–µ
"–î–æ–±—Ä—ã–π –¥–µ–Ω—å! –ü–æ–¥—Å–∫–∞–∂–∏—Ç–µ, –ø–æ–∂–∞–ª—É–π—Å—Ç–∞, –≤–æ—Ç —è –ø—Ä–æ—à—ë–ª –ø–æ 3–µ–º –ø—Ä–µ–¥–º–µ—Ç–∞–º –æ–ª–∏–º–ø–∏–∞–¥—ã ""–ò–∑—É–º—Ä—É–¥"" –≤ –∑–∞–∫–ª—é—á–∏—Ç–µ–ª—å–Ω—ã–π —ç—Ç–∞–ø. –ú–Ω–µ –∑–∞ —ç—Ç–æ –¥–æ–±–∞–≤—è—Ç —Ç–æ–ª—å–∫–æ 3 –±–∞–ª–ª–∞ –ø—Ä–∏ –ø–æ—Å—Ç—É–ø–ª–µ–Ω–∏–∏? –ò–ª–∏ 9?","–ó–¥—Ä–∞–≤—Å—Ç–≤—É–π—Ç–µ,  –ò–≤–∞–Ω.  –ü–æ –æ–ø—ã—Ç—É –ø—Ä–æ—à–ª—ã—Ö –ª–µ—Ç, 3 –±–∞–ª–ª–∞. –≠—Ç—É –∏–Ω—Ñ–æ—Ä–º–∞—Ü–∏—é —É—Ç–æ—á–Ω–∏–º —É –∫–æ–ª–ª–µ–≥ –∏ –≤–µ—Ä–Ω—ë–º—Å—è –∫ –≤–∞–º —Å –æ—Ç–≤–µ—Ç–æ–º."
"–î–æ–±—Ä—ã–π –¥–µ–Ω—å! –ü–æ–¥—Å–∫–∞–∂–∏—Ç–µ, –ø–æ–∂–∞–ª—É–π—Å—Ç–∞, –≤–æ—Ç —è –ø—Ä–æ—à—ë–ª –ø–æ 3–µ–º –ø—Ä–µ–¥–º–µ—Ç–∞–º –æ–ª–∏–º–ø–∏–∞–¥—ã ""–ò–∑—É–º—Ä—É–¥"" –≤ –∑–∞–∫–ª—é—á–∏—Ç–µ–ª—å–Ω—ã–π —ç—Ç–∞–ø. –ú–Ω–µ –∑–∞ —ç—Ç–æ –¥–æ–±–∞–≤—è—Ç —Ç–æ–ª—å–∫–æ 3 –±–∞–ª–ª–∞ –ø—Ä–∏ –ø–æ—Å—Ç—É–ø–ª–µ–Ω–∏–∏? –ò–ª–∏ 9?","–£—Ç–æ—á–Ω–∏–ª–∏ —É –∫–æ–ª–ª–µ–≥, –¥–∞, 3 –±–∞–ª–ª–∞."
"–ü—Ä–∏ –ø–æ—Å—Ç—É–ø–ª–µ–Ω–∏–∏ –Ω–∞—Å–∫–æ–ª—å–∫–æ –≤–∞–∂–µ–Ω —Å—Ä–µ–¥–Ω–∏–π –±–∞–ª–ª –∞—Ç—Ç–µ—Å—Ç–∞—Ç–∞? –∫ –ø—Ä–∏–º–µ—Ä—É –µ—Å–ª–∏ —É –º–µ–Ω—è —Å—Ä–µ–¥–Ω–∏–π –±–∞–ª–ª –∞—Ç—Ç–µ—Å—Ç–∞—Ç–∞ –±—É–¥–µ—Ç –≤—Å–µ–≥–æ 3,7 –∞ –ë–∞–ª–ª –ï–ì–≠ 280. –°–º–æ–≥—É –ª–∏ —è –ø–æ—Å—Ç—É–ø–∏—Ç—å?","–í –ø—Ä–∞–≤–∏–ª–∞—Ö –ø—Ä–∏—ë–º–∞ –ø—Ä–æ–ø–∏—Å–∞–Ω–æ, —á—Ç–æ —Å—Ä–µ–¥–Ω–∏–π –±–∞–ª–ª –æ—é–∞—Ç—å–µ—Å—å–∞—Ç–∞ –ø—Ä–∏ –ø—Ä–æ—á–∏—Ö —Ä–∞–≤–Ω—ã—Ö —É—Å–ª–æ–≤–∏—è—Ö –∏–≥—Ä–∞–µ—Ç –∑–Ω–∞—á–µ–Ω–∏–µ"
"–ó–¥—Ä–∞–≤—Å—Ç–≤—É–π—Ç–µ! –ü–æ–¥—Å–∫–∞–∂–∏—Ç–µ, –ø–æ–∂–∞–ª—É–π—Å—Ç–∞. –ï—Å–ª–∏ —É—á–∞—Å—Ç–≤–æ–≤–∞–ª –≤ –æ—á–Ω–æ–º —ç—Ç–∞–ø–µ –∏–∑—É–º—Ä—É–¥–∞, —Ç–æ –ø—Ä–∏ –≤—ã–∏–≥—Ä—ã—à–µ –Ω–∞ –¥–∞–Ω–Ω–æ–º —Ç—É—Ä–Ω–∏—Ä–µ –±–∞–ª–ª—ã –∑–∞ —Ç—É—Ä–Ω–∏—Ä –±—É–¥—É—Ç —É—á–∏—Ç—ã–≤–∞—Ç—å—Å—è –ø—Ä–∏ –ø–æ—Å—Ç—É–ø–ª–µ–Ω–∏–∏?","–î–∞. –¢–æ–ª—å–∫–æ —É –≤–∞—Å –±—É–¥–µ—Ç –ë–í–ò, –µ—Å–ª–∏ –ï–ì–≠ (75+) –ø–æ –ø—Ä–µ–¥–º–µ—Ç—É –ø–æ–¥—Ç–≤–µ—Ä–¥–∏—Ç–µ –∏ 3 –±–∞–ª–ª–∞ –≤–∞–º –Ω–µ –æ—Å–æ–±–æ, –¥—É–º–∞—é, –±—É–¥—É—Ç –Ω—É–∂–Ω—ã"
"–ó–¥—Ä–∞–≤—Å—Ç–≤—É–π—Ç–µ! –ü–æ–¥—Å–∫–∞–∂–∏—Ç–µ, –ø–æ–∂–∞–ª—É–π—Å—Ç–∞. –ï—Å–ª–∏ —É—á–∞—Å—Ç–≤–æ–≤–∞–ª –≤ –æ—á–Ω–æ–º —ç—Ç–∞–ø–µ –∏–∑—É–º—Ä—É–¥–∞, —Ç–æ –ø—Ä–∏ –≤—ã–∏–≥—Ä—ã—à–µ –Ω–∞ –¥–∞–Ω–Ω–æ–º —Ç—É—Ä–Ω–∏—Ä–µ –±–∞–ª–ª—ã –∑–∞ —Ç—É—Ä–Ω–∏—Ä –±—É–¥—É—Ç —É—á–∏—Ç—ã–≤–∞—Ç—å—Å—è –ø—Ä–∏ –ø–æ—Å—Ç—É–ø–ª–µ–Ω–∏–∏?","–ï—Å–ª–∏ –ø—Ä–æ—Å—Ç–æ —É—á–∞—Å—Ç–∏–µ ,—Ç–æ 3 –±–∞–ª–ª–∞ –∑–∞ —á—Ç–æ-—Ç–æ –æ–¥–Ω–æ"
"–ï—Å–ª–∏ –ø—Ä–æ—Å—Ç–æ —É—á–∞—Å—Ç–∏–µ ,—Ç–æ 3 –±–∞–ª–ª–∞ –∑–∞ —á—Ç–æ-—Ç–æ –æ–¥–Ω–æ",–ö —Å—É–º–º–µ –±–∞–ª–ª–æ–≤ –ï–ì–≠
"–ó–¥—Ä–∞–≤—Å—Ç–≤—É–π—Ç–µ, –∞ –∫–∞–∫–∏–µ –±–∞–ª–ª—ã –Ω–∞ –ø–ª–∞—Ç–Ω–æ–µ –ø–æ–¥—Ä–∞–∑—É–º–µ–≤–∞—é—Ç—Å—è —Ç–∞–º, –≥–¥–µ –æ–Ω–∏ –Ω–µ —É–∫–∞–∑–∞–Ω—ã –≤ —Ç–∞–±–ª–∏—Ü–µ?",–î–æ–±—Ä–æ–µ —É—Ç—Ä–æ. –û—Ç 150 –±–∞–ª–ª–æ–≤
"–ó–¥—Ä–∞–≤—Å—Ç–≤—É–π—Ç–µ, –∞ —Å–∫–∞–∂–∏—Ç–µ –ø–æ–∂–∞–ª—É–π—Å—Ç–∞, –≤–æ–∑—å–º—É—Ç –ª–∏ –º–µ–Ω—è –Ω–∞ —Ç–µ –Ω–∞–ø—Ä–∞–≤–ª–µ–Ω–∏—è, –≥–¥–µ –æ–±—è–∑–∞—Ç–µ–ª—å–Ω–æ –ø–æ –∏–Ω—Ñ–æ—Ä–º–∞—Ç–∏–∫–µ 75 –±–∞–ª–ª–æ–≤, –µ—Å–ª–∏ —è —Å–¥–∞—é —Ç–æ–ª—å–∫–æ —Ñ–∏–∑–∏–∫—É, –∫ –ø—Ä–∏–º–µ—Ä—É?","75 –±–∞–ª–ª–æ–≤ –ø–æ–¥—Ç–≤–µ—Ä–∂–¥–∞—Ç—å —Ç–µ–º, —É –∫–æ–≥–æ –ë–í–ò"
"–î–æ–±—Ä–æ–µ —É—Ç—Ä–æ, –ø–æ–¥—Å–∫–∞–∂–∏—Ç–µ –ø–æ–∂–∞–ª—É–π—Å—Ç–∞, –¥–æ–ø –±–∞–ª–ª—ã –¥–∞—é—Ç –∑–∞ –º–µ–¥–∞–ª—å ""–û—Å–æ–±—ã–µ –¥–æ—Å—Ç–∏–∂–µ–Ω–∏—è –≤ —É—á–µ–Ω–∏–∏ II —Å—Ç–µ–ø–µ–Ω–∏"" (—Å–µ—Ä–µ–±—Ä—è–Ω–∞—è –º–µ–¥–∞–ª—å)?","–î–æ–±—Ä–æ–µ —É—Ç—Ä–æ. –î–∞, 4 –¥–æ–ø. –±–∞–ª–ª–∞"
–¢–æ–≥–¥–∞ –µ—â–µ –≤–æ–ø—Ä–æ—Å. –≠—Ç–æ —Ç–æ–ª—å–∫–æ –≤–∞—à –∏–Ω—Å—Ç–∏—Ç—É—Ç –¥–∞–µ—Ç —ç—Ç–∏ –¥–æ–ø –±–∞–ª–ª—ã? –∏–ª–∏ –ª—é–±–æ–π –∏–Ω—Å—Ç–∏—Ç—É—Ç –£—Ä–§–£?,—ç—Ç–æ –¥–æ–ø. –±–∞–ª–ª—ã –£—Ä–§–£
"–î–æ–±—Ä—ã–π –¥–µ–Ω—å!
–ü–æ–¥—Å–∫–∞–∂–∏—Ç–µ, –ø–æ–∂–∞–ª—É–π—Å—Ç–∞, –Ω–∞ –í–∞—à–µ–º —Ñ–∞–∫—É–ª—å—Ç–µ—Ç–µ –µ—Å—Ç—å –¥–æ–ø–æ–ª–Ω–∏—Ç–µ–ª—å–Ω—ã–µ –±–∞–ª–ª—ã –∑–∞ –ú–∞—Å—Ç–µ—Ä–∞ –°–ø–æ—Ä—Ç–∞ –∏–ª–∏ –ö–ú–°?","–î–æ–±—Ä—ã–π –¥–µ–Ω—å. –î–∞, –∫–æ–Ω–µ—á–Ω–æ, 3 –±–∞–ª–ª–∞"
"–î–æ–±—Ä—ã–π –≤–µ—á–µ—Ä. –ü–æ–¥—Å–∫–∞–∂–∏—Ç–µ –ø–æ–∂–∞–ª—É–π—Å—Ç–∞, –∞ —Å—É–º–º–∏—Ä—É—é—Ç—Å—è –ª–∏ –¥–∞–Ω–Ω—ã–µ –±–∞–ª–ª—ã —Å –±–∞–ª–ª–∞–º–∏ –æ—Ç –ø—Ä–æ–µ–∫—Ç–∞ ""–¢–µ—Å—Ç-–î—Ä–∞–π–≤ –£—Ä–§–£"" !?!? –ò–ª–∏ –ø—Ä–∏ –ø–æ—Å—Ç—É–ø–ª–µ–Ω–∏–µ –≤ –í–£–ó –±—É–¥–µ—Ç —Å–∏—Å—Ç–µ–º–∞ ""–∏–ª–∏ —Ç–æ, –∏–ª–∏ —ç—Ç–æ"" ??","–î–æ–±—Ä—ã–π –≤–µ—á–µ—Ä. –°–∏—Å—Ç–µ–º–∞ —Ç–∞–∫–∞—è, —Ç–æ —á—Ç–æ –Ω–∞—Ö–æ–¥–∏—Ç—Å—è –≤ –æ–¥–Ω–æ–º –±–ª–æ–∫–µ (2 –±–∞–ª–ª–∞, 3 –±–∞–ª–ª–∞ –∏ –∏.–¥), —Ç–æ –∏–ª–∏ –∏–ª–∏"
"–î–æ–±—Ä—ã–π –≤–µ—á–µ—Ä. –°–∏—Å—Ç–µ–º–∞ —Ç–∞–∫–∞—è, —Ç–æ —á—Ç–æ –Ω–∞—Ö–æ–¥–∏—Ç—Å—è –≤ –æ–¥–Ω–æ–º –±–ª–æ–∫–µ (2 –±–∞–ª–ª–∞, 3 –±–∞–ª–ª–∞ –∏ –∏.–¥), —Ç–æ –∏–ª–∏ –∏–ª–∏","–¢.–µ –µ—Å–ª–∏ —É—á–∞—Å—Ç–≤–æ–≤–∞–ª –≤ –æ–ª–∏–º–ø–∏–∞–¥–µ –∏–∑—É–º—Ä—É–¥, –∞ —Ç–∞–∫–∂–µ —É—á–∞—Å—Ç–≤–æ–≤–∞–ª –≤ –ø—Ä–æ–µ–∫—Ç–µ —Ç–µ—Å—Ç –¥—Ä–∞–π–≤, —Ç–æ 6 –±–∞–ª–ª–æ–≤ –Ω–µ –±—É–¥–µ—Ç?"
"–ê –º–æ–∂–µ—Ç–µ –ø–æ–¥—Å–∫–∞–∑–∞—Ç—å –ø—Ä–æ—Ö–æ–¥–Ω–æ–π –±–∞–ª–ª–∞ –≤ —Ç–æ–º –≥–æ–¥—É –¥–ª—è –ª—å–≥–æ—Ç–Ω–æ–π –∫–∞—Ç–µ–≥–æ—Ä–∏–∏ —É—á–∞—Å—Ç–Ω–∏–∫–∏ –°–í–û –∫–∞–∫–æ–π –±—ã–ª? –ï—Å–ª–∏ —è –ø—Ä–∞–≤–∏–ª—å–Ω–æ –ø–æ–Ω–∏–º–∞—é, —Ç–æ —Ç–∞–º –±–∞–ª–ª—ã –º–æ–≥—É—Ç –æ—Ç–ª–∏—á–∞—Ç—å—Å—è.","–î–æ–±—Ä—ã–π –¥–µ–Ω—å. –ù–µ—Ç –∫–∞–∫–æ–≥–æ-—Ç–æ –æ–ø—Ä–µ–¥–µ–ª–µ–Ω–Ω–æ–≥–æ –±–∞–ª–ª–∞, –µ—Å–ª–∏ –±—É–¥–µ—Ç –º–Ω–æ–≥–æ –∞–±–∏—Ç—É—Ä–∏–µ–Ω—Ç–æ–≤ –≤ —ç—Ç–æ–π –∫–∞—Ç–µ–≥–æ—Ä–∏–∏ –ª—å–≥–æ—Ç–Ω–∏–∫–æ–≤, —Ç–æ —Å—Ä–µ–¥–∏ –Ω–∏—Ö —Ç–æ–∂–µ –±—É–¥–µ—Ç –∫–æ–Ω–∫—É—Ä—Å, –ø–æ—ç—Ç–æ–º—É –ø—Ä–µ–¥—Å–∫–∞–∑–∞—Ç—å —Å–ª–æ–∂–Ω–æ"
"–ó–¥—Ä–∞–≤—Å—Ç–≤—É–π—Ç–µ 
–ü–æ–¥—Å–∫–∞–∂–∏—Ç–µ –∫–∞–∫–æ–π –ø—Ä–æ—Ö–æ–¥–Ω–æ–π –±–∞–ª–ª –±—ã–ª –Ω–∞ 11.00.00 —ç–ª–µ–∫—Ç—Ä–æ–Ω–∏–∫—É –Ω–∞ –±—é–¥–∂–µ—Ç?","–î–æ–±—Ä—ã–π –≤–µ—á–µ—Ä. –õ—É—á—à–µ –æ—Ä–∏–µ–Ω—Ç–∏—Ä–æ–≤–∞—Ç—å—Å—è –Ω–∞ –±–∞–ª–ª—ã 2022 –≥–æ–¥–∞, –ø–æ—Ç–æ–º—É —á—Ç–æ –≤ —ç—Ç–æ–º –≥–æ–¥—É –Ω–∞–±–æ—Ä –±—É–¥–µ—Ç —Å–Ω–æ–≤–∞ –Ω–∞ –Ω–∞–ø—Ä–∞–≤–ª–µ–Ω–∏—è, –∞ –Ω–µ –Ω–∞ –£–ì–ù"
"–ó–¥—Ä–∞–≤—Å—Ç–≤—É–π—Ç–µ, –ø–æ–¥—Å–∫–∞–∂–∏—Ç–µ –ø–æ–∂–∞–ª—É–π—Å—Ç–∞ —Å–∫–æ–ª—å–∫–æ –±–∞–ª–ª–æ–≤ –¥–∞—é—Ç –∑–∞ —Å–µ—Ä–µ–±—Ä—è–Ω—É—é –º–µ–¥–∞–ª—å (1 —á–µ—Ç–≤–µ—Ä–∫–∞ –≤ –∞—Ç—Ç–µ—Å—Ç–∞—Ç–µ)",–î–æ–±—Ä–æ–µ —É—Ç—Ä–æ. 4 –±–∞–ª–ª–∞
–î–æ–±—Ä–æ–µ —É—Ç—Ä–æ. 4 –±–∞–ª–ª–∞,"–ó–¥—Ä–∞–≤—Å—Ç–≤—É–π—Ç–µ, –≤ –¥–æ–∫—É–º–µ–Ω—Ç–∞—Ö —Å–º–æ—Ç—Ä–µ–ª–∞ –±—ã–ª–æ –Ω–∞–ø–∏—Å–∞–Ω–æ, —á—Ç–æ 5 –±–∞–ª–ª–æ–≤ –∑–∞ —Å–µ—Ä–µ–±—Ä—è–Ω—É—é –º–µ–¥–∞–ª—å. –ù–∞ —Å–∞–π—Ç–µ –Ω–µ–ø—Ä–∞–≤–∏–ª—å–Ω–æ —É–∫–∞–∑–∞–ª–∏?"
"–ó–¥—Ä–∞–≤—Å—Ç–≤—É–π—Ç–µ, –≤ –¥–æ–∫—É–º–µ–Ω—Ç–∞—Ö —Å–º–æ—Ç—Ä–µ–ª–∞ –±—ã–ª–æ –Ω–∞–ø–∏—Å–∞–Ω–æ, —á—Ç–æ 5 –±–∞–ª–ª–æ–≤ –∑–∞ —Å–µ—Ä–µ–±—Ä—è–Ω—É—é –º–µ–¥–∞–ª—å. –ù–∞ —Å–∞–π—Ç–µ –Ω–µ–ø—Ä–∞–≤–∏–ª—å–Ω–æ —É–∫–∞–∑–∞–ª–∏?","–í –ø—Ä–∞–≤–∏–ª–∞—Ö –ø—Ä–∏–µ–º–∞ —á–µ—Ç–∫–æ –Ω–∞–ø–∏—Å–∞–Ω–æ 4 –±–∞–ª–ª–∞, —Å–µ—Ä–µ–±—Ä—è–Ω–∞—è –º–µ–¥–∞–ª—å —ç—Ç–æ –º–µ–¥–∞–ª—å II —Å—Ç–µ–ø–µ–Ω–∏"
"–ó–¥—Ä–∞–≤—Å—Ç–≤—É–π—Ç–µ, –∞ –∫–æ–≥–¥–∞ –±—É–¥—É—Ç –∏–∑–≤–µ—Å—Ç—ã –±–∞–ª–ª—ã –Ω–∞ –±—é–¥–∂–µ—Ç –Ω–∞ 09.03.03 –ø—Ä–∏–∫–ª–∞–¥–Ω–æ–π –∏—Å–∫—É—Å—Å—Ç–≤–µ–Ω–Ω—ã–π –∏–Ω—Ç–µ–ª–ª–µ–∫—Ç?",–î–æ–±—Ä—ã–π –¥–µ–Ω—å. –û –∫–∞–∫–∏—Ö –±–∞–ª–ª–∞—Ö –∏–¥–µ—Ç —Ä–µ—á—å?
"–î–æ–±—Ä—ã–π –≤–µ—á–µ—Ä. –£ –º–µ–Ω—è –≤–æ–ø—Ä–æ—Å. –ï—Å–ª–∏ 2 –ø—Ä–µ–¥–º–µ—Ç–∞ –Ω–∞–±—Ä–∞—Ç—å –≤ —Ä–∞–π–æ–Ω–µ 50-60 –±–∞–ª–ª–æ–≤ –ø–æ 100-–±–∞–ª–ª—å–Ω–æ–π —Å–∏—Å—Ç–µ–º–µ, –∞ –º–∞—Ç–µ–º–∞—Ç–∏–∫—É –ø—Ä–æ—Ñ–∏–ª—å–Ω—É—é —Ç–æ–ª—å–∫–æ –Ω–∞ –ø–æ—Ä–æ–≥ –¥–ª—è –∞—Ç—Ç–µ—Å—Ç–∞—Ç–∞(27 –±–∞–ª–ª–æ–≤ –ø–æ 100-–±–∞–ª–ª—å–Ω–æ–π —Å–∏—Å—Ç–µ–º–µ). –ï—Å—Ç—å –ª–∏ —à–∞–Ω—Å –ø–æ–ø–∞—Å—Ç—å –Ω–∞ –ø–ª–∞—Ç–Ω–æ–µ?","–î–æ–±—Ä—ã–π –≤–µ—á–µ—Ä. –ö —Å–æ–∂–∞–ª–µ–Ω–∏—é, –Ω–µ—Ç. –ú–∏–Ω–∏–º–∞–ª—å–Ω—ã–π –±–∞–ª–ª –¥–ª—è –≤—É–∑–∞ - 39"
"–î–æ–±—Ä—ã–π –≤–µ—á–µ—Ä. –ö —Å–æ–∂–∞–ª–µ–Ω–∏—é, –Ω–µ—Ç. –ú–∏–Ω–∏–º–∞–ª—å–Ω—ã–π –±–∞–ª–ª –¥–ª—è –≤—É–∑–∞ - 39","–î–æ–±—Ä—ã–π –¥–µ–Ω—å! –í–æ–µ–Ω–Ω–∞—è —Å–ø–µ—Ü–∏–∞–ª—å–Ω–æ—Å—Ç—å –ø–æ–¥–∞–≤–∞—Ç—å –¥–æ–∫—É–º–µ–Ω—Ç—ã —Ç–∞–∫ –∂–µ —á–µ—Ä–µ–∑ –õ–ö, –Ω–µ –º–æ–≥—É —Ä–∞–∑–æ–±—Ä–∞—Ç—å—Å—è. –ò–ª–∏ –∫–∞–∫ —á–µ—Ä–µ–∑ —Ü–µ–ª–µ–≤–æ–µ –ø–æ–¥–∞–≤–∞—Ç—å –¥–æ–∫—É–º–µ–Ω—Ç—ã."
"–î–æ–±—Ä–æ–µ —É—Ç—Ä–æ! –ü–æ–¥—Å–∫–∞–∂–∏—Ç–µ –ø–æ–∂–∞–ª—É–π—Å—Ç–∞, –∫–∞–∫–∏–µ –±–∞–ª–ª—ã –¥–ª—è –ø–æ—Å—Ç—É–ø–ª–µ–Ω–∏—è –Ω–∞ –±—é–¥–∂–µ—Ç —Ç—Ä–µ–±—É—é—Ç—Å—è –Ω–∞ –Ω–∞–ø—Ä–∞–≤–ª–µ–Ω–∏–µ 11.03.03.?","–î–æ–±—Ä–æ–µ —É—Ç—Ä–æ. –í –ø—Ä–æ—à–ª–æ–º –≥–æ–¥—É –Ω–∞–±–æ—Ä –±—ã–ª –Ω–∞ —É–∫—Ä–∫–ø–Ω–µ–Ω–Ω—É—é –≥—Ä—É–ø–ø—É, –±–∞–ª–ª –Ω–µ —Å–æ–≤—Å–µ–º –∫–æ—Ä—Ä–µ–∫—Ç–Ω—ã–π. –õ—É—á—à–µ –æ—Ä–∏–µ–Ω—Ç–∏—Ä–æ–≤–∞—Ç—å—Å—è –Ω–∞ –±–∞–ª–ª—ã 190-200"
"–¢–æ –µ—Å—Ç—å —Å—É—â–µ—Å—Ç–≤—É–µ—Ç –≤–µ—Ä–æ—è—Ç–Ω–æ—Å—Ç—å —Ç–æ–≥–æ, —á—Ç–æ –±–∞–ª–ª—ã –Ω–∞ –±—é–¥–∂–µ—Ç –º–æ–≥—É—Ç —á—É—Ç—å-—á—É—Ç—å –ø–æ–Ω–∏–∂–µ —Å—Ç–∞—Ç—å?","–ö–æ–Ω–µ—á–Ω–æ –≤—Å–µ–≥–¥–∞ —Å—É—â–µ—Å—Ç–≤—É–µ—Ç —Ç–∞–∫–∞—è –≤–µ—Ä–æ—è—Ç–Ω–æ—Å—Ç—å, –Ω—Ä–∞–≤–∏—Ç—Å—è –∫–∞–∫ –ø–æ–∫–∞–∑—ã–≤–∞–µ—Ç —Å—Ç–∞—Ç–∏—Å—Ç–∏–∫–∞, —á–∞—â–µ –±–∞–ª–ª –≤–æ–∑—Ä–∞—Å—Ç–∞–µ—Ç. –ù–æ –µ—â—ë –±—É–¥–µ—Ç –∑–∞–≤–∏—Å–µ—Ç—å –æ—Ç —Ç–æ–≥–æ, –∫–∞–∫ –≤ —Ü–µ–ª–æ–º —Å–¥–∞–ª–∏ –ï–ì–≠"
"–ù—É–∂–Ω–æ –Ω–∞–ø–∏—Å–∞—Ç—å –ï–ì–≠ –±–æ–ª–µ–µ 60 –±–∞–ª–ª–æ–≤, –µ—Å–ª–∏ –±—É–¥–µ—Ç –Ω–∏–∂–µ, —Ç–æ –¥–æ–ø–æ–ª–Ω–∏—Ç–µ–ª—å–Ω—ã–µ –±–∞–ª–ª—ã –±—É–¥—É—Ç –∑–∞ –º–µ–¥–∞–ª—å?",–î–æ–ø. –ë–∞–ª–ª—ã –¥–∞—é—Ç—Å—è –ø–æ —Ñ–∞–∫—Ç—É –ø—Ä–µ–¥–æ—Å—Ç–∞–≤–ª–µ–Ω–∏—è –¥–æ–∫—É–º–µ–Ω—Ç—ã –æ–± –æ–±—Ä–∞–∑–æ–≤–∞–Ω–∏–∏ —Å –æ—Ç–ª–∏—á–∏–µ–º
"–î–æ–±—Ä—ã–π –¥–µ–Ω—å 
–°–∫–æ–ª—å–∫–æ –¥–∞—é—Ç –±–∞–ª–ª–æ–≤ –∑–∞ —Å–µ—Ä–µ–±—Ä—è–Ω—É—é –∏ –∑–æ–ª–æ—Ç—É—é –º–µ–¥–∞–ª–∏ –ø—Ä–∏ –ø–æ—Å—Ç—É–ø–ª–µ–Ω–∏–∏?",5 –±–∞–ª–ª–æ–≤. https://priem-rtf.urfu.ru/ru/complete/ –≤–µ—Å—å –ø–µ—Ä–µ—á–µ–Ω—å –∏–Ω–¥. –¥–æ—Å—Ç–∏–∂–µ–Ω–∏–π –º–æ–∂–Ω–æ –ø–æ—Å–º–æ—Ç—Ä–µ—Ç—å –∑–¥–µ—Å—å
"–∑–¥—Ä–∞–≤—Å—Ç–≤—É–π—Ç–µ, –ø—Ä–æ—Ö–æ–¥–Ω–æ–π –±–∞–ª–ª –Ω–∞ –±—é–¥–∂–µ—Ç —Ä–∞—Å—Å—á–∏—Ç—ã–≤–∞–µ—Ç—Å—è –∫–∞–∫ —Å—Ä–µ–¥–Ω–µ–µ –∞—Ä–∏—Ñ–º–µ—Ç–∏—á–µ—Å–∫–æ–µ —Å—Ä–µ–¥–∏ –≤—Å–µ—Ö –ø—Ä–æ—à–µ–¥—à–∏—Ö –∏–ª–∏ —Å–∞–º—ã–π –º–∏–Ω–∏–º–∞–ª—å–Ω—ã–π –±–∞–ª–ª –ø–æ—Å—Ç—É–ø–∏–≤—à–µ–≥–æ —á–µ–ª–æ–≤–µ–∫–∞?","–ó–¥—Ä–∞–≤—Å—Ç–≤—É–π—Ç–µ,  –ï–∫–∞—Ç–µ—Ä–∏–Ω–∞.  –°–∞–º—ã–π –º–∏–Ω–∏–º–∞–ª—å–Ω—ã–π –±–∞–ª–ª, –Ω–∞–ø—Ä–∏–º–µ—Ä,  230-–æ–µ –º–µ—Å—Ç–æ –≤ —Ä–µ–π—Ç–∏–Ω–≥–µ –∏–º–µ–ª–æ 254 –±–∞–ª–ª–∞."
"–ó–¥—Ä–∞–≤—Å—Ç–≤—É–π—Ç–µ, —Å–∫–∞–∂–∏—Ç–µ –º–æ–∂–Ω–æ –ª–∏ –≥–¥–µ-—Ç–æ –Ω–∞–π—Ç–∏ —Å–ø–∏—Å–∫–∏ –∑–∞—á–∏—Å–ª–µ–Ω–Ω—ã—Ö –Ω–∞ –±—é–¥–∂–µ—Ç –∑–∞ 2023 –≥–æ–¥ —Å –æ–±—â–µ–π —Å—É–º–º–æ–π –±–∞–ª–ª–æ–≤ –ï–ì–≠ –∏–ª–∏ –ø—Ä–æ—Å—Ç–æ —Å—Ä–µ–¥–Ω—é—é —Å—É–º–º—É –±–∞–ª–ª–æ–≤ –ï–ì–≠ –∑–∞—á–∏—Å–ª–µ–Ω–Ω—ã—Ö –Ω–∞ –±—é–¥–∂–µ—Ç –∑–∞ 2023 –Ω–∞ –Ω–∞–ø—Ä–∞–≤–ª–µ–Ω–∏–µ –ü—Ä–æ–≥—Ä–∞–º–º–Ω–∞—è –∏–Ω–∂–µ–Ω–µ—Ä–∏—è?","–î–æ–±—Ä—ã–π –¥–µ–Ω—å. –ü—Ä–æ—Ö–æ–¥–Ω–æ–π —é–∞–ª–ª –Ω–∞ –ü—Ä–æ–≥—Ä–∞–º–º–Ω—É—é –∏–Ω–∂–µ–Ω–µ—Ä–∏—è –≤ 2023 –±—ã–ª 254
–ü—Ä–æ—Ö–æ–¥–Ω—ã–µ –±–∞–ª–ª—ã –ø—Ä–æ—à–ª—ã—Ö –ª–µ—Ç —É –Ω–∞—Å –Ω–∞ —Å–∞–π—Ç–µ  https://priem-rtf.urfu.ru/ru/passing-points/"
"–î–æ–±—Ä—ã–π –¥–µ–Ω—å. –ü—Ä–æ—Ö–æ–¥–Ω–æ–π —é–∞–ª–ª –Ω–∞ –ü—Ä–æ–≥—Ä–∞–º–º–Ω—É—é –∏–Ω–∂–µ–Ω–µ—Ä–∏—è –≤ 2023 –±—ã–ª 254
–ü—Ä–æ—Ö–æ–¥–Ω—ã–µ –±–∞–ª–ª—ã –ø—Ä–æ—à–ª—ã—Ö –ª–µ—Ç —É –Ω–∞—Å –Ω–∞ —Å–∞–π—Ç–µ  https://priem-rtf.urfu.ru/ru/passing-points/","–Ø –∏–º–µ–ª –≤ –≤–∏–¥—É –Ω–µ–º–Ω–æ–≥–æ –¥—Ä—É–≥–æ–µ, –ø—Ä–æ—Ö–æ–¥–Ω–æ–π –±–∞–ª–ª —è –≤–∏–¥–µ–ª, —Ö–æ—á—É –Ω–∞–π—Ç–∏ –∫–∞–∫—É—é –≤ —Å—Ä–µ–¥–Ω–µ–º —Å—É–º–º—É –∑–∞ –ï–ì–≠ –Ω–∞–±–∏—Ä–∞–µ—Ç –∞–±–∏—Ç—É—Ä–∏–µ–Ω—Ç, –∫–æ—Ç–æ—Ä–æ–≥–æ –∑–∞—á–∏—Å–ª–∏–ª–∏ –Ω–∞ –±—é–¥–∂–µ—Ç, –Ω–æ –Ω–µ –º–∏–Ω–∏–º–∞–ª—å–Ω—É—é"
"–Ø –∏–º–µ–ª –≤ –≤–∏–¥—É –Ω–µ–º–Ω–æ–≥–æ –¥—Ä—É–≥–æ–µ, –ø—Ä–æ—Ö–æ–¥–Ω–æ–π –±–∞–ª–ª —è –≤–∏–¥–µ–ª, —Ö–æ—á—É –Ω–∞–π—Ç–∏ –∫–∞–∫—É—é –≤ —Å—Ä–µ–¥–Ω–µ–º —Å—É–º–º—É –∑–∞ –ï–ì–≠ –Ω–∞–±–∏—Ä–∞–µ—Ç –∞–±–∏—Ç—É—Ä–∏–µ–Ω—Ç, –∫–æ—Ç–æ—Ä–æ–≥–æ –∑–∞—á–∏—Å–ª–∏–ª–∏ –Ω–∞ –±—é–¥–∂–µ—Ç, –Ω–æ –Ω–µ –º–∏–Ω–∏–º–∞–ª—å–Ω—É—é","–°–ø–∏—Å–∫–∏ –Ω–∏–∫—Ç–æ –Ω–µ –≤—ã—Å—Ç–∞–≤–ª—è–µ—Ç , —ç—Ç–æ –ø–µ—Ä—Å–æ–Ω–∞–ª—å–Ω—ã–µ –¥–∞–Ω–Ω—ã–µ. –í—Å—ë –æ—Å—Ç–∞–ª—å–Ω—ã–µ –±–∞–ª–ª—ã 254 –∏ –≤—ã—à–µ"
5 –±–∞–ª–ª–æ–≤. https://priem-rtf.urfu.ru/ru/complete/ –≤–µ—Å—å –ø–µ—Ä–µ—á–µ–Ω—å –∏–Ω–¥. –¥–æ—Å—Ç–∏–∂–µ–Ω–∏–π –º–æ–∂–Ω–æ –ø–æ—Å–º–æ—Ç—Ä–µ—Ç—å –∑–¥–µ—Å—å,"–î–æ–±—Ä—ã–π –¥–µ–Ω—å, –ø–æ–¥—Å–∫–∞–∂–∏—Ç–µ, –ø–æ–∂–∞–ª—É–π—Å—Ç–∞, –ø–æ –í–∞—à–µ–π —Å—Å—ã–ª–∫–µ –∏ –∑–∞ —Å–µ—Ä–µ–±—Ä–æ, –∏ –∑–∞ –∑–æ–ª–æ—Ç–æ 5 –±–∞–ª–ª–æ–≤. –ê –Ω–∞ —Å–∞–π—Ç–µ –≤–∏–∂—É —Ç–∞–∫—É—é –∏–Ω—Ñ–æ—Ä–º–∞—Ü–∏—é?"
—É –∫–æ–≥–æ –∫–∞–∫–∏–µ –±–∞–ª–ª—ã?,"–ù–∞–¥–µ—é—Å—å, —á—Ç–æ –±—É–¥–µ—Ç —Ç–∞–∫–∂–µ –∫–∞–∫ –∏ —Å –ø—Ä–æ—Ñ–º–∞—Ç–æ–º –æ–ø—Ä–æ—Å, —á—Ç–æ–±—ã –±–æ–ª—å—à–µ –ª—é–¥–µ–π –æ—Ç–º–µ—Ç–∏–ª–∏ —Å–≤–æ–∏ –±–∞–ª–ª—ãüòÄ"
"–î–æ–±—Ä—ã–π –¥–µ–Ω—å,  –ø–æ–¥—Å–∫–∞–∂–∏—Ç–µ –¥–ª—è –ø–æ—Å—Ç—É–ø–ª–µ–Ω–∏—è –Ω–∞ –ø–ª–∞—Ç–Ω–æ–π –æ—Å–Ω–æ–≤–µ –µ—Å—Ç—å –ª–∏ –∫–∞–∫–∏–µ-—Ç–æ –º–∏–Ω–∏–º–∞–ª—å–Ω—ã–µ —Å—É–º–º–∞—Ä–Ω—ã–µ –±–∞–ª–ª—ã –º–µ–Ω–µ–µ –∫–æ—Ç–æ—Ä—ã—Ö –Ω–∞ –ø–ª–∞—Ç–Ω–æ–π –æ—Å–Ω–æ–≤–µ –Ω–µ –ø–æ—Å—Ç—É–ø–∏—Ç—å? ( —è –∏–º–µ—é –≤–≤–∏–¥—É –Ω–µ –º–∏–Ω–∏–º–∞–ª—å–Ω—ã–µ –±–∞–ª–ª—ã –¥–ª—è –ø–æ—Å—Ç—É–ø–ª–µ–Ω–∏—è –≤ –∏–Ω—Å—Ç–∏—Ç—É)","–î–∞, –æ—Ç 170 –±–∞–ª–ª–æ–≤ –Ω–∞ –ü—Ä–æ–≥—Ä–∞–º–º–Ω—É—é –∏–Ω–∂–µ–Ω–µ—Ä–∏—é, –ò–Ω—Ñ–æ—Ä–º–∞—Ü–∏–æ–Ω–Ω—É—é –±–µ–∑–æ–ø–∞—Å–Ω–æ—Å—Ç—å,  –ê–ª–≥–æ—Ä–∏—Ç–º—ã –∏—Å–∫—É—Å—Å—Ç–≤–µ–Ω–Ω–æ–≥–æ –∏–Ω—Ç–µ–ª–ª–µ–∫—Ç–∞ –∏ –ü—Ä–∏–∫–ª–∞–¥–Ω–æ–π –∏—Å–∫—É—Å—Å—Ç–≤–µ–Ω–Ω—ã–π –∏–Ω—Ç–µ–ª–ª–µ–∫—Ç"
"–î–æ–±—Ä–æ–µ —É—Ç—Ä–æ,–∞ –∫—Ä–∞—Å–Ω—ã–π –¥–∏–ø–ª–æ–º ,–µ—Å–ª–∏ –º—ã –∏–∑ –ö–∞–∑–∞—Ö—Å—Ç–∞–Ω–∞ ,–¥–∞—ë—Ç –±–∞–ª–ª—ã ?","–î–æ–±—Ä—ã–π –¥–µ–Ω—å. –î–∞, –ª—é–±–æ–π –¥–∏–ø–ª–æ–º/–∞—Ç—Ç–µ—Å—Ç–∞—Ç —Å –æ—Ç–ª–∏—á–∏–µ–º –¥–∞–µ—Ç –¥–æ–ø. –±–∞–ª–ª—ã"
"–ó–¥—Ä–∞–≤—Å—Ç–≤—É–π—Ç–µ, –≤ —á–µ–º –æ—Ç–ª–∏—á–∏–µ 09 –Ω–∞–ø—Ä–∞–≤–ª–µ–Ω–∏–π, –µ—Å–ª–∏ –æ—Å–Ω–æ–≤–Ω—ã–µ –¥–∏—Å—Ü–∏–ø–ª–∏–Ω—ã, –ø—Ä–µ–¥–º–µ—Ç—ã –ø–æ –≤—ã–±–æ—Ä—É –∏ —É—á–µ–±–Ω—ã–π –ø–ª–∞–Ω –æ–¥–∏–Ω–∞–∫–æ–≤—ã–µ? –í–æ–ø—Ä–æ—Å –≤–æ–∑–Ω–∏–∫ –≤ —Å–∏–ª—É —Ç–æ–≥–æ, —á—Ç–æ –ø—Ä–æ—Ö–æ–¥–Ω—ã–µ –±–∞–ª–ª—ã —Ä–∞–∑–Ω—ã–µ.","–î–æ–±—Ä–æ–µ —É—Ç—Ä–æ. –†–∞–∑–Ω—ã–µ –∫–∞–∫ —Ä–∞–∑ –ø–æ—Ç–æ–º—É ,—á—Ç–æ–±—ã –±—ã–ª–∞ –≤–æ–∑–º–æ–∂–Ω–æ—Å—Ç—å –≤—Ö–æ–¥–∞ –Ω–∞ –±—é–¥–∂–µ—Ç —É –±–æ–ª—å—à–µ–≥–æ —á–∏—Å–ª–∞ –∞–±–∏—Ç—É—Ä–∏–µ–Ω—Ç–æ–≤. –ü–ª–∞–Ω—ã –¥–µ–π—Å—Ç–≤–∏—Ç–µ–ª—å–Ω–æ –æ–¥–∏–Ω–∞–∫–æ–≤—ã–µ, –≤–æ–∑–º–æ–∂–Ω–æ—Å—Ç—å –≤—ã–±–æ—Ä–∞ —Ç–æ–∂–µ. –ü–æ—ç—Ç–æ–º—É –æ–∏–µ–Ω—Ç–∏—Ä—Ü–π—Ç–µ—Å—å –Ω–∞ –±–∞–ª–ª—ã"
"–ï—Å–ª–∏ –ø–æ–¥–∞–µ–º –Ω–∞ –∫–æ–Ω—Ç—Ä–∞–∫—Ç, –æ–ø–ª–∞—á–∏–≤–∞–µ–º –∏ –ø–∞—Ä–∞–ª–ª–µ–ª—å–Ω–æ –ø–æ–¥–∞—ë–º –Ω–∞ –±—é–¥–∂–µ—Ç –∏ –ø—Ä–æ—Ö–æ–¥–∏–º –ø–æ –±–∞–ª–ª–∞–º –Ω–∞ –±—é–¥–∂–µ—Ç. –ë—É–¥—É—Ç –ª–∏ –≤–æ–∑–≤—Ä–∞—â–µ–Ω—ã –æ–ø–ª–∞—á–µ–Ω–Ω—ã–µ –¥–µ–Ω—å–≥–∏?",–°–∫–æ–ª—å–∫–æ —É –≤–∞—Å –±–∞–ª–ª–æ–≤? –Ø –≤–∞—Å –ø—Ä–∏–º–µ—Ä–Ω–æ —Å–æ—Ä–∏–µ–Ω—Ç–∏—Ä—É—é —Å—Ä–∞–∑—É
"–î–æ–±—Ä—ã–π –≤–µ—á–µ—Ä! –õ—é–±–æ–≤—å, –ø–æ–¥—Å–∫–∞–∂–∏—Ç–µ –ø–æ–∂–∞–ª—É–π—Å—Ç–∞, –Ω–∞ –∫–æ–Ω—Ç—Ä–∞–∫—Ç –ø—Ä–∏—ë–º –±–µ–∑ –∫–æ–Ω–∫—É—Ä—Å–∞ –ø–æ –±–∞–ª–ª–∞–º, –ø—Ä–æ—Å—Ç–æ –∑–∞–∫–ª—é—á–∞–µ–º –¥–æ–≥–æ–≤–æ—Ä –∏ –æ–ø–ª–∞—á–∏–≤–∞–µ–º? –í–∏–¥–µ–¥–∞ —á—Ç–æ –≤ –ø–ª–∞–Ω–µ –ø—Ä–∏–µ–º–∞ –µ—Å—Ç—å –∫–æ–Ω–∫—Ä–µ—Ç–Ω—ã–µ —Ü–∏—Ñ—Ä—ã –º–µ—Å—Ç –Ω–∞ –∫–æ–Ω—Ç—Ä–∞–∫—Ç, –∞ –µ—Å–ª–∏ –∂–µ–ª–∞—â–∏—Ö –±—É–¥–µ—Ç –±–æ–ª—å—à–µ, —á–µ–º –º–µ—Å—Ç?","–î–æ–±—Ä—ã–π –≤–µ—á–µ—Ä.  –î–æ 20 –∞–≤–≥—É—Å—Ç–∞ –º—ã –±–µ—Ä—ë–º –Ω–∞ –∫–æ–Ω—Ç—Ä–∞–∫—Ç –∂–µ–ª–∞—é—â–∏—Ö. –í –¥–æ–ø.–ø—Ä–∏–µ–º —Ç–æ—á–Ω–æ –Ω–µ –±—É–¥–µ–º –±—Ä–∞—Ç—å –Ω–∞ –Ω–∞–ø—Ä–∞–≤–ª–µ–Ω–∏—è, –≥–¥–µ –∑–∞–∫—Ä–æ–µ–º —Ü–∏—Ñ—Ä—ã. –ú–µ—Å—Ç —Ö–≤–∞—Ç–∏—Ç –æ–±—ä—è–≤–ª–µ–Ω–Ω—ã—Ö, –Ω–µ –≤–æ–ª–Ω—É–π—Ç–µ—Å—å"
–ê –µ—Å—Ç—å —Ä–∞–∑–Ω—ã–µ —Å–ø–µ—Ü–∫—É—Ä—Å—ã? –ó–∞ –∫–æ—Ç–æ—Ä—ã–µ –ø–æ–ª—É—á–∞—é—Ç –±–∞–ª–ª—ã –±—Ä—Å?,–ó–∞ –≤—Å–µ –∫—É—Ä—Å—ã —Å—Ç–∞–≤—è—Ç—Å—è –±–∞–ª–ª—ã –≤ –±—Ä—Å
–∞ –∫–∞–∫–∏–µ —Å—Ä–µ–¥–Ω–∏–µ –±–∞–ª–ª—ã –ø–æ—Å—Ç—É–ø–∏–≤—à–∏—Ö –≤ —Ç–æ–º –≥–æ–¥—É –Ω–∞ —ç—Ç–∏—Ö –Ω–∞–ø—Ä–∞–≤–ª–µ–Ω–∏—è—Ö?,"–ü–æ –ø—Ä–æ—à–ª–æ–º—É –≥–æ–¥—É —Å–ª–æ–∂–Ω–æ —Å—É–¥–∏—Ç—å, –ø–æ—Ç–æ–º—É —á—Ç–æ —Ç—Ä–∏ –Ω–∞–ø—Ä–∞–≤–ª–µ–Ω–∏—è –±—ã–ª–∏ –æ–±—ä–µ–¥–∏–Ω–µ–Ω—ã –≤ –æ–¥–Ω—É –≥—Ä—É–ø–ø—É –∏ –∞–±–∏—Ç—É—Ä–∏–µ–Ω—Ç—ã —Ä–∞—Å—Ç–µ—Ä—è–ª–∏—Å—å, –±–∞–ª–ª –±—ã–ª –Ω–∏–∑–∫–∏–π , –æ—Ä–∏–µ–Ω—Ç–∏—Ä–æ–≤–∞—Ç—å—Å—è –Ω–∞ –Ω–µ–≥–æ –Ω–µ —Å–æ–≤–µ—Ç—É—é"
–∞ –∫–∞–∫–∏–µ —Å—Ä–µ–¥–Ω–∏–µ –±–∞–ª–ª—ã –ø–æ—Å—Ç—É–ø–∏–≤—à–∏—Ö –≤ —Ç–æ–º –≥–æ–¥—É –Ω–∞ —ç—Ç–∏—Ö –Ω–∞–ø—Ä–∞–≤–ª–µ–Ω–∏—è—Ö?,https://priem-rtf.urfu.ru/ru/passing-points/ –º–æ–∂–µ—Ç–µ –ø–æ—Å–º–æ—Ç—Ä–µ—Ç—å –ø—Ä–æ—Ö–æ–¥–Ω—ã–µ –±–∞–ª–ª—ã –∑–∞ –Ω–µ—Å–∫–æ–ª—å–∫–æ –ª–µ—Ç
"–î–æ–±—Ä—ã–π –¥–µ–Ω—å! –ü–æ–¥—Å–∫–∞–∂–∏—Ç–µ –ø–æ–∂, –ø—Ä–æ—Ö–æ–¥–Ω—ã–µ –±–∞–ª–ª—ã –ø—Ä–æ—à–ª–æ–≥–æ –≥–æ–¥–∞ –Ω–∞:  11.03.01,  11.03.02,  11.03.03","–ó–¥—Ä–∞–≤—Å—Ç–≤—É–π—Ç–µ,  –ï–ª–µ–Ω–∞. –í –ø—Ä–æ—à–ª–æ–º –≥–æ–¥—É —ç—Ç–∏ –ø—Ä–æ–≥—Ä–∞–º–º—ã –±—ã–ª–∏ –æ–±—ä–µ–¥–∏–Ω–µ–Ω—ã –≤ –æ–¥–Ω—É 11.00.00, –ø—Ä–æ—Ö–æ–¥–Ω–æ–π –±–∞–ª–ª —Ç—É–¥–∞ –±—ã–ª –≤ —Ä–∞–π–æ–Ω–µ 150."
"–ï—Å–ª–∏ –≤—ã–ø—É—Å–∫–Ω–∏–∫ —Å–ø–æ —Å–¥–∞—Å—Ç –¥–æ–∫—É–º–µ–Ω—Ç—ã 15-16 –∏—é–Ω—è,, —Ç–æ —É—Å–ø–µ–µ—Ç —Å–¥–∞—Ç—å –≤—Å—Ç—É–ø–∏—Ç–µ–ª—å–Ω—ã–µ —ç–∫–∑–∞–º–µ–Ω—ã?","–î–æ–±—Ä–æ–µ —É—Ç—Ä–æ. –î–∞, –ø—Ä–∏—ë–º –¥–æ–∫—É–º–µ–Ω—Ç–æ–≤ –Ω–∞ –±–∞–∑–µ –°–ü–û –¥–æ 18 –∏—é–ª—è, —ç–∫–∑–∞–º–µ–Ω—ã –¥–æ 25 –∏—é–ª—è"
"–î–æ–±—Ä–æ–µ —É—Ç—Ä–æ! –ü–æ–¥—Å–∫–∞–∂–∏—Ç–µ –ø–æ–∂–∞–ª—É–π—Å—Ç–∞ –∫–æ–≥–¥–∞ —Å—Ç–∞–Ω—É—Ç –∏–∑–≤–µ—Å—Ç–Ω—ã –ø—Ä–æ—Ö–æ–¥–Ω—ã–µ –±–∞–ª–ª—ã –Ω–∞ —ç—Ç–æ—Ç –≥–æ–¥, –ø–æ—Å–ª–µ –ø–æ–¥–∞—á–∏ –¥–æ–∫—É–º–µ–Ω—Ç–æ–≤ –æ—Ç –≤—Å–µ—Ö –∂–µ–ª–∞—é—â–∏—Ö?","–î–æ–±—Ä–æ–µ —É—Ç—Ä–æ. –û–Ω–∏ –Ω–µ –±—É–¥—É—Ç –∏–∑–≤–µ—Å—Ç–Ω—ã üôÉ –ü—Ä–æ—Ö–æ–¥–Ω–æ–π –±–∞–ª–ª —Ñ–æ—Ä–º–∏—Ä—É–µ—Ç—Å—è –ø—Ä–∏ –∑–∞—á–∏—Å–ª–µ–Ω–∏–∏, –æ–Ω –±—É–¥–µ—Ç —Ç–∞–∫–∏–º, –∫–∞–∫–æ–π –±—É–¥–µ—Ç —É –∫—Ä–∞–π–Ω–µ–≥–æ –∞–±–∏—Ç—É—Ä–∏–µ–Ω—Ç–∞, –ø—Ä–æ—à–µ–¥—à–µ–≥–æ –Ω–∞ –±—é–¥–∂–µ—Ç"
"–î–æ–±—Ä–æ–µ —É—Ç—Ä–æ. –û–Ω–∏ –Ω–µ –±—É–¥—É—Ç –∏–∑–≤–µ—Å—Ç–Ω—ã üôÉ –ü—Ä–æ—Ö–æ–¥–Ω–æ–π –±–∞–ª–ª —Ñ–æ—Ä–º–∏—Ä—É–µ—Ç—Å—è –ø—Ä–∏ –∑–∞—á–∏—Å–ª–µ–Ω–∏–∏, –æ–Ω –±—É–¥–µ—Ç —Ç–∞–∫–∏–º, –∫–∞–∫–æ–π –±—É–¥–µ—Ç —É –∫—Ä–∞–π–Ω–µ–≥–æ –∞–±–∏—Ç—É—Ä–∏–µ–Ω—Ç–∞, –ø—Ä–æ—à–µ–¥—à–µ–≥–æ –Ω–∞ –±—é–¥–∂–µ—Ç","–ü–æ–ª—É—á–∞–µ—Ç—Å—è, —á—Ç–æ–±—ã –ø–æ–Ω–∏–º–∞—Ç—å –µ—Å—Ç—å –ª–∏ –≤–æ–∑–º–æ–∂–Ω–æ—Å—Ç—å –ø—Ä–æ–π—Ç–∏ –Ω–∞ –±—é–¥–∂–µ—Ç, –Ω–∞–¥–æ –æ—Ä–∏–µ–Ω—Ç–∏—Ä–æ–≤–∞—Ç—å—Å—è –Ω–∞ –ø—Ä–æ—Ö–æ–¥–Ω–æ–π –±–∞–ª–ª –ø—Ä–µ–¥—ã–¥—É—â–µ–≥–æ –≥–æ–¥–∞?"
"–ó–¥—Ä–∞–≤—Å—Ç–≤—É–π—Ç–µ, –ø–æ–¥—Å–∫–∞–∂–∏—Ç–µ –ø–æ–∂–∞–ª—É–π—Å—Ç–∞, –¥–æ–ø–æ–ª–Ω–∏—Ç–µ–ª—å–Ω—ã–µ –±–∞–ª–ª—ã –¥–∞—é—Ç –∑–∞ –º–µ–¥–∞–ª—å –∏ –∫—Ä–∞—Å–Ω—ã–π –∞—Ç—Ç–µ—Å—Ç–∞—Ç? –ë–∞–ª–ª—ã —Å—É–º–º–∏—Ä—É—é—Ç—Å—è ? –ò–ª–∏ —Ç–æ–ª—å–∫–æ –∑–∞ –º–µ–¥–∞–ª—å, –∞ –∫—Ä–∞—Å–Ω—ã–π –∞—Ç—Ç–µ—Å—Ç–∞—Ç –Ω–µ —É—á–∏—Ç—ã–≤–∞–µ—Ç—Å—è?",–î–æ–±—Ä–æ–µ —É—Ç—Ä–æ. –ë–∞–ª–ª—ã –¥–∞—é—Ç—Å—è –∑–∞ –º–µ–¥–∞–ª—å / –∞—Ç—Ç–µ—Å—Ç–∞—Ç —Å –æ—Ç–ª–∏—á–∏–µ–º - 5 –±–∞–ª–ª–æ–≤
"–ó–¥—Ä–∞–≤—Å—Ç–≤—É–π—Ç–µ, –µ—Å—Ç—å –ª–∏ —à–∞–Ω—Å –ø–æ–ø–∞—Å—Ç—å –Ω–∞ –±—é–¥–∂–µ—Ç –Ω–∞ –Ω–∞–ø—Ä–∞–≤–ª–µ–Ω–∏—è 09  —Å 226 –±–∞–ª–ª–æ–≤+ 3 –±–∞–ª–ª–∞ –∑–∞ —É—á–∞—Å—Ç–∏–µ –≤ –æ–ª–∏–º–ø–∏–∞–¥–µ ""–ò–∑—É–º—Ä—É–¥""?","–≤ –ø—Ä–æ—à–ª–æ–º –≥–æ–¥—É –º–∏–Ω –ø—Ä–æ—Ö–æ–¥–Ω–æ–π –±–∞–ª–ª –±—ã–ª 233, –≤ —ç—Ç–æ–º –≥–æ–¥—É —Å–æ–∫—Ä–∞—Ç–∏–ª–∏ –±—é–¥–∂–µ—Ç–Ω—ã–µ –º–µ—Å—Ç–∞ –Ω–∞ 100 —à—Ç—É–∫, –ø–æ—ç—Ç–æ–º—É –≤—Ä—è—Ç–ª–∏"
"–ó–¥—Ä–∞–≤—Å—Ç–≤—É–π—Ç–µ. –ü–æ–¥—Å–∫–∞–∂–∏—Ç–µ, –ø–æ–∂–∞–ª—É–π—Å—Ç–∞, –∑–∞ –≤–æ–ª–æ–Ω—Ç—ë—Ä—Å—Ç–≤–æ –∂–µ –¥–∞—é—Ç—Å—è –¥–æ–ø–æ–ª–Ω–∏—Ç–µ–ª—å–Ω—ã–µ –±–∞–ª–ª—ã. –ï—Å–ª–∏ –¥–∞, —Ç–æ —Å–∫–æ–ª—å–∫–æ –∏ –∫–∞–∫ —ç—Ç–æ —É–∫–∞–∑–∞—Ç—å –ø—Ä–∏ –ø–æ—Å—Ç—É–ø–ª–µ–Ω–∏–∏?","–î–∞, –µ—Å—Ç—å 1 –±–∞–ª–ª, –Ω–æ –Ω–µ –º–µ–Ω–µ–µ 100 –≤–µ—Ä–∏—Ñ–∏—Ü–∏—Ä–æ–≤–∞–Ω–Ω—ã—Ö —á–∞—Å–æ–≤ –∑–∞ —Ç–µ–∫—É—â–∏–π –≥–æ–¥"
"–î–æ–±—Ä—ã–π –≤–µ—á–µ—Ä! –°–∫–∞–∂–∏—Ç–µ –ø–æ–∂–∞–ª—É–π—Å—Ç–∞, –ø–æ—á–µ–º—É –≤ —Ç–∞–±–ª–∏—Ü–µ ""–ü–æ–ª–Ω—ã–π —Å–ø–∏—Å–æ–∫ –ø–æ—Å—Ç—É–ø–∞—é—â–∏—Ö"" –Ω–µ –æ—Ç–æ–±—Ä–∞–∂–∞—é—Ç—Å—è –±–∞–ª–ª—ã –ï–ì–≠?","–ë–∞–ª–ª—ã –ï–ì–≠ –≤—ã–≥—Ä—É–∂–∞–µ—Ç—Å—è –ø–∞–∫–µ—Ç–Ω–æ —Ä–∞–∑ –≤ –¥–µ–Ω—å. –ï—Å–ª–∏ —Å–¥–∞–≤–∞–ª–∏ –ø–æ –ø–∞—Å–ø–æ—Ä—Ç—É, –∫–æ—Ç–æ—Ä—ã–π –ø—Ä–∏ –ø–æ–¥–∞—á–µ –¥–æ–∫—É–º–µ–Ω—Ç–æ–≤ (–Ω–µ –º–µ–Ω—è–ª–∏), —Ç–æ –≤—Å–µ —Ö–æ—Ä–æ—à–æ, –∂–¥–∏—Ç–µ, –≤—ã–≥—Ä—É–∑—è—Ç"
"–ü–æ–¥—Å–∫–∞–∂–∏—Ç–µ,–ø–æ–∂–∞–ª—É–π—Å—Ç–∞,—á–µ—Ä–µ–∑ –∫–∞–∫–æ–µ –≤—Ä–µ–º—è –ø–æ–ª—É—á–∏—Ç—Å—è –Ω–∞—á–∞—Ç—å –≤—Å—Ç—É–ø–∏—Ç–µ–ª—å–Ω—ã–µ —ç–∫–∑–∞–º–µ–Ω—ã –ø–æ—Å–ª–µ –ø–æ–¥–∞—á–∏ –∑–∞—è–≤–ª–µ–Ω–∏—è?
–î–∏–ø–ª–æ–º —Å–ø–æ –≤—ã–¥–∞–¥—É—Ç 5 –∏—é–ª—è,–µ—Å–ª–∏ –∑–∞—è–≤–ª–µ–Ω–∏–µ –ø–æ–¥–∞—Å—Ç 6.07 ,—Ç–æ —Å –ø–æ–Ω–µ–¥–µ–ª—å–Ω–∏–∫–∫–∞ –º–æ–∂–Ω–æ –±—É–¥–µ—Ç –Ω–∞—á–∞—Ç—å —Å–¥–∞–≤–∞—Ç—å?","–ü–æ—Å–ª–µ —Ç–æ–≥–æ, –∫–∞–∫ –ø—Ä–∏–Ω—è—Ç—ã –¥–æ–∫—É–º–µ–Ω—Ç—ã, —É –≤–∞—Å –±—É–¥–µ—Ç –æ—Ç–∫—Ä—ã—Ç –¥–æ—Å—Ç—É–ø –∫ —ç–∫–∑–∞–º–µ–Ω–∞–º. –ï—Å–ª–∏ –≤—ã –ø–æ—Å—Ç—É–ø–∞–µ—Ç–µ –Ω–∞ –±—é–¥–∂–µ—Ç, —Ç–æ —Å–¥–∞—Ç—å –Ω—É–∂–Ω–æ –¥–æ 25 –∏—é–ª—è"
"–ó–¥—Ä–∞–≤—Å—Ç–≤—É–π—Ç–µ, –∞ –∫–∞–∫–∏–µ –≤ –ø—Ä–æ—à–ª–æ–º –≥–æ–¥—É –±—ã–ª–∏ –±–∞–ª–ª—ã –Ω–∞ –∏–Ω—Ñ–æ—Ä–º–∞—Ç–∏–∫—É –∏ –≤—ã—á–∏—Å–ª–∏—Ç–µ–ª—å–Ω—É—é —Ç–µ—Ö–Ω–∏–∫—É? (–ø–ª–∞—Ç–Ω–∞—è –æ—Å–Ω–æ–≤–∞) –ù–∞ –ø–æ—Å—Ç—É–ø–∏ –µ–∫–± –ø–∏—à—É—Ç 134, –Ω–æ –º–æ–∂–µ—Ç –±—ã—Ç—å –µ—Å—Ç—å –ø–æ–ª–Ω—ã–π —Å–ø–∏—Å–æ–∫ –ø–æ—Å—Ç—É–ø–∏–≤—à–∏—Ö? –ò –∫–∞–∫ –≤–æ–æ–±—â–µ –º–æ–∂–Ω–æ —É–∑–Ω–∞—Ç—å —Å–∫–æ–ª—å–∫–æ –æ—Å—Ç–∞–ª–æ—Å—å –ø–ª–∞—Ç–Ω—ã—Ö –º–µ—Å—Ç –Ω–∞ –Ω–∞–ø—Ä–∞–≤–ª–µ–Ω–∏—è?","–î–æ–±—Ä–æ–µ —É—Ç—Ä–æ. –î–æ 20 –∞–≤–≥—É—Å—Ç–∞ –∏–¥–µ—Ç –ø—Ä–∏—ë–º –Ω–∞ –∫–æ–Ω—Ç—Ä–∞–∫—Ç. –í —ç—Ç–æ—Ç –ø–µ—Ä–∏–æ–¥ –º—ã –≤–æ–∑—å–º—ë–º –∂–µ–ª–∞—é—â–∏—Ö. –í—ã –∫–æ–Ω–µ–Ω–æ –º–æ–∂–µ—Ç–µ –ø–æ–ø—ã—Ç–∞—Ç—å—Å—è –ø–æ—Å—Ç—É–ø–∏—Ç—å –∏ —Å –Ω–∏–∑–∫–∏–º–∏ –±–∞–ª–ª–∞–º–∏ –Ω–∞ –ò–í–¢ , –¥—Ä—É–≥–æ–π –≤–æ–ø—Ä–æ—Å –∫–∞–∫ –≤—ã –±—É–¥–µ—Ç–µ —É—á–∏—Ç—å—Å—è ? –£—á–µ–±–Ω—É—é –ø—Ä–æ–≥—Ä–∞–º–º—É–∂–µ –≤–∞–º –ø—Ä–∏–¥—ë—Ç—Å—è –æ—Å–≤–∞–∏–≤–∞—Ç—å. –°—Ç–∞—Ç–∏—Å—Ç–∏–∫—É –ø–æ –∫–æ–Ω—Ç—Ä–∞–∫—Ç–Ω–∞–º –Ω–µ –≤–µ–¥—ë–º. –ë—ã–≤–∞—é—Ç –∏—Å–∫–ª—é—á–µ–Ω–∏—è, —á—Ç–æ —Ä–µ–±—è—Ç–∞ —Å –Ω–∏–∑–∫–∏–º–∏ –±–∞–ª–ª–∞–º–∏ —Å—Ç–∞—Ä–∞—é—Ç—Å—è –∏ —É—á–∞—Ç—Å—è —Ö–æ—Ä–æ—à–æ, –≥–ª–∞–≤–Ω–æ–µ, —á—Ç–æ–±—ã –±–∞–∑–∞ –ø–æ –º–∞—Ç–µ–º–∞—Ç–∏–∫–µ –±—ã–ª–∞ —Ö–æ—Ä–æ—à–µ–π. –ê —Ç–∞–∫, –≤–∞—à–µ –ø—Ä–∞–≤–æ —Ç—Ä–∞—Ç–∏—Ç—å –¥–µ–Ω—å–≥–∏ –∏ –Ω–µ—Å—Ç–∏ –æ—Ç–≤–µ—Ç—Å—Ç–≤–µ–Ω–Ω–æ—Å—Ç—å –∑–∞ —Å–≤–æ–µ –æ–±—É—á–µ–Ω–∏–µ. –ü–æ–≤–µ—Ä—å—Ç–µ, –∫–æ–Ω—Ç—Ä–∞–∫—Ç–Ω–∏–∫–æ–≤ –º—ã —Ç–æ—á–Ω–æ —Ç–∞–∫–∂–µ –æ—Ç—á–∏—Å–ª—è–µ–º, –∫–∞–∫ –∏ –±—é–¥–∂–µ—Ç–Ω–∏–∫–æ–≤, –µ—Å–ª–∏ –Ω–µ –±—É–¥–µ—Ç–µ —É—á–∏—Ç—å—Å—è"
"–ó–¥—Ä–∞–≤—Å—Ç–≤—É–π—Ç–µ, –∏–º–µ–µ—Ç —Å–º—ã—Å–ª –ø–æ–¥–∞–≤–∞—Ç—å –Ω–∞ –±—é–¥–∂–µ—Ç 09 –Ω–∞–ø—Ä–∞–≤–ª–µ–Ω–∏—è —Å 214 –±–∞–ª–ª–∞–º–∏?",–ê –Ω–∞ –∫–æ–Ω—Ç—Ä–∞–∫—Ç —Å —ç—Ç–∏–º–∏ –±–∞–ª–ª–∞–º–∏ –ø–æ–ø–∞–¥—É?
"–ê –º–æ–∂–Ω–æ –≥–¥–µ —Ç–æ –ø–æ—Å–º–æ—Ç—Ä–µ—Ç—å –º–∏–Ω–∏–º–∞–ª—å–Ω—ã–µ –±–∞–ª–ª—ã –∫–æ–Ω—Ç—Ä–∞–∫—Ç–Ω–∏–∫–æ–≤, –∫–æ—Ç–æ—Ä—ã–µ –±—ã–ª—ã –∑–∞—á–∏—Å–ª–µ–Ω—ã, –ø—Ä–æ—à–ª—ã—Ö –ª–µ—Ç?","–ù–∏–≥–¥–µ, —Å–ø–∏—Å–∫–∏ –Ω–µ –≤—ã—Å—Ç–∞–≤–ª—è—é—Ç—Å—è. –ß—Ç–æ –∫–æ–Ω–∫—Ä–µ—Ç–Ω–æ –≤–∞—Å –∏–Ω—Ç–µ—Ä–µ—Å—É–µ—Ç? –ï—Å—Ç—å 4 –ø—Ä–æ–≥—Ä–∞–º–º—ã, –Ω–∞ –∫–æ—Ç–æ—Ä—ã–µ –æ—Ç 170 –Ω–∞ –∫–æ–Ω—Ç—Ä–∞–∫—Ç, –Ω–∞ –æ—Å—Ç–∞–ª—å–Ω—ã–µ –≤–æ–∑–º–æ–∂–Ω–æ —Å –±–æ–ª–µ–µ –Ω–∏–∑–∫–∏–º–∏ –±–∞–ª–ª–∞–º–∏. –î–æ 20 –∞–≤–≥—É—Å—Ç–∞ –≤–æ–∑–±–º–µ–º –≤—Å–µ—Ö –∂–µ–ª–∞—é—â–∏—Ö"
"–ù–∏–≥–¥–µ, —Å–ø–∏—Å–∫–∏ –Ω–µ –≤—ã—Å—Ç–∞–≤–ª—è—é—Ç—Å—è. –ß—Ç–æ –∫–æ–Ω–∫—Ä–µ—Ç–Ω–æ –≤–∞—Å –∏–Ω—Ç–µ—Ä–µ—Å—É–µ—Ç? –ï—Å—Ç—å 4 –ø—Ä–æ–≥—Ä–∞–º–º—ã, –Ω–∞ –∫–æ—Ç–æ—Ä—ã–µ –æ—Ç 170 –Ω–∞ –∫–æ–Ω—Ç—Ä–∞–∫—Ç, –Ω–∞ –æ—Å—Ç–∞–ª—å–Ω—ã–µ –≤–æ–∑–º–æ–∂–Ω–æ —Å –±–æ–ª–µ–µ –Ω–∏–∑–∫–∏–º–∏ –±–∞–ª–ª–∞–º–∏. –î–æ 20 –∞–≤–≥—É—Å—Ç–∞ –≤–æ–∑–±–º–µ–º –≤—Å–µ—Ö –∂–µ–ª–∞—é—â–∏—Ö","–ë–µ—Å–ø–æ–∫–æ—é—Å—å, —á—Ç–æ –Ω–µ —Ö–≤–∞—Ç–∏—Ç –º–µ—Å—Ç –Ω–∞ –∫–æ–Ω—Ç—Ä–∞–∫—Ç. –£ –º–µ–Ω—è 219 –±–∞–ª–ª–æ–≤ + —É—á–∞—Å—Ç–∏–µ –≤ –ò–∑—É–º—Ä—É–¥–µ."
"–ü–æ–¥—Å–∫–∞–∂–∏—Ç–µ, –ø–æ–∂–∞–ª—É–π—Å—Ç–∞, –±—É–¥—É—Ç –ª–∏ –∑–≤–æ–Ω–∏—Ç—å –∏–∑ –ø—Ä–∏–µ–º–Ω–æ–π –∫–æ–º–∏—Å—Å–∏–∏ –∏ –≥–æ–≤–æ—Ä–∏—Ç—å, —á—Ç–æ –ø—Ä–æ—Ö–æ–¥–∏–º, –∏ –ø—Ä–æ—Å–∏—Ç—å –ø—Ä–∏–≤–µ–∑—Ç–∏ –æ—Ä–∏–≥–∏–Ω–∞–ª –∞—Ç—Ç–µ—Å—Ç–∞—Ç–∞? –ò–ª–∏ –Ω—É–∂–Ω–æ —Å–∞–º–∏–º –∑–∞—Ä–∞–Ω–µ–µ –µ–≥–æ –æ—Ç–≤–µ–∑—Ç–∏?üôè","–ö–æ–Ω–µ—á–Ω–æ –Ω—É–∂–Ω–æ —Å–∞–º–∏–º –º–æ–Ω–∏—Ç–æ—Ä–∏—Ç—å —Å–∏—Ç—É–∞—Ü–∏—é, –æ–±—ã—á–Ω–æ –æ–±–∑–≤–∞–Ω–∏–≤–∞–µ–º –≤—ã—Å–æ–∫–æ–±–∞–ª–ª—å–Ω–∏–∫–æ–≤, —á—Ç–æ–±—ã –ø–æ–Ω–∏–º–∞—Ç—å –≤—Å–µ–º –æ—Å—Ç–∞–ª—å–Ω—ã–º, –∫–∞–∫–∏–µ —à–∞–Ω—Å—ã"
"–ù–µ—Ç, –Ω—É–∂–Ω—ã –±–∞–ª–ª—ã –ø—Ä–æ—à–ª–æ–≥–æ –≥–æ–¥–∞","–≠—Ç–æ –Ω–µ –º–∏–Ω–∏–º–∞–ª—å–Ω—ã–µ, –∞ –ø—Ä–æ—Ö–æ–¥–Ω—ã–µ —Ç–æ–≥–¥–∞ –±–∞–ª–ª—ã https://priem-rtf.urfu.ru/ru/passing-points/"
"–¥–æ–±—Ä—ã–π –≤–µ—á–µ—Ä! –∏–∑–≤–∏–Ω–∏—Ç–µ, —á—Ç–æ —Å–ø—Ä–∞—à–∏–≤–∞—é, –º–æ–∂–µ—Ç, —É–∂–µ —Å–ø—Ä–∞—à–∏–≤–∞–ª–∏, –Ω–æ: –∑–¥–µ—Å—å –Ω–∞–ø–∏—Å–∞–Ω–æ, —á—Ç–æ –∑–∞–≤–µ—Ä—à–µ–Ω–∏–µ –ø—Ä–∏–µ–º–∞ –¥–æ–∫—É–º–µ–Ω—Ç–æ–≤ –æ—Ç –ø–æ—Å—Ç—É–ø–∞—é—â–∏—Ö  –ø–æ –≤—Å—Ç—É–ø–∏—Ç–µ–ª—å–Ω—ã–º - 18.07. –≠—Ç–æ –∑–Ω–∞—á–∏—Ç, —á—Ç–æ —è –¥–æ–ª–∂–Ω–∞ —Å–¥–∞—Ç—å —ç–∫–∑–∞–º–µ–Ω –¥–æ 18.07? –ì—Ä–∞–∂–¥–∞–Ω–∏–Ω –†–ö","–ù–µ—Ç, –≤—ã –¥–æ–ª–∂–Ω—ã –ø–æ–¥–∞—Ç—å –¥–æ–∫—É–º–µ–Ω—Ç—ã –¥–æ 18 –∏—é–ª—è, —ç–∫–∑–∞–º–µ–Ω—ã –¥–æ 25 –∏—é–ª—è"
"–ü—Ä–∏–≤–µ—Ç. –¢–∞–∫–æ–µ –æ—â—É—â–µ–Ω–∏–µ, —á—Ç–æ –Ω–∞ –ø—Ä–æ—Ö–æ–¥–Ω—ã–µ –±–∞–ª–ª—ã –ø—Ä–æ—à–ª–æ–≥–æ –≥–æ–¥–∞ –Ω–µ—Ç —Å–º—ã—Å–ª–∞ –æ—Ä–∏–µ–Ω—Ç–∏—Ä–æ–≤–∞—Ç—å—Å—è –≤–æ–æ–±—â–µ. –ö–∞–∂–µ—Ç—Å—è, –º–µ–Ω—å—à–µ 260 –ø—Ä–æ—Ö–æ–¥–Ω–æ–π –Ω–∞ 09 –Ω–µ –±—É–¥–µ—Ç?",–ù—É –ø–æ—á–µ–º—É. –£ –Ω–∞—Å 5 –æ–±—Ä–∞–∑–æ–≤–∞—Ç–µ–ª—å–Ω—ã—Ö –ø—Ä–æ–≥—Ä–∞–º–º –ø–æ 09. –ë–∞–ª–ª—ã –º–æ–≥—É—Ç –≤–∞—Ä—å–∏—Ä–æ–≤–∞—Ç—å—Å—è
"–î–æ–±—Ä—ã–π –¥–µ–Ω—å, –µ—Å—Ç—å –ª–∏ —à–∞–Ω—Å –ø—Ä–æ–π—Ç–∏ –Ω–∞ –±—é–¥–∂–µ—Ç , –µ—Å–ª–∏ –±–∞–ª–ª—ã –±—É–¥—É—Ç –Ω–∞ 5-7 –º–µ–Ω—å—à–µ , —á–µ–º –∑–∞—è–≤–ª–µ–Ω–æ –Ω–∞ —Å–∞–π—Ç–µ ?","–ü—Ä–æ–±–æ–≤–∞—Ç—å –≤—Å–µ–≥–¥–∞ –º–æ–∂–Ω–æ. –ù–∞ —Å–∞–π—Ç–µ —É–∫–∞–∑–∞–Ω—ã –±–∞–ª–ª—ã –ø–æ —Ñ–∞–∫—Ç—É –∑–∞—á–∏—Å–ª–µ–Ω–∏—è.  –ß—Ç–æ –±—É–¥–µ—Ç –≤ —ç—Ç–æ–º –≥–æ–¥—É, –ø–æ–∫–∞ —Å–ª–æ–∂–Ω–æ  –ø—Ä–µ–¥—Å–∫–∞–∑–∞—Ç—å . –ë–ª–∏–∂–µ –∫ –∫–æ–Ω—Ü—É –∏—é–ª—è –º–æ–∂–Ω–æ –¥–µ–ª–∞—Ç—å –ø—Ä–æ–≥–Ω–æ–∑—ã"
"—ç—Ç–æ —Å–ø–∏—Å–∫–∏ –Ω–∞ 24 –≥–æ–¥? –µ—Å–ª–∏ –ø—Ä–æ—Ö–æ–¥–Ω–æ–π –±–∞–ª–ª –Ω–∏–∂–µ, –µ—Å—Ç—å —Å–º—ã—Å–ª –ø–æ–¥–∞–≤–∞—Ç—å?","–ü—Ä–æ—Ö–æ–¥–Ω–æ–π –±–∞–ª–ª 2023 –≥–æ–¥–∞, –±—é–¥–∂–µ—Ç–Ω—ã–µ –º–µ—Å—Ç–∞ —ç—Ç–æ–≥–æ –≥–æ–¥–∞. –°–º—ã—Å–ª –µ—Å—Ç—å. –û–¥–Ω–æ–≤—Ä–µ–º–µ–Ω–Ω–æ –ø—Ä–∏–æ—Ä–∏—Ç–µ—Ç—ã –º–æ–∂–Ω–æ —Ä–∞—Å—Å—Ç–∞–≤–∏—Ç—å –Ω–∞ –±—é–¥–∂–µ—Ç –∏ –∫–æ–Ω—Ç—Ä–∞–∫—Ç. –§–∏–Ω–∞–ª—å–Ω—ã–π —Ä–µ–∑—É–ª—å—Ç–∞—Ç –≤—Å–µ —Ä–∞–≤–Ω–æ –±—É–¥–µ—Ç –∏–∑–≤–µ—Å—Ç–µ–Ω –Ω–µ —Ä–∞–Ω—å—à–µ –∞–≤–≥—É—Å—Ç–∞."
"https://urfu.ru/ru/ratings/ 
–•–æ—á—É —É—Ç–æ—á–Ω–∏—Ç—å –ø–æ –ø–æ–≤–æ–¥—É –∫–æ–Ω–∫—É—Ä—Å–Ω—ã—Ö —Å–ø–∏—Å–∫–æ–≤ 
–ü–æ–∂–∞–ª—É–π—Å—Ç–∞, –≤–Ω–∏–º–∞—Ç–µ–ª—å–Ω–æ –ø—Ä–æ—á–∏—Ç–∞–π—Ç–µ –∏–Ω—Å—Ç—Ä—É–∫—Ü–∏—é
–°–µ–π—á–∞—Å –æ–Ω–∏ —Å—Ñ–æ—Ä–º–∏—Ä–æ–≤–∞–Ω—ã —Ç–∞–∫:
–ü–æ –∫–∞–∂–¥–æ–π –æ–±—Ä–∞–∑–æ–≤–∞—Ç–µ–ª—å–Ω–æ–π –ø—Ä–æ–≥—Ä–∞–º–º–µ –∫–æ–Ω–∫—É—Ä—Å–Ω—ã–π —Å–ø–∏—Å–æ–∫ —Å–æ–¥–µ—Ä–∂–∏—Ç —Å–ª–µ–¥—É—é—â–∏–µ —Ä–∞–∑–¥–µ–ª—ã:
–æ—Ç–¥–µ–ª—å–Ω–∞—è –∫–≤–æ—Ç–∞ ‚Äî –∫–æ–ª–∏—á–µ—Å—Ç–≤–æ –º–µ—Å—Ç –≤ –ø–ª–∞–Ω–µ –ø—Ä–∏–µ–º–∞;
–æ—Å–æ–±–∞—è –∫–≤–æ—Ç–∞ ‚Äî –∫–æ–ª–∏—á–µ—Å—Ç–≤–æ –º–µ—Å—Ç –≤ –ø–ª–∞–Ω–µ –ø—Ä–∏–µ–º–∞;
—Ü–µ–ª–µ–≤–∞—è –∫–≤–æ—Ç–∞ (—Å —É–∫–∞–∑–∞–Ω–∏–µ–º –∑–∞–∫–∞–∑—á–∏–∫–∞) ‚Äî –∫–æ–ª–∏—á–µ—Å—Ç–≤–æ –º–µ—Å—Ç –≤ –ø–ª–∞–Ω–µ –ø—Ä–∏–µ–º–∞;
–æ—Å–Ω–æ–≤–Ω—ã–µ –º–µ—Å—Ç–∞ ‚Äî –∫–æ–ª–∏—á–µ—Å—Ç–≤–æ –º–µ—Å—Ç –≤ –ø–ª–∞–Ω–µ –ø—Ä–∏–µ–º–∞
–°–µ–π—á–∞—Å –ø–æ–∫–∞–∑–∞–Ω—ã —Ü–∏—Ñ—Ä—ã –Ω–∞ —Å–µ–≥–æ–¥–Ω—è—à–Ω–∏–π –¥–µ–Ω—å. –ü–æ—Å–ª–µ 29 –∏—é–ª—è —Ü–∏—Ñ—Ä–∞ –Ω–∞ –æ–±—â–∏–π –∫–æ–Ω–∫—É—Ä—Å –∏–∑–º–µ–Ω–∏—Ç—Å—è —Å —É—á–µ—Ç–æ–º –Ω–µ–∏–∑—Ä–∞—Å—Ö–æ–¥–æ–≤–∞–Ω–Ω—ã—Ö –º–µ—Å—Ç –ø–æ –ª—å–≥–æ—Ç–∞–º –∏ —Ü–µ–ª–µ–≤—ã–º","–æ—Å–Ω–æ–≤–Ω—ã–µ –º–µ—Å—Ç–∞ ‚Äì –ø–ª–∞–Ω –ø—Ä–∏–µ–º–∞ 79, —ç—Ç–æ –∑–Ω–∞—á–∏—Ç 79 –±—é–¥–∂–µ—Ç–Ω—ã—Ö –º–µ—Å—Ç?"
"–æ—Å–Ω–æ–≤–Ω—ã–µ –º–µ—Å—Ç–∞ ‚Äì –ø–ª–∞–Ω –ø—Ä–∏–µ–º–∞ 79, —ç—Ç–æ –∑–Ω–∞—á–∏—Ç 79 –±—é–¥–∂–µ—Ç–Ω—ã—Ö –º–µ—Å—Ç?","–≤–æ—Ç –±—ã 260 –±–∞–ª–ª–æ–≤ —Ö–≤–∞—Ç–∏–ª–æ, –∞ —Ç–æ –ø–æ–∫–∞ —á—Ç–æ –Ω–∞ 89 –º–µ—Å—Ç–µ"
"–∏—Å—Ö–æ–¥—è –∏–∑ –≤–∞—à–∏—Ö –±–∞–ª–ª–æ–≤ –≤—ã –≤—Å–µ —Ä–∞–≤–Ω–æ –º–æ–∂–µ—Ç–µ –ø—Ä–∏–º–µ—Ä–Ω–æ –ø—Ä–µ–¥–ø–æ–ª–æ–∂–∏—Ç—å, –ø—Ä–æ–π–¥–µ—Ç–µ –∏–ª–∏ –Ω–µ—Ç. –ú—ã –ø–æ –∫—Ä–∞–π–Ω–µ–π –º–µ—Ä–µ –ø—Ä–∏–º–µ—Ä–Ω–æ –æ—Ä–∏–µ–Ω—Ç–∏—Ä—É–µ–º","–ê –µ—Å–ª–∏ 250 –±–∞–ª–ª–æ–≤, –º–æ–∂–µ—Ç–µ —Å–æ—Ä–∏–µ–Ω—Ç–∏—Ä–æ–≤–∞—Ç—å?)"
"–ó–¥—Ä–∞–≤—Å—Ç–≤—É–π—Ç–µ, –∞ –≤–∞–∂–Ω—ã –ª–∏ –±–∞–ª–ª—ã –ø—Ä–∏ –ø–æ—Å—Ç—É–ø–ª–µ–Ω–∏–µ –ø–æ –ø–ª–∞—Ç–Ω–æ–π –æ—Å–Ω–æ–≤–µ? –ï—Å—Ç—å –ª–∏ –∫–∞–∫–æ–π-–Ω–∏–±—É–¥—å –º–∏–Ω–∏–º—É–º –Ω–∞ –∫–∞–∂–¥–æ–µ –Ω–∞–ø—Ä–∞–≤–ª–µ–Ω–∏–µ?","–ó–¥—Ä–∞–≤—Å—Ç–≤—É–π—Ç–µ. –ù–∞ –Ω–µ–∫–æ—Ç–æ—Ä—ã–µ –ø—Ä–æ–≥—Ä–∞–º–º—ã –æ–±—è–∑–∞—Ç–µ–ª—å–Ω—ã–π –º–∏–Ω–∏–º—É–º 170. –ù–∞ –æ—Å—Ç–∞–ª—å–Ω—ã–µ –Ω–µ–æ–±—Ö–æ–¥–∏–º–æ –Ω–∞–±—Ä–∞—Ç—å –º–∏–Ω–∏–º–∞–ª—å–Ω—ã–µ  –±–∞–ª–ª—ã, –≤—ã–¥–≤–∏–Ω—É—Ç—ã–µ –ú–∏–Ω–∏—Å—Ç–µ—Ä—Å—Ç–≤–æ–º."
–º–Ω–µ –æ–¥–Ω–æ–º—É –∫–∞–∂–µ—Ç—Å—è —á—Ç–æ –±–∞–ª–ª—ã –≤ —ç—Ç–æ–º –≥–æ–¥—É –≤—ã—Ä–∞—Å—Ç—É—Ç –Ω–∞ 10-15? –ß—Ç–æ —Ç–æ –æ—á–µ–Ω—å –±–æ–ª—å–Ω–æ –Ω–∞ —Å–ø–∏—Å–∫–∏ —Å–º–æ—Ç—Ä–µ—Ç—å,–º–Ω–µ –≥–ª–∞–≤–Ω–æ–µ —á—Ç–æ–±—ã 260 –±–∞–ª–ª–æ–≤ —Ö–≤–∞—Ç–∏–ª–æ
–º–Ω–µ –≥–ª–∞–≤–Ω–æ–µ —á—Ç–æ–±—ã 260 –±–∞–ª–ª–æ–≤ —Ö–≤–∞—Ç–∏–ª–æ,–∞ —Ç–∞–∫ –º–Ω–µ –∫–∞–∂–µ—Ç—Å—è 250 –±–∞–ª–ª–æ–≤ –≤–ø–æ–ª–Ω–µ –º–æ–∂–µ—Ç –±—ã—Ç—å –Ω–∞ –±—é–¥–∂–µ—Ç –∏–≤—Ç
"–∞ –∫–∞–∫ —Å–∫–æ—Ä–æ –æ–±–Ω–æ–≤–ª—è—é—Ç—Å—è —Å–ø–∏—Å–∫–∏? –ø–æ—Ç–æ–º—É —á—Ç–æ —É –º–µ–Ω—è –∑–∞—è–≤–ª–µ–Ω–∏–µ –ø—Ä–∏–Ω—è—Ç–æ,–∞ —É–∂–µ —á–∞—Å–∞ ~4 –Ω–µ –ø–æ—è–≤–ª—è—é—Å—å –≤ —Å–ø–∏—Å–∫–∞—Ö
–∞ –µ—â–µ –≤–æ–ø—Ä–æ—Å –∫–∞—Å–∞—Ç–µ–ª—å–Ω–æ –±–∞–ª–ª–æ–≤: –∫–∞–∫–∏–µ –±–∞–ª–ª—ã —É—á–∏—Ç—ã–≤–∞—é—Ç—Å—è –ø—Ä–∏ –ø–æ—Å—Ç—É–ø–ª–µ–Ω–∏–∏? —è —Å–¥–∞–≤–∞–ª –µ–≥—ç –≤ 2023 –∏ –≤ 2024. –ø—Ä–∏—Ç–æ–º, –ø–æ —Ä—É—Å—Å–∫–æ–º—É –≤ 2023 —è –Ω–∞–±—Ä–∞–ª –±–æ–ª—å—à–µ —á–µ–º –≤ 2024, –∞ –ø–æ –º–∞—Ç–µ–º–∞—Ç–∏–∫–µ –∏ –∏–Ω—Ñ–æ—Ä–º–∞—Ç–∏–∫–µ –Ω–∞–æ–±–æ—Ä–æ—Ç. –∞–≤—Ç–æ–º–∞—Ç–∏—á–µ—Å–∫–∏ –ª–∏ —É—á–∏—Ç—ã–≤–∞–µ—Ç—Å—è –º–∞–∫—Å–∏–º–∞–ª—å–Ω—ã–π –±–∞–ª–ª –∏–ª–∏ –Ω—É–∂–Ω–æ –≥–¥–µ-—Ç–æ —Å–∞–º–æ–º—É –≤—ã–±–∏—Ä–∞—Ç—å?","–ü–æ—è–≤–∏—Ç–µ—Å—å,, –ø—Ä–æ–π–¥–∏—Ç–µ.. –±–∞–ª–ª—ã –ø—Ä–æ–≤–µ—Ä—è–π—Ç–µ —Å–∞–º–∏,  –µ—Å–ª–∏ –±—É–¥–µ—Ç –Ω–µ —Ç–∞–∫, –ø–∏—à–∏—Ç–µ –ø–∏—Å—å–º–æ –Ω–∞ –ø–æ—á—Ç—É –ø—Ä–∏—ë–º–Ω–æ–π –∫–æ–º–∏—Å—Å–∏–∏"
"–ó–¥—Ä–∞–≤—Å—Ç–≤—É–π—Ç–µ! –ù–∞–ø–∏—à–∏—Ç–µ, –ø–æ–∂–∞–ª—É–π—Å—Ç–∞, —Å–∫–æ–ª—å–∫–æ –¥–æ–ø–æ–ª–Ω–∏—Ç–µ–ª—å–Ω—ã—Ö –±–∞–ª–ª–æ–≤ –¥–∞—é—Ç –∑–∞ –∑–Ω–∞—á–∫–∏ –ì–¢–û.",–ò–Ω—Ñ–æ—Ä–º–∞—Ü–∏—è —Å —Å–∞–π—Ç–∞ –£—Ä–§–£. 2 –±–∞–ª–ª–∞ —Ç–æ–ª—å–∫–æ –∑–∞ –∑–æ–ª–æ—Ç–æ–π –∑–Ω–∞—á–æ–∫
"–ó–¥—Ä–∞–≤—Å—Ç–≤—É–π—Ç–µ, –ø–æ–¥—Å–∫–∞–∂–∏—Ç–µ, –ø–æ–∂–∞–ª—É–π—Å—Ç–∞, –≥–¥–µ –º–æ–∂–Ω–æ —É–≤–∏–¥–µ—Ç—å –ø—Ä–æ—Ö–æ–¥–Ω—ã–µ –±–∞–ª–ª—ã –ø—Ä–æ—à–ª–æ–≥–æ –≥–æ–¥–∞?",–£ –Ω–∞—Å –Ω–∞ —Å–∞–π—Ç–µ –µ—Å—Ç—å –ø—Ä–æ—Ö–æ–¥–Ω—ã–µ –±–∞–ª–ª—ã –ø—Ä–æ—à–ª—ã—Ö –ª–µ—Ç https://priem-rtf.urfu.ru/ru/passing-points/
"–î–æ–±—Ä—ã–π –≤–µ—á–µ—Ä, —Ç–∞–∫–∞—è —Å–∏—Ç—É–∞—Ü–∏—è, —Å—ã–Ω - –≤—ã–ø—É—Å–∫–Ω–∏–∫ –∫–æ–ª–ª–µ–¥–∂–∞, 2 –≥–æ–¥–∞ –Ω–∞–∑–∞–¥ —Å–¥–∞–≤–∞–ª –ï–ì–≠, –Ω–∞–±—Ä–∞–ª –±–∞–ª–ª—ã. –ù–æ —Å–µ–π—á–∞—Å, –∫–∞–∫ –≤—ã–ø—É—Å–∫–Ω–∏–∫ –∫–æ–ª–ª–µ–¥–∂–∞, —Ö–æ—á–µ—Ç —Å–¥–∞—Ç—å –≤—Å—Ç—É–ø–∏—Ç–µ–ª—å–Ω—ã–µ –∏—Å–ø—ã—Ç–∞–Ω–∏—è, –∞ —Å–∏—Å—Ç–µ–º–∞ –Ω–µ –¥–∞–µ—Ç –≤–æ–∑–º–æ–∂–Ω–æ—Å—Ç–∏ —Å–¥–∞—Ç—å –∏—Ö, –∫—É—Ä—Å—ã –≤ –º—É–¥–ª–µ –≤–∏–¥–Ω—ã, –∑–∞—Ö–æ–¥–∏—Ç —Ç—É–¥–∞ - —Ç–∞–º –Ω–µ—Ç –Ω–∏—á–µ–≥–æ. –ú–æ–∂–µ—Ç —Å–¥–∞—Ç—å —Ç–æ–ª—å–∫–æ —Ä—É—Å—Å–∫–∏–π —è–∑—ã–∫, –∫–æ—Ç–æ—Ä—ã–π –æ–Ω –Ω–µ —Å–¥–∞–≤–∞–ª –∏ –≤—Å–µ. –ö–∞–∫ –º–æ–∂–Ω–æ —Ä–µ—à–∏—Ç—å —ç—Ç—É –ø—Ä–æ–±–ª–µ–º—É?","–ï—Å–ª–∏ —É –Ω–µ–≥–æ –ø—Ä–∏–Ω—è—Ç—ã –¥–æ–∫—É–º–µ–Ω—Ç—ã, —Ç–æ –¥–æ–ª–∂–Ω—ã –±—ã—Ç—å —ç–∫–∑–∞–º–µ–Ω—ã"
–î–æ–±—Ä—ã–π –¥–µ–Ω—å. –ó–∞—è–≤–ª–µ–Ω–∏–µ –ø–æ–¥–∞–Ω–æ —á–µ—Ä–µ–∑ –ì–£ 06.07. –í –∫–æ–Ω–∫—É—Ä—Å–Ω—ã—Ö —Å–ø–∏—Å–∫–∞—Ö –Ω–µ—Ç. –ö–∞–∫ –¥–æ–ª–≥–æ –æ–±—Ä–∞–±–∞—Ç—ã–≤–∞–µ—Ç—Å—è –∑–∞—è–≤–ª–µ–Ω–∏–µ?,"–ó–∞–¥–µ—Ä–∂–∫–∏ –æ—Å–æ–±–æ–π –Ω–µ—Ç –≤ –æ–±—Ä–∞–±–æ—Ç–∫–µ –¥–æ–∫—É–º–µ–Ω—Ç–æ–≤.  –í—ã —É–≤–µ—Ä–µ–Ω—ã, —á—Ç–æ –≤–∞—Å –Ω–µ—Ç –≤ –∫–æ–Ω–∫—É—Ä—Å–Ω—ã—Ö —Å–ø–∏—Å–∫–∞—Ö?"
"–î–æ–±—Ä–æ–µ —É—Ç—Ä–æ! –í –∑–∞—è–≤–ª–µ–Ω–∏–∏ –Ω–∞ –ø–æ—Å—Ç—É–ø–ª–µ–Ω–∏–µ, –∫–æ—Ç–æ—Ä–æ–µ —è –∑–∞–ø–æ–ª–Ω—è—é –≤ –ª–∏—á–Ω–æ–º –∫–∞–±–∏–Ω–µ—Ç–µ –∞–±–∏—Ç—É—Ä–∏–µ–Ω—Ç–∞ –≤ —Ç–∞–±–ª–∏—Ü–µ –∏–Ω–¥–∏–≤–∏–¥—É–∞–ª—å–Ω—ã—Ö –¥–æ—Å—Ç–∏–∂–µ–Ω–∏–π –Ω–µ —É–∫–∞–∑–∞–Ω –ì–¢–û, —Ö–æ—Ç—è –¥–æ–∫—É–º–µ–Ω—Ç –≤ –ª–∏—á–Ω—ã–π –∫–∞–±–∏–Ω–µ—Ç –∑–∞–≥—Ä—É–∑–∏–ª–∞. –¢–∞–∫ –∏ –¥–æ–ª–∂–Ω–æ –±—ã—Ç—å?","–µ—Å–ª–∏ –ø—Ä–æ—à–ª–æ –º–Ω–æ–≥–æ –≤—Ä–µ–º–µ–Ω–∏, —Ç–æ –ø–∏—à–∏—Ç–µ –Ω–∞ –ø–æ—á—Ç—É –ø—Ä–∏–µ–º–Ω–æ–π –∫–æ–º–∏—Å—Å–∏–∏ –∏ –ø—Ä–∏–∫–ª–∞–¥—ã–≤–∞–π—Ç–µ —Å–∫–∞–Ω"
"–î–æ–±—Ä—ã–π –¥–µ–Ω—å. –ü–æ–¥—Å–∫–∞–∂–∏—Ç–µ, –≤—á–µ—Ä–∞ –ø–æ–¥–∞–ª–∏ –¥–æ–∫—É–º–µ–Ω—Ç—ã, –ª–∏—á–Ω–æ. –í –∫–æ–Ω–∫—É—Ä—Å–Ω—ã—Ö —Å–ø–∏—Å–∫–∞—Ö –µ—Å—Ç—å, –∞ –¥–æ–ø–æ–ª–Ω–∏—Ç–µ–ª—å–Ω—ã—Ö –±–∞–ª–ª–æ–≤ –Ω–µ —É—á–ª–∏. –£—á–∞—Å—Ç–∏–µ –≤ –æ—á–Ω–æ–º —ç—Ç–∞–ø–µ ""–ò–∑—É–º—Ä—É–¥"" –ø–æ –º–∞—Ç–µ–º–∞—Ç–∏–∫–µ –∏ –∏–Ω—Ñ–æ—Ä–º–∞—Ç–∏–∫–µ, —Ä–∞—Å–ø–µ—á–∞—Ç–∞–ª–∏ –¥–∏–ø–ª–æ–º—ã –∏ –æ—Ç–¥–∞–ª–∏ –∫–æ–ø–∏–∏. –ü–æ—á–µ–º—É –Ω–µ —É—á–ª–∏?","–∏—Ö –Ω–µ —Å—Ä–∞–∑—É –ø—Ä–æ—Å—Ç–∞–≤–ª—è—é—Ç, –ø—Ä–æ–≤–µ—Ä—è—é—Ç –∏ –ø—Ä–æ—Å—Ç–∞–≤—è—Ç. –ï—Å–ª–∏ 3 –¥–Ω—è –∏ –Ω–µ –ø–æ—è–≤—è—Ç—Å—è, —Ç–æ –ø–∏—à–∏—Ç–µ –Ω–∞ –ø–æ—á—Ç—É –ø—Ä–∏–µ–º–Ω–æ–π –∫–æ–º–∏—Å—Å–∏–∏
–º–æ–∂–Ω–æ –∫–æ–Ω–∫—Ä–µ—Ç–Ω–æ –Ω–∞ –ø–æ—á—Ç—É —Å–ø–µ—Ü–∏–∞–ª–∏—Å—Ç–∞ s.a.neyskaya@urfu.ru –ø–æ –∏–Ω–¥. –¥–æ—Å—Ç–∏–∂–µ–Ω–∏—è–º"
–£ –Ω–∞—Å –Ω–∞ —Å–∞–π—Ç–µ –µ—Å—Ç—å –ø—Ä–æ—Ö–æ–¥–Ω—ã–µ –±–∞–ª–ª—ã –ø—Ä–æ—à–ª—ã—Ö –ª–µ—Ç https://priem-rtf.urfu.ru/ru/passing-points/,–†–∞–Ω–µ–µ –≤ —á–∞—Ç–µ —Å—Å—ã–ª–∫—É –æ—Ç–ø—Ä–∞–≤–ª—è–ª–∏ –Ω–∞ –ø—Ä–æ—Ö–æ–¥–Ω—ã–µ –±–∞–ª–ª—ã —Å 2019 –≥–æ–¥–∞
"–ó–¥—Ä–∞–≤—Å—Ç–≤—É–π—Ç–µ. –í –ì–£ –Ω–µ –ø–æ–ª—É—á–∞–µ—Ç—Å—è –ø–æ—Å—Ç–∞–≤–∏—Ç—å –æ—Ç–º–µ—Ç–∫—É –æ –æ—Ä–∏–≥–∏–Ω–∞–ª–µ. –ü–æ–¥–∞–≤–∞–ª–∏ –¥–æ–∫—É–º–µ–Ω—Ç—ã —á–µ—Ä–µ–∑ –õ–ö. –í–æ–∑–º–æ–∂–Ω–æ—Å—Ç–∏ –ø—Ä–∏–Ω–µ—Å—Ç–∏ –ª–∏—á–Ω–æ –Ω–µ—Ç. –ó–≤–æ–Ω–∏–ª–∏ –≤ –ø—Ä–∏–µ–º–Ω—É—é –∫–æ–º–∏—Å—Å–∏—é –Ω–∞–º —Å–∫–∞–∑–∞–ª–∏ –æ—Ç–æ–∑–≤–∞—Ç—å –¥–æ–∫—É–º–µ–Ω—Ç—ã —Å –õ–ö –∏ –ø–æ–¥–∞—Ç—å –Ω–∞ –ì–£.  –†–µ–≥. –ù–æ–º–µ—Ä 314578 
–ü–æ–º–æ–≥–∏—Ç–µ –ø–æ–∂–∞–ª—É–π—Å—Ç–∞ üôèüôè","–Ω–∞ —É—Ç–æ—á–Ω–µ–Ω–∏–∏, –º—ã  —Ç–∞–∫–æ–µ –Ω–µ –æ—Ç–≤–µ—á–∞–ª–∏, –≤—ã –∑–≤–æ–Ω–∏–ª–∏ –≤ —Å–∞–º—É –ø—Ä–∏–µ–º–Ω—É—é –∫–æ–º–∏—Å—Å–∏—é?"
"–∏ –µ—Å—Ç—å –ª–∏ —à–∞–Ω—Å –ø–æ—Å—Ç—É–ø–∏—Ç—å , –µ—Å–ª–∏ 252 –±–∞–ª–ª–∞ ,–ø—Ä–æ—Å—Ç–æ –Ω–µ –ø–æ–ª—É—á–∏–ª–æ—Å—å –Ω–∞–π—Ç–∏ —Å—Ä–µ–¥–Ω–∏–π –±–∞–ª –Ω–∞ –ò–í–¢ –∑–∞ –ø—Ä–æ—à–ª—ã–π –≥–æ–¥",–≠—Ç–æ –±–∞–ª–ª—ã  –±—ã–ª–∏ –≤ –ø—Ä–æ—à–ª–æ–º –≥–æ–¥—É
"–∏ –µ—Å—Ç—å –ª–∏ —à–∞–Ω—Å –ø–æ—Å—Ç—É–ø–∏—Ç—å , –µ—Å–ª–∏ 252 –±–∞–ª–ª–∞ ,–ø—Ä–æ—Å—Ç–æ –Ω–µ –ø–æ–ª—É—á–∏–ª–æ—Å—å –Ω–∞–π—Ç–∏ —Å—Ä–µ–¥–Ω–∏–π –±–∞–ª –Ω–∞ –ò–í–¢ –∑–∞ –ø—Ä–æ—à–ª—ã–π –≥–æ–¥","–ï—Å–ª–∏ –∏–Ω—Ç–µ—Ä–µ—Å–µ–Ω —Å—Ä–µ–¥–Ω–∏–π –±–∞–ª–ª –∑–∞ 2023 –≥–æ–¥, —Ç–æ –º–æ–∂–Ω–æ –≥–ª—è–Ω—É—Ç—å —Å–ø–∏—Å–∫–∏ —á–µ—Ä–µ–∑ —Å–∞–π—Ç wayback machine, –Ω–∞ —Å–∞–π—Ç–µ –≤—Å—Ç–∞–≤–∏—Ç—å —Å—Å—ã–ª–∫—É –Ω–∞ –∫–æ–Ω–∫—É—Ä—Å–Ω—ã–µ —Å–ø–∏—Å–∫–∏ –∏ –≤—ã–±—Ä–∞—Ç—å –Ω—É–∂–Ω—É—é –¥–∞—Ç—É"
"–î–æ–±—Ä—ã–π –¥–µ–Ω—å, –õ—é–±–æ–≤—å –í–ª–∞–¥–∏–º–∏—Ä–æ–≤–Ω–∞. 17.07 –º—ã —É–∂–µ –æ–±—Ä–∞—â–∞–ª–∏—Å—å —Å –≤–æ–ø—Ä–æ—Å–æ–º –æ–± –æ—Ç—Å—É—Ç—Å—Ç–≤–∏–∏ –±–∞–ª–ª–æ–≤ –∑–∞ –∏–Ω–¥–∏–≤–∏–¥—É–∞–ª—å–Ω—ã–µ –¥–æ—Å—Ç–∏–∂–µ–Ω–∏—è –≤ –∑–µ–ª—ë–Ω–æ–º —Å–ø–∏—Å–∫–µ. –ù–∞–ø–∏—Å–∞–ª–∏ –Ω–∞ –ø–æ—á—Ç—É –ø—Ä–∏–µ–º–Ω–æ–π –∫–æ–º–∏—Å—Å–∏–∏, –æ—Ç–ø—Ä–∞–≤–∏–ª–∏ —Å–∫–∞–Ω —Å–µ—Ä—Ç–∏—Ñ–∏–∫–∞—Ç–∞, –Ω–æ –Ω–∏—á–µ–≥–æ –Ω–µ –∏–∑–º–µ–Ω–∏–ª–æ—Å—å. –ü—Ä–æ—Å—Ç–æ –Ω–∞ –ø—Ä–æ–≥—Ä–∞–º–º–Ω—É—é –∏–Ω–∂–µ–Ω–µ—Ä–∏—é 3 –±–∞–ª–ª–∞ –Ω–µ –ª–∏—à–Ω–∏–µ. –†–µ–≥.–Ω–æ–º–µ—Ä 324779. –ü–æ–∫–∞ –µ—â—ë –≤ —Å–ø–∏—Å–∫–µ. –ü–æ–º–æ–≥–∏—Ç–µ, –ø–æ–∂–∞–ª—É–π—Å—Ç–∞.",–î–æ–±—Ä—ã–π. –ù–æ —É –≤–∞—Å —Å—Ç–æ–∏—Ç 3 –¥–æ–ø.–±–∞–ª–ª–∞
"–ó–¥—Ä–∞–≤—Å—Ç–≤—É–π—Ç–µ, –º–Ω–µ –Ω–µ –Ω–∞—á–∏—Å–ª–∏–ª–∏ 3 –±–∞–ª–ª–∞ –∑–∞ —É—á–∞—Å—Ç–∏–µ –≤ –∑–∞–∫–ª—é—á–∏—Ç–µ–ª—å–Ω–æ–º —ç—Ç–∞–ø–µ –≤—Å–µ—Ä–æ—Å—Å–∏–π—Å–∫–æ–π –æ–ª–∏–º–ø–∏–∞–¥—ã, —Ö–æ—Ç—è –º—ã —Å –≤–∞–º–∏ —Ä–∞–∑–≥–æ–≤–∞—Ä–∏–≤–∞–ª–∏ –æ –Ω–µ–π –∏ –≤—ã —Å–∫–∞–∑–∞–ª–∏ –Ω–∞—á–∏—Å–ª—è—Ç. –ù–∞–∑—ã–≤–∞–µ—Ç—Å—è ""–û—Ç—Ä–∞—Å–ª–µ–≤–∞—è –æ–ª–∏–º–ø–∏–∞–¥–∞ —à–∫–æ–ª—å–Ω–∏–∫–æ–≤ –ì–∞–∑–ø—Ä–æ–º""","–ø–∏—Å—å–º–æ –Ω–∞ –ø–æ—á—Ç—É –ø—Ä–∏–µ–º–Ω–æ–π –∫–æ–º–∏—Å—Å–∏–∏, –∏–Ω–¥. –¥–æ—Å—Ç–∏–∂–µ–Ω–∏—è –∂–µ –æ–Ω–∏ –ø—Ä–æ—Å—Ç–∞–≤–ª—è—é—Ç"
"–°–ª–∏—à–∫–æ–º –º–Ω–æ–≥–æ –ª—é–¥–µ–π —É –∫–æ–≥–æ –≤—ã—à–µ –º–æ–µ–≥–æ –±–∞–ª–ª–∞, –æ–æ–æ–æ—á–µ–Ω—å...","–¢–∞–º –Ω–∞ –æ–¥–Ω—É —Å–ø–µ—Ü–∏–∞–ª—å–Ω–æ—Å—Ç—å –ø—Ä–æ—Ö–æ–¥–Ω–æ–π –±—ã–ª 233 –±–∞–ª–ª–∞. –¢—ã –ø—Ä–∞–≤–¥–∞ –¥—É–º–∞–µ—à—å, —á—Ç–æ –ø—Ä–æ—Ö–æ–¥–Ω–æ–π –≤—ã—Ä–∞—Å—Ç–µ—Ç –Ω–∞ 29?"
"–ó–¥—Ä–∞–≤—Å—Ç–≤—É–π—Ç–µ, –∫–æ–º—É –ø—Ä–∏–æ—Ä–∏—Ç–µ—Ç–Ω–µ–µ –¥–∞—é—Ç –æ–±—â–µ–∂–∏—Ç–∏–µ –±—é–¥–∂–µ—Ç–Ω–∏–∫–∞–º –∏–ª–∏ –ø–ª–∞—Ç–Ω–∏–∫–∞–º, –∏–ª–∏ –≤—Å–µ—Ö —Å–æ—Ä—Ç–∏—Ä—É—é—Ç –±–∞–ª–ª–∞–º?","–≤—Å–µ—Ö —Ä–∞–Ω–∂–∏—Ä—É—é—Ç –ø–æ –±–∞–ª–ª–∞–º, –¥–∞–µ–º –≤—Å–µ–º)"
–ì–¥–µ –º–æ–∂–Ω–æ –ø–æ—Å–º–æ—Ç—Ä–µ—Ç—å —Å–ø–∏—Å–∫–∏ –∑–∞—á–∏—Å–ª–µ–Ω–Ω—ã—Ö –ø—Ä–æ—à–ª–æ–≥–æ –≥–æ–¥–∞? –•–æ—á–µ—Ç—Å—è –æ—Ü–µ–Ω–∏—Ç—å —Å–≤–æ–∏ —à–∞–Ω—Å—ã –ø–æ—Å—Ç—É–ø–∏—Ç—å –Ω–∞ –ê–ò–ò –ø—Ä–∏ 240 –±–∞–ª–ª–∞—Ö,–í –ø—Ä–æ—à–ª–æ–º –≥–æ–¥—É 240 –±–∞–ª–ª–æ–≤ –±—ã–ª –ø—Ä–æ—Ö–æ–¥–Ω–æ–π –Ω–∞ –ê–ò–ò –Ω–∞ –±—é–¥–∂–µ—Ç :)
"–ü—Ä–æ—Ö–æ–¥–Ω–æ–π –±–∞–ª–ª –æ—Å–Ω–æ–≤—ã–≤–∞–µ—Ç—Å—è –Ω–∞ –ø–æ—Å–ª–µ–¥–Ω–µ–º —É—á–∞—Å—Ç–Ω–∏–∫–µ. –ï—Å–ª–∏ —Å—Ä. –±–∞–ª–ª –±—É–¥–µ—Ç –æ–∫–æ–ª–æ –ø—Ä–æ—Ö–æ–¥–Ω–æ–≥–æ, —è –±—É–¥—É —Å–ø–æ–∫–æ–µ–Ω.(–¢–∞–∫ —è —Å–º–æ–≥—É –ø–æ–Ω—è—Ç—å, —Å–∫–æ–ª—å–∫–æ –≤—ã—Å–æ–∫–æ–±–∞–ª–ª—å–Ω–∏–∫–æ–≤ –æ—Å—Ç–∞—ë—Ç—Å—è –∏ –ø–æ–¥–∞—ë—Ç –∞—Ç—Ç–µ—Å—Ç–∞—Ç—ã, –∞ –Ω–µ —É–µ–∑–∂–∞–µ—Ç –≤ –º—Å–∫/–°–ü–±). –Ø –ø–æ—Å—á–∏—Ç–∞–ª —Å–∫–æ–ª—å–∫–æ –ø–µ—Ä–µ–¥–æ –º–Ω–æ–π —É–Ω–∏–∫–∞–ª—å–Ω—ã—Ö –∞–±–∏—Ç—É—Ä–∏–µ–Ω—Ç–æ–≤(–∏–∑ –≤—Å–µ—Ö 09 –Ω–∞–ø—Ä–∞–≤–ª–µ–Ω–∏–π), –∏ —á–∏—Å–ª–æ –ø–æ—á—Ç–∏ –≤ –¥–≤–∞ —Ä–∞–∑–∞ –±–æ–ª—å—à–µ –∫–æ–ª–∏—á–µ—Å—Ç–≤–∞ –º–µ—Å—Ç, –µ—Å–ª–∏ –≤–¥—Ä—É–≥ –≤—Å–µ –ø–æ–¥–∞–¥—É—Ç –æ—Ä–∏–≥–∏–Ω–∞–ª—ã, —Ç–æ —è –Ω–µ –ø—Ä–æ–π–¥—É(–ø–æ —Å—Ä–µ–¥–Ω–µ–º—É –±–∞–ª–ª—É –º–æ–∂–Ω–æ –ø–æ–Ω—è—Ç—å —Ç–µ–Ω–¥–µ–Ω—Ü–∏—é –≤ –ø—Ä–æ—à–ª—ã—Ö –≥–æ–¥–∞—Ö)","—Å –≤—ã—Å–æ–∫–æ–±–∞–ª–ª—å–Ω–∏–∫–∞–º–∏ –º—ã —Ä–∞–±–æ—Ç–∞–µ–º –æ—Ç–¥–µ–ª—å–Ω–æ –ø–æ—Å–ª–µ –∑–∞—á–∏—Å–ª–µ–Ω–∏—è –ª—å–≥–æ—Ç–Ω–∏–∫–æ–≤. –°—Ä–µ–¥–Ω–∏–π –±–∞–ª–ª –æ–±—ã—á–Ω–æ —Å—á–∏—Ç–∞–µ—Ç—Å—è –ø–æ –æ–¥–Ω–æ–º—É –ø—Ä–µ–¥–º–µ—Ç—É, –¥–µ–π—Å—Ç–≤–∏—Ç–µ–ª—å–Ω–æ –≤–∞–º —ç—Ç–æ –¥–∞—Å—Ç –∏–Ω—Ñ–æ—Ä–º–∞—Ü–∏—é? —è –º–æ–≥—É –Ω–∞–ø–∏—Å–∞—Ç—å –≤–∞–º —Å—Ä–µ–¥–Ω–∏–π –±–∞–ª–ª –ø–æ 09, –µ—Å–ª–∏ –≤—ã —Ö–æ—Ç–∏—Ç–µ"
"—Å –≤—ã—Å–æ–∫–æ–±–∞–ª–ª—å–Ω–∏–∫–∞–º–∏ –º—ã —Ä–∞–±–æ—Ç–∞–µ–º –æ—Ç–¥–µ–ª—å–Ω–æ –ø–æ—Å–ª–µ –∑–∞—á–∏—Å–ª–µ–Ω–∏—è –ª—å–≥–æ—Ç–Ω–∏–∫–æ–≤. –°—Ä–µ–¥–Ω–∏–π –±–∞–ª–ª –æ–±—ã—á–Ω–æ —Å—á–∏—Ç–∞–µ—Ç—Å—è –ø–æ –æ–¥–Ω–æ–º—É –ø—Ä–µ–¥–º–µ—Ç—É, –¥–µ–π—Å—Ç–≤–∏—Ç–µ–ª—å–Ω–æ –≤–∞–º —ç—Ç–æ –¥–∞—Å—Ç –∏–Ω—Ñ–æ—Ä–º–∞—Ü–∏—é? —è –º–æ–≥—É –Ω–∞–ø–∏—Å–∞—Ç—å –≤–∞–º —Å—Ä–µ–¥–Ω–∏–π –±–∞–ª–ª –ø–æ 09, –µ—Å–ª–∏ –≤—ã —Ö–æ—Ç–∏—Ç–µ","–î–∞, –ø–æ 09 —Å—Ä. –±–∞–ª–ª —Ö–æ—á—É —É–∑–Ω–∞—Ç—å"
–ü—Ä–æ —Å—Ä–µ–¥–Ω–∏–π –±–∞–ª–ª —Ç–æ–∂–µ —Ö–æ—Ç–µ–ª–æ—Å—å –±—ã —É–∑–Ω–∞—Ç—å. –û—Å–æ–±–µ–Ω–Ω–æ –≤–æ–ª–Ω—É–µ—Ç –ø—Ä–æ–≥—Ä–∞–º–º–Ω–∞—è –∏–Ω–∂–µ–Ω–µ—Ä–∏—è.,"–ó–¥—Ä–∞–≤—Å—Ç–≤—É–π—Ç–µ, –û–ª—å–≥–∞. –ú–∞—Ç–µ–º–∞—Ç–∏—á–µ—Å–∫–æ–µ –æ–∂–∏–¥–∞–Ω–∏–µ —Å—Ä–µ–¥–Ω–µ–≥–æ –±–∞–ª–ª–∞ –ø–æ—Å—á–∏—Ç–∞–µ–º —Ç–æ–ª—å–∫–æ –≤ —Å–µ–Ω—Ç—è–±—Ä–µ. üôÇ –ü–æ –ø—Ä–æ—à–ª–æ–º—É –≥–æ–¥—É, –∫ —Å–æ–∂–∞–ª–µ–Ω–∏—é, –Ω–µ —Å—á–∏—Ç–∞–ª–∏."
"–°–ø–∞—Å–∏–±–æ. –ê —Å–µ–π—á–∞—Å –∏–∑–≤–µ—Å—Ç–Ω–æ, –∫–∞–∫–æ–π –ø—Ä–æ—Ü–µ–Ω—Ç –∞–±–∏—Ç—É—Ä–∏–µ–Ω—Ç–æ–≤ –ø–æ–¥–∞–ª–∏ —É–∂–µ –æ—Ä–∏–≥–∏–Ω–∞–ª—ã? –° 25 –∏—é–ª—è –ø–æ 3 –∞–≤–≥—É—Å—Ç–∞, —Å–∏–ª—å–Ω—ã–µ –∏–∑–º–µ–Ω–µ–Ω–∏—è –≤ —Å–ø–∏—Å–∫–∞—Ö –∂–¥–∞—Ç—å? –ü—Ä–æ—Å—Ç–æ –¥–æ –º–∏–Ω–∏–º–∞–ª—å–Ω–æ–≥–æ –±–∞–ª–ª–∞ —Å–µ–π—á–∞—Å 20 —á–µ–ª–æ–≤–µ–∫. –†–µ–∞–ª—å–Ω–æ, —á—Ç–æ –ø–æ—Å—Ç—É–ø–∏—à—å –∏–ª–∏ –Ω–µ—Ç?","–ª—É—á—à–µ —Å–º–æ—Ç—Ä–µ—Ç—å –ø–æ—Å–ª–µ 29 –∏—é–ª—è, –∫–æ–≥–¥–∞ –±—É–¥—É—Ç –æ–∫–æ–Ω—á–∞—Ç–µ–ª—å–Ω—ã–µ —Ü–∏—Ñ—Ä—ã –ø—Ä–∏–µ–º–∞ –ø–æ –æ–±—â–µ–º—É –∫–æ–Ω–∫—É—Ä—Å—É"
–ü—Ä–æ —Å—Ä–µ–¥–Ω–∏–π –±–∞–ª–ª —Ç–æ–∂–µ —Ö–æ—Ç–µ–ª–æ—Å—å –±—ã —É–∑–Ω–∞—Ç—å. –û—Å–æ–±–µ–Ω–Ω–æ –≤–æ–ª–Ω—É–µ—Ç –ø—Ä–æ–≥—Ä–∞–º–º–Ω–∞—è –∏–Ω–∂–µ–Ω–µ—Ä–∏—è.,"–ø–æ –ø–æ–≤–æ–¥—É —Å—Ä–µ–¥–Ω–µ–≥–æ –±–∞–ª–ª–∞ –Ω–∞ –±—é–¥–∂–µ—Ç  –≤ 2023 –≥–æ–¥—É!
–ò–Ω—Ñ–æ—Ä–º–∞—Ç–∏–∫–∞ –∏ –≤—ã—á–∏—Å–ª–∏—Ç–µ–ª—å–Ω–∞—è —Ç–µ—Ö–Ω–∏–∫–∞ - 80,49
–ê–ò–ò - 81,4
–ü—Ä–∏–∫–ª–∞–¥–Ω–∞—è –∏–Ω—Ñ–æ—Ä–º–∞—Ç–∏–∫–∞ - 80,2
–ü—Ä–æ–≥—Ä–∞–º–º–Ω–∞—è –∏–Ω–∂–µ–Ω–µ—Ä–∏—è 86,1"
"–µ—Å–ª–∏ —É –º–µ–Ω—è 1500+ –º–µ—Å—Ç–æ, –∏ —Å–¥–∞–ª –æ—Ä–∏–≥–∏–Ω–∞–ª –¥–æ–∫—É–º–µ–Ω—Ç–∞,–ï—Å—Ç—å –ª–∏ —à–∞–Ω—Å—ã –Ω–∞ –ø–æ—Å—Ç—É–ø–ª–µ–Ω–∏–µ –Ω–∞ –±—é–¥–∂–µ—Ç?",–ê —É —Ç–µ–±—è –∫–∞–∫–æ–π –±–∞–ª–ª?
"–µ—Å–ª–∏ —É –º–µ–Ω—è 1500+ –º–µ—Å—Ç–æ, –∏ —Å–¥–∞–ª –æ—Ä–∏–≥–∏–Ω–∞–ª –¥–æ–∫—É–º–µ–Ω—Ç–∞,–ï—Å—Ç—å –ª–∏ —à–∞–Ω—Å—ã –Ω–∞ –ø–æ—Å—Ç—É–ø–ª–µ–Ω–∏–µ –Ω–∞ –±—é–¥–∂–µ—Ç?","–Ω—É–∂–Ω–æ —Å–º–æ—Ç—Ä–µ—Ç—å –Ω–µ –º–µ—Å—Ç–æ –ø–æ –∫–æ–ø–∏—è–º, –∞ –ø–æ–Ω–∏–º–∞—Ç—å —Å–∫–æ–ª—å–∫–æ –±–∞–ª–ª–æ–≤ –∏ –Ω–∞–ø—Ä–∞–≤–ª–µ–Ω–∏—è. –õ—É—á—à–µ —Å–º–æ—Ç—Ä–µ—Ç—å —à–∞–Ω—Å—ã –ø–æ –æ—Ä–∏–≥–∏–Ω–∞–ª–∞–º"
"–î–æ–±—Ä—ã–π –¥–µ–Ω—å, –ø—Ä–æ—à—É –ø–æ–¥—Å–∫–∞–∂–∏—Ç–µ –ø–æ–∂–∞–ª—É–π—Å—Ç–∞ 27 –∏ 28 –∏—é–ª—è –∫–∞–∫–∏–µ —á–∞—Å—ã —Ä–∞–±–æ—Ç—ã –ø—Ä–∏–µ–º–Ω–æ–π –∫–æ–º–∏—Å—Å–∏–∏ —á—Ç–æ–±—ã –ø—Ä–∏–Ω–µ—Å—Ç–∏ –æ—Ä–∏–≥–∏–Ω–∞–ª –∞—Ç—Ç–µ—Å—Ç–∞—Ç–∞.","–≤ —Å—É–±–±–æ—Ç—É —Å 9.00 –¥–æ 14.00
28.07 –±—É–¥–µ—Ç —Ä–∞–±–æ—Ç–∞—Ç—å —Ç–æ–ª—å–∫–æ –ì–£–ö-100 –∏ —Ç–æ–ª—å–∫–æ –Ω–∞ –ø—Ä–∏–µ–º –æ—Ä–∏–≥–∏–Ω–∞–ª–æ–≤"
"–≤—ã—Ä–∞—Å—Ç–µ—Ç –≤ —ç—Ç–æ–º –≥–æ–¥—É –ø—Ä–æ—Ö–æ–¥–Ω–æ–π –±–∞–ª–ª, –≤–æ—Ç —Ö–æ—Ç–µ–ª–æ—Å—å –±—ã –≤–µ—Ä–∏—Ç—å, —á—Ç–æ –Ω–µ–Ω–∞–º–Ω–æ–≥–æ","–ò –Ω–∞–º —Ö–æ—Ç–µ–ª–æ—Å—å –±—ã –≤–µ—Ä–∏—Ç—å, —á—Ç–æ –ø—Ä–æ—Ö–æ–¥–Ω–æ–π –±–∞–ª–ª –Ω–µ –Ω–∞ –º–Ω–æ–≥–æ –≤—ã—Ä–∞—Å—Ç–µ—Ç"
"–î–æ–±—Ä—ã–π –¥–µ–Ω—å, —Ö–æ—Ç–µ–ª —É—Ç–æ—á–Ω–∏—Ç—å , –∞ –ø—Ä–∏–µ–º–Ω–∞—è –∫–æ–º–∏—Å—Å–∏—è –±—É–¥–µ—Ç —Ä–∞–±–æ—Ç–∞—Ç—å 28 —á–∏—Å–ª–∞ ?","–ù–µ—Ç. –†–∞–±–æ—á–∏–µ –∏ –ø—Ä–∏–µ–º–Ω—ã–µ –¥–Ω–∏ —Å –ø–æ–Ω–µ–¥–µ–ª—å–Ω–∏–∫–∞ –ø–æ —Å—É–±–±–æ—Ç—É. –ï—Å–ª–∏ –ø–æ–¥–∞–≤–∞–ª–∏ –¥–æ–∫—É–º–µ–Ω—Ç—ã —á–µ—Ä–µ–∑ –ì–æ—Å—É—Å–ª—É–≥–∏, —Ç–æ –æ—Ä–∏–≥–∏–Ω–∞–ª—ã –≤ —ç—Ç–æ—Ç –¥–µ–Ω—å –º–æ–∂–Ω–æ –ø–æ–¥–∞—Ç—å —á–µ—Ä–µ–∑ –Ω–∏—Ö."
"–î–æ–±—Ä—ã–π –¥–µ–Ω—å, —Ö–æ—Ç–µ–ª —É—Ç–æ—á–Ω–∏—Ç—å , –∞ –ø—Ä–∏–µ–º–Ω–∞—è –∫–æ–º–∏—Å—Å–∏—è –±—É–¥–µ—Ç —Ä–∞–±–æ—Ç–∞—Ç—å 28 —á–∏—Å–ª–∞ ?",–¥–æ 14.00 –±—É–¥–µ—Ç —Ä–∞–±–æ—Ç–∞—Ç—å —Ç–æ–ª—å–∫–æ –ì–£–ö-100 –∏ —Ç–æ–ª—å–∫–æ –Ω–∞ –ø—Ä–∏–µ–º –æ—Ä–∏–≥–∏–Ω–∞–ª–æ–≤
–¥–æ 14.00 –±—É–¥–µ—Ç —Ä–∞–±–æ—Ç–∞—Ç—å —Ç–æ–ª—å–∫–æ –ì–£–ö-100 –∏ —Ç–æ–ª—å–∫–æ –Ω–∞ –ø—Ä–∏–µ–º –æ—Ä–∏–≥–∏–Ω–∞–ª–æ–≤,"–î–æ–±—Ä—ã–π –¥–µ–Ω—å, –≥–ª—É–ø—ã–π –≤–æ–ø—Ä–æ—Å, –∏–∑–≤–∏–Ω–∏—Ç–µ. –°—Ç–∞—Ä–∞—é—Å—å –≤—Å–µ —á–∏—Ç–∞—Ç—å, –Ω–æ –∑–∞–ø—É—Ç–∞–ª–∞—Å—å. –ï—Å–ª–∏ —Ä–µ–±–µ–Ω–æ–∫ —á–µ—Ä–µ–∑ –ø—Ä–∏–µ–º–Ω—É—é –∫–æ–º–∏—Å—Å–∏—é –ø–æ–¥–∞–≤–∞–ª –¥–æ–∫—É–º–µ–Ω—Ç—ã, –Ω–æ –æ—Ä–∏–≥–∏–Ω–∞–ª –∞—Ç—Ç–µ—Å—Ç–∞—Ç–∞ –Ω–µ –æ—Ç–¥–∞–ª –∏–∑–Ω–∞—á–∞–ª—å–Ω–æ, –ø–æ–∑–∂–µ —á–µ—Ä–µ–∑ –≥–æ—Å—É—Å–ª—É–≥–∏ –ø–æ—Å—Ç–∞–≤–∏–ª –≥–∞–ª–æ—á–∫—É –æ –ø–æ–¥–∞—á–µ –æ—Ä–∏–≥–∏–Ω–∞–ª–∞ –∞—Ç—Ç–µ—Å—Ç–∞—Ç–∞ , –Ω–∞–¥–æ –ø—Ä–∏–Ω–µ—Å—Ç–∏ –æ—Ä–∏–≥–∏–Ω–∞–ª –≤ –ø—Ä–∏–µ–º–Ω—É—é –∫–æ–º–∏—Å—Å–∏—é –Ω–æ–∂–∫–∞–º–∏? –î–æ –∫–∞–∫–æ–≥–æ —á–∏—Å–ª–∞?"
"–°–º–æ—Ç—Ä—è –æ –∫–∞–∫–æ–π –ø—Ä–æ–≥—Ä–∞–º–º–µ —Ä–µ—á—å. –í–æ—Ç —Ç—É—Ç –±–∞–ª–ª—ã –ø–æ –ø—Ä–æ—à–ª–æ–º—É –≥–æ–¥—É. –ê –ø–æ —Ç–µ–∫—É—â–µ–º—É - –≤ –∫–æ–Ω–∫—É—Ä—Å–Ω—ã—Ö —Å–ø–∏—Å–∫–∞—Ö –º–æ–∂–Ω–æ –Ω–∞–π—Ç–∏. –í –ª—é–±–æ–º —Å–ª—É—á–∞–µ, –µ—Å–ª–∏ –Ω–µ —Å—Ä–∞–±–æ—Ç–∞–µ—Ç –ø–µ—Ä–≤—ã–π –ø—Ä–∏–æ—Ä–∏—Ç–µ—Ç - –¥–∞–ª—å—à–µ –ø–æ–π–¥–µ—Ç –∫–æ–Ω–∫—É—Ä—Å –ø–æ –≤—Ç–æ—Ä–æ–º—É –∏ —Ç–∞–∫ –¥–∞–ª–µ–µ.","–∞ –¥–æ–ø—É—Å—Ç–∏–º —Ç–æ—Ç —É –∫–æ–≥–æ –ø—Ä–∏–æ—Ä–∏—Ç–µ—Ç 1 –±—É–¥–µ—Ç –≤—ã—à–µ —Ç–æ–≥–æ, —É –∫–æ–≥–æ –ø—Ä–∏–æ—Ä–∏—Ç–µ—Ç 2? –∞ –µ—Å–ª–∏ —Ç–æ—Ç —á–µ–ª–æ–≤–µ–∫ –∫–æ—Ç–æ—Ä—ã–π –Ω–µ –ø—Ä–æ—à–µ–ª –ø–æ –æ–¥–Ω–æ–π —Å–ø–µ—Ü–∏–∞–ª—å–Ω–æ—Å—Ç–∏ —Å 1 –ø—Ä–∏–æ—Ä–∏—Ç–µ—Ç–æ–º , –∞ –ø–æ–π–¥–µ—Ç –Ω–∞ 2, –Ω–æ –±–∞–ª–ª–æ–≤ —É –Ω–µ–≥–æ –±—É–¥–µ—Ç –±–æ–ª—å—à–µ —á–µ–º —É –º–µ–Ω—è, —Ç–æ —è —É–π–¥—É –≤–Ω–∏–∑? –∏–ª–∏ —É –º–µ–Ω—è –±—É–¥–µ—Ç –ø—Ä–µ–∏–º—É—â–µ—Å—Ç–≤–æ?"
"–ù–∞ –ø—Ä–∏–∫–ª–∞–¥–Ω–æ–π –∏–Ω—Ñ–æ—Ä–º–∞—Ç–∏–∫–µ –≤–¥–≤–æ–µ —É—Ä–µ–∑–∞–ª–∏ –±—é–¥–∂–µ—Ç–Ω—ã–µ –º–µ—Å—Ç–∞. –¢–∞–º –±–∞–ª–ª —É–∂–µ –Ω–µ –±—É–¥–µ—Ç 233 –∫–∞–∫ –≤ –ø—Ä–æ—à–ª–æ–º –≥–æ–¥—É, –ø–æ—ç—Ç–æ–º—É —Ç–æ–ª—å–∫–æ –∏–≤—Ç","80 –º–µ—Å—Ç –≤ –ø—Ä–∏–Ω—Ü–∏–ø–µ –Ω–æ—Ä–º–∞–ª—å–Ω–æ, –ø–æ—ç—Ç–æ–º—É –º–æ–∂–µ—Ç –ø–æ–¥–Ω–∏–º–µ—Ç—Å—è –Ω–∞ –±–∞–ª–ª–∞ 3-4"
"–µ—Å–ª–∏ —É –≤–∞—Å —Ö–æ—Ä–æ—à–∏–µ –±–∞–ª–ª—ã, –∑–∞—á–µ–º –∂–¥–∞—Ç—å –¥–æ –ø–æ—Å–ª–µ–¥–Ω–µ–≥–æ? –ê –µ—Å–ª–∏ –±—É–¥—É—Ç –ø—Ä–æ–±–ª–µ–º—ã —Ç–µ—Ö –Ω–∞ –ì–£?",–ê —Ö–æ—Ä–æ—à–∏–µ –±–∞–ª–ª—ã —ç—Ç–æ —Å–∫–æ–ª—å–∫–æ? –ö–∞–∫ —Å–æ—Ä–∏–µ–Ω—Ç–∏—Ä–æ–≤–∞—Ç—å—Å—è? 248 —ç—Ç–æ —Ö–æ—Ä–æ—à–∏–µ?
–ê —Ö–æ—Ä–æ—à–∏–µ –±–∞–ª–ª—ã —ç—Ç–æ —Å–∫–æ–ª—å–∫–æ? –ö–∞–∫ —Å–æ—Ä–∏–µ–Ω—Ç–∏—Ä–æ–≤–∞—Ç—å—Å—è? 248 —ç—Ç–æ —Ö–æ—Ä–æ—à–∏–µ?,"–ë–∞–ª–ª—ã –Ω–µ–ø–ª–æ—Ö–∏–µ, –Ω–æ –Ω–µ –¥–ª—è –≤—Å–µ—Ö –ø—Ä–æ–≥—Ä–∞–º–º.  –®–∞–Ω—Å—ã –µ—Å—Ç—å"
"–í—Å–µ –æ—á–µ–Ω—å –Ω–∞–¥–µ—è—Ç—Å—è, –Ω–æ –ø—Ä–æ—Ö–æ–¥–Ω—ã–µ –±–∞–ª–ª—ã –ø–æ–¥—Ä–æ—Å–ª–∏ –ø–æ —Å—Ä–∞–≤–Ω–µ–Ω–∏—é —Å –ø—Ä–µ–¥—ã–¥—É—â–∏–º–∏ –≥–æ–¥–∞–º–∏, –æ—Å—Ç–∞–µ—Ç—Å—è —Ç–æ–ª—å–∫–æ –Ω–∞–¥–µ—è—Ç—å—Å—è –∏ –∂–¥–∞—Ç—å. –í—Å–µ–º —É–¥–∞—á–∏ –∏ —Ç–µ—Ä–ø–µ–Ω–∏—è! –° –ø–µ—Ä–≤–æ–≥–æ –ø—Ä–∏–æ—Ä–∏—Ç–µ—Ç–∞ —É–∂–µ –≤—ã—à–ª–∏ –∏–∑ –∑–µ–ª–µ–Ω–æ–π –∑–æ–Ω—ãüò¢",—Å–∫–æ–ª—å–∫–æ —É –≤–∞—Å –±–∞–ª–ª–æ–≤ –∏ –∫–∞–∫–æ–π –ø—Ä–æ—Ö–æ–¥–Ω–æ–π –±—ã–ª –≤ –ø—Ä–æ—à–ª–æ–º –≥–æ–¥—É?
—Å–∫–æ–ª—å–∫–æ —É –≤–∞—Å –±–∞–ª–ª–æ–≤ –∏ –∫–∞–∫–æ–π –ø—Ä–æ—Ö–æ–¥–Ω–æ–π –±—ã–ª –≤ –ø—Ä–æ—à–ª–æ–º –≥–æ–¥—É?,"–ë–∞–ª–ª–æ–≤ 241, –Ω–∞ 09.03.03 –ø—Ä–∏–∫–ª–∞–¥–Ω–∞—è –∏–Ω—Ñ–æ—Ä–º–∞—Ç–∏–∫–∞ –≤ 2023 –ø—Ä–æ—Ö–æ–¥–Ω–æ–π –±—ã–ª 233, –≤ 2022 –ø—Ä–æ—Ö–æ–¥–Ω–æ–π 229‚Ä¶–≤—á–µ—Ä–∞ –±—ã–ª –Ω–∞ 60 –º–µ—Å—Ç–µ, —Å–µ–≥–æ–¥–Ω—è –Ω–∞ 90‚Ä¶"
"–ë–∞–ª–ª–æ–≤ 241, –Ω–∞ 09.03.03 –ø—Ä–∏–∫–ª–∞–¥–Ω–∞—è –∏–Ω—Ñ–æ—Ä–º–∞—Ç–∏–∫–∞ –≤ 2023 –ø—Ä–æ—Ö–æ–¥–Ω–æ–π –±—ã–ª 233, –≤ 2022 –ø—Ä–æ—Ö–æ–¥–Ω–æ–π 229‚Ä¶–≤—á–µ—Ä–∞ –±—ã–ª –Ω–∞ 60 –º–µ—Å—Ç–µ, —Å–µ–≥–æ–¥–Ω—è –Ω–∞ 90‚Ä¶","–ù–∞ –ø—Ä–∏–∫–ª–∞–¥–Ω–æ–π –∏–Ω—Ñ–æ—Ä–º–∞—Ç–∏–∫–µ –≤ –¥–≤–∞ —Ä–∞–∑–∞ —É–º–µ–Ω—å—à–∏–ª–∏ –∫–æ–ª-–≤–æ –±—é–¥–∂–µ—Ç–Ω—ã—Ö –º–µ—Å—Ç, –ø–æ—ç—Ç–æ–º—É —Ç–∞–º –≤—ã—Ä–∞—Å—Ç–µ—Ç –ø—Ä–æ—Ö–æ–¥–Ω–æ–π –±–∞–ª–ª"
"–ó–¥—Ä–∞–≤—Å—Ç–≤—É–π—Ç–µ, –µ—Å–ª–∏ —É–∂–µ –Ω–µ –ø—Ä–æ—à—ë–ª –ø–æ –±—é–¥–∂–µ—Ç—É –∏ —Ä–µ—à–∏–ª—Å—è –Ω–∞ –ø–ª–∞—Ç–Ω–æ–µ, —Ç–æ –∫–∞–∫ —É–∑–Ω–∞—Ç—å –º–∏–Ω –±–∞–ª–ª –∏ –µ—Å—Ç—å –ª–∏ –º–µ—Å—Ç–æ?","–ú–µ—Å—Ç–∞ –µ—Å—Ç—å. –ï—Å–ª–∏ —É –≤–∞—Å –æ—Ç 170 –±–∞–ª–ª–æ–≤, –º–æ–∂–µ—Ç–µ –≤—ã–±–∏—Ä–∞—Ç—å –ª—é–±–æ–µ –Ω–∞–ø—Ä–∞–≤–ª–µ–Ω–∏–µ"
–ü—Ä–æ—Ö–æ–¥–Ω–æ–π –±–∞–ª–ª –ø—Ä–æ—à–ª–æ–≥–æ –≥–æ–¥–∞?,"–î–∞, 254 –±–∞–ª–ª–∞"
–ø–æ—Ö–æ–∂–µ —Å –º–æ–∏–º–∏ –±–∞–ª–ª–∞–º–∏ –ø–æ—Å–ª–µ –æ—Ç–±–æ—Ä–∞ –Ω–µ –ø—Ä–æ–π–¥—É,–Ω–∞–≤–µ—Ä–Ω–æ–µ 262 –±–∞–ª–ª–∞ –±—É–¥–µ—Ç –º–∞–ª–æ–≤–∞—Ç–æ
"–ó–¥—Ä–∞–≤—Å—Ç–≤—É–π—Ç–µ. –ò–∑–≤–∏–Ω–∏—Ç–µ, –µ—Å–ª–∏ —É–∂–µ –ø–∏—Å–∞–ª–∏ (–Ω–µ –Ω–∞—à–ª–∞), –∞ –µ—Å—Ç—å –∫–∞–∫–æ–π-—Ç–æ –ø—Ä–æ–≥–Ω–æ–∑ –Ω–∞ 29 –Ω–∞–ø—Ä–∞–≤–ª–µ–Ω–∏–µ? –ê —Ç–æ –±–∞–ª–ª –≤—ã—Ä–æ—Å —É–∂–µ –Ω–∞ 21.... (–ø–æ —Å—Ä–∞–≤–Ω–µ–Ω–∏—é —Å –ø—Ä–æ—à–ª—ã–º –≥–æ–¥–æ–º)",–ù–µ—Ç —É –Ω–∞—Å –ø—Ä–æ–≥–Ω–æ–∑–æ–≤. –£–∂–µ –±–æ–∏–º—Å—è –ª–∏—à–Ω–∏–π —Ä–∞–∑ –æ—Ç–≤–µ—á–∞—Ç—å. –ë–∞–ª–ª —Ä–∞—Å—Ç–µ—Ç –ø–æ–≤—Å–µ–º–µ—Å—Ç–Ω–æ
"–ö–æ–ª–ª–µ–≥–∏ –º–æ–≥—É—Ç –ø–æ–ø—Ä–∞–≤–∏—Ç—å,  –Ω–æ –ø–æ –±–∞–ª–ª–∞–º –µ–≥—ç –≤—Ä–æ–¥–µ","–ú–Ω–µ —Å—Ç—É–¥–µ–Ω—Ç—ã –≥–æ–≤–æ—Ä–∏–ª–∏, —á—Ç–æ –≤—ã–±–æ—Ä –¥–µ–ª–∞—é—Ç –Ω–µ–∑–∞–≤–∏—Å–∏–º–æ –æ—Ç –±–∞–ª–ª–æ–≤ –ï–ì–≠ –≤—Å–µ 9 –Ω–∞–ø—Ä–∞–≤–ª–µ–Ω–∏–µ –æ–¥–Ω–æ–≤—Ä–µ–º–µ–Ω–Ω–æ –≤ –ø–µ—Ä–≤—ã–π —Å–µ–º–µ—Å—Ç—Ä"
"–î–µ–Ω–∏—Å –°–µ—Ä–≥–µ–µ–≤–∏—á –ø—Ä–∞–≤, —á—Ç–æ –±–∞–ª–ª—ã –ï–ì–≠ –±—É–¥—É—Ç –≤–ª–∏—è—Ç—å –Ω–∞ –≤—ã–±–æ—Ä, –Ω–∞–ø—Ä–∏–º–µ—Ä, –º–∞—Ç–µ–º–∞—Ç–∏–∫–∏.
–í —ç—Ç–æ–º –≥–æ–¥—É –µ—Å—Ç—å –Ω—é–∞–Ω—Å—ã. –ù–æ –≤–∞–º –≤—Å—ë –ø–æ–¥—Ä–æ–±–Ω–æ –æ–±—ä—è—Å–Ω—è—Ç –ø—Ä–æ –≤—ã–±–æ—Ä –ø–µ—Ä–µ–¥ –Ω–∞—á–∞–ª–æ–º —É—á–µ–±–Ω–æ–≥–æ –≥–æ–¥–∞.",–ü—Ä–∏–æ—Ç–∫—Ä–æ–π—Ç–µ —á—É—Ç—å-—á—É—Ç—å  –∑–∞–Ω–∞–≤–µ—Å  –∏ —Ä–∞—Å—Å–∫–∞–∂–∏—Ç–µ  –ø–æ–∂–∞–ª—É–π—Å—Ç–∞  —Ö–æ—Ç—å  –æ—Ç —Å–∫–æ–ª—å–∫–∏ –±–∞–ª–ª–æ–≤  –ø–æ –º–∞—Ç–µ–º–∞—Ç–∏–∫–µ   –±—É–¥–µ—Ç  –ø—Ä–∏–æ—Ä–∏—Ç–µ—Ç  –ø—Ä–∏ –≤—ã–±–æ—Ä–µ ?)
"–ë—É–¥–µ—Ç —Ä–∞–Ω–∂–∏—Ä–æ–≤–∞–Ω–∏–µ –ø–æ –±–∞–ª–ª–∞–º –ï–ì–≠. –ë—É–¥–µ—Ç –ø—Ä–µ–¥–ª–æ–∂–µ–Ω –≤—ã–±–æ—Ä –ø–æ —Ç—Ä—ë–º —É—Ä–æ–≤–Ω—è–º –æ–±—É—á–µ–Ω–∏—è:
–ü—Ä–æ–¥–≤–∏–Ω—É—Ç—ã–π 85+ –±–∞–ª–ª–æ–≤, –æ—Å–Ω–æ–≤–Ω–æ–π –∏ –±–∞–∑–æ–≤—ã–π (—Å –ø–æ—Ä–æ–≥–æ–≤—ã–º–∏ –±–∞–ª–ª–∞–º–∏). 
–ï—Å–ª–∏ —Å—Ç—É–¥–µ–Ω—Ç —Å—á–∏—Ç–∞–µ—Ç, —á—Ç–æ –µ–≥–æ —É—Ä–æ–≤–µ–Ω—å –≤—ã—à–µ, —á–µ–º –±—ã–ª–∏ –ø–æ–ª—É—á–µ–Ω—ã –±–∞–ª–ª—ã –∏–ª–∏, –Ω–∞–æ–±–æ—Ä–æ—Ç, –≤—ã—Å–æ–∫–∏–µ –±–∞–ª–ª—ã –±—ã–ª–∏ –ø–æ–ª—É—á–µ–Ω—ã —Å–ª—É—á–∞–π–Ω–æ, —Ç–æ –±—É–¥–µ—Ç –ø—Ä–µ–¥–ª–æ–∂–µ–Ω–æ —Å–æ–±–µ—Å–µ–¥–æ–≤–∞–Ω–∏–µ –Ω–∞ —Ç–æ—Ç —É—Ä–æ–≤–µ–Ω—å, –Ω–∞ –∫–æ—Ç–æ—Ä–æ–º –æ–Ω —Å–µ–±—è —Ö–æ—Ç–µ–ª –±—ã –≤–∏–¥–µ—Ç—å. 

–£—Ä–æ–≤–Ω–∏ –æ–±—É—á–µ–Ω–∏—è –º–∞—Ç–µ–º–∞—Ç–∏–∫–∏ –ø—Ä–æ–¥—É–º–∞–Ω—ã —Ç–∞–∫, —á—Ç–æ–±—ã —Å—Ç—É–¥–µ–Ω—Ç—ã —Å –ø–æ—Ä–æ–≥–æ–≤—ã–º–∏ –±–∞–ª–ª–∞–º–∏ —Å–º–æ–≥–ª–∏ –ø–æ–¥—Ç—è–Ω—É—Ç—å –¥–æ–ø–æ–ª–Ω–∏—Ç–µ–ª—å–Ω–æ  —à–∫–æ–ª—å–Ω—É—é –º–∞—Ç–µ–º–∞—Ç–∏–∫—É. –ê –≤—ã—Å–æ–∫–æ–±–∞–ª–ª—å–Ω–∏–∫–∏ —É–∂–µ –º–æ–≥–ª–∏ –±—ã –ø–æ–ø—Ä–æ–±–æ–≤–∞—Ç—å —Ä–µ—à–∞—Ç—å –º–µ–∂–¥–∏—Å—Ü–∏–ø–ª–∏–Ω–∞—Ä–Ω—ã–µ –∑–∞–¥–∞—á–∏.","–£—Ä–∞, –∞ –±–∞–ª–ª –∑–∞ —Ä—É—Å—Å–∫–∏–π –±—É–¥–µ—Ç –≥–¥–µ —Ç–æ —É—á–∏—Ç—ã–≤–∞—Ç—å—Å—è?"
"–ë—É–¥–µ—Ç —Ä–∞–Ω–∂–∏—Ä–æ–≤–∞–Ω–∏–µ –ø–æ –±–∞–ª–ª–∞–º –ï–ì–≠. –ë—É–¥–µ—Ç –ø—Ä–µ–¥–ª–æ–∂–µ–Ω –≤—ã–±–æ—Ä –ø–æ —Ç—Ä—ë–º —É—Ä–æ–≤–Ω—è–º –æ–±—É—á–µ–Ω–∏—è:
–ü—Ä–æ–¥–≤–∏–Ω—É—Ç—ã–π 85+ –±–∞–ª–ª–æ–≤, –æ—Å–Ω–æ–≤–Ω–æ–π –∏ –±–∞–∑–æ–≤—ã–π (—Å –ø–æ—Ä–æ–≥–æ–≤—ã–º–∏ –±–∞–ª–ª–∞–º–∏). 
–ï—Å–ª–∏ —Å—Ç—É–¥–µ–Ω—Ç —Å—á–∏—Ç–∞–µ—Ç, —á—Ç–æ –µ–≥–æ —É—Ä–æ–≤–µ–Ω—å –≤—ã—à–µ, —á–µ–º –±—ã–ª–∏ –ø–æ–ª—É—á–µ–Ω—ã –±–∞–ª–ª—ã –∏–ª–∏, –Ω–∞–æ–±–æ—Ä–æ—Ç, –≤—ã—Å–æ–∫–∏–µ –±–∞–ª–ª—ã –±—ã–ª–∏ –ø–æ–ª—É—á–µ–Ω—ã —Å–ª—É—á–∞–π–Ω–æ, —Ç–æ –±—É–¥–µ—Ç –ø—Ä–µ–¥–ª–æ–∂–µ–Ω–æ —Å–æ–±–µ—Å–µ–¥–æ–≤–∞–Ω–∏–µ –Ω–∞ —Ç–æ—Ç —É—Ä–æ–≤–µ–Ω—å, –Ω–∞ –∫–æ—Ç–æ—Ä–æ–º –æ–Ω —Å–µ–±—è —Ö–æ—Ç–µ–ª –±—ã –≤–∏–¥–µ—Ç—å. 

–£—Ä–æ–≤–Ω–∏ –æ–±—É—á–µ–Ω–∏—è –º–∞—Ç–µ–º–∞—Ç–∏–∫–∏ –ø—Ä–æ–¥—É–º–∞–Ω—ã —Ç–∞–∫, —á—Ç–æ–±—ã —Å—Ç—É–¥–µ–Ω—Ç—ã —Å –ø–æ—Ä–æ–≥–æ–≤—ã–º–∏ –±–∞–ª–ª–∞–º–∏ —Å–º–æ–≥–ª–∏ –ø–æ–¥—Ç—è–Ω—É—Ç—å –¥–æ–ø–æ–ª–Ω–∏—Ç–µ–ª—å–Ω–æ  —à–∫–æ–ª—å–Ω—É—é –º–∞—Ç–µ–º–∞—Ç–∏–∫—É. –ê –≤—ã—Å–æ–∫–æ–±–∞–ª–ª—å–Ω–∏–∫–∏ —É–∂–µ –º–æ–≥–ª–∏ –±—ã –ø–æ–ø—Ä–æ–±–æ–≤–∞—Ç—å —Ä–µ—à–∞—Ç—å –º–µ–∂–¥–∏—Å—Ü–∏–ø–ª–∏–Ω–∞—Ä–Ω—ã–µ –∑–∞–¥–∞—á–∏.",–ù–æ —è —Ç–∞–∫ –ø–æ–Ω–∏–º–∞—é  –≤—Å–µ –±—É–¥–µ—Ç  –ø—Ä–æ—Ö–æ–¥–∏—Ç—å —Å –ø–æ–º–æ—â—å—é  —Ç–µ—Å—Ç–∏—Ä–æ–≤–∞–Ω–∏—è?  –ò–ª–∏ —Å—Ä–∞–∑—É –±—É–¥–µ—Ç  –¥–µ–ª–µ–Ω–∏–µ  –ø–æ –±–∞–ª–ª–∞–º–∏?
"–ó–¥—Ä–∞–≤—Å—Ç–≤—É–π—Ç–µ! –ù–∞ –∞–ª–≥–æ—Ä–∏—Ç–º—ã –ò–ò –Ω–∞ –∫–æ–Ω—Ç—Ä–∞–∫—Ç, –Ω—É–∂–Ω–æ –æ–ø—Ä–µ–¥–µ–ª–µ–Ω–Ω–æ–µ –∫–æ–ª–∏—á–µ—Å—Ç–≤–æ –±–∞–ª–ª–æ–≤?",–æ—Ç 170 –±–∞–ª–ª–æ–≤
"–ó–¥—Ä–∞–≤—Å—Ç–≤—É–π—Ç–µ, –µ—Å–ª–∏ –º—ã –ø–æ –¥–∞–¥–∏–º –Ω–∞ –∫–æ–Ω—Ç—Ä–∞–∫—Ç, —Ç–æ –º–µ–Ω—è –∏—Å–∫–ª—é—á–∞—Ç –∏–∑ —Å–ø–∏—Å–∫–∞ –∫–æ–Ω–∫—É—Ä—Å–∞ –Ω–∞ –±—é–¥–∂–µ—Ç–Ω–æ–π –æ—Å–Ω–æ–≤–µ?","–ó–¥—Ä–∞–≤—Å—Ç–≤—É–π—Ç–µ,  –í–∞–¥–∏–º. –õ—É—á—à–µ –¥–æ–∂–¥–∏—Ç–µ—Å—å –∫–æ–Ω–µ—Ü –∫–æ–Ω–∫—É—Ä—Å–∞,  –µ—Å–ª–∏ –Ω–µ –ø—Ä–æ–π–¥–µ—Ç–µ –Ω–∞ –±—é–¥–∂–µ—Ç –Ω–∏ –ø–æ –æ–¥–Ω–æ–º—É –∏–∑ –ø—Ä–∏–æ—Ä–∏—Ç–µ—Ç–æ–≤, –ø—Ä–∏–µ–¥–∏—Ç–µ –∫ –Ω–∞–º –∏ –æ—Ñ–æ—Ä–º–∏–º –∫–æ–Ω—Ç—Ä–∞–∫—Ç. –ü—Ä–∏–µ—Ö–∞—Ç—å –∏ –æ–ø–ª–∞—Ç–∏—Ç—å –º–æ–∂–Ω–æ –¥–æ 20 –∞–≤–≥—É—Å—Ç–∞"
"–ó–¥—Ä–∞–≤—Å—Ç–≤—É–π—Ç–µ, –ø–æ–¥—Å–∫–∞–∂–∏—Ç–µ, –ø–æ–∂–∞–ª—É–π—Å—Ç–∞, —Ä–∞–Ω–µ–µ –≥–æ–≤–æ—Ä–∏–ª–∏, —á—Ç–æ –Ω–∞ —Å–ø–µ—Ü–∏–∞–ª–∏—Ç–µ—Ç, –µ—Å–ª–∏ –æ—Ç –ú–∏–Ω–æ–±–æ—Ä–æ–Ω—ã –±—É–¥—É—Ç –Ω–µ –≤—Å–µ –º–µ—Å—Ç–∞ –∑–∞–Ω—è—Ç—ã, —Ç–æ –æ–Ω–∏ –ø–µ—Ä–µ–π–¥—É—Ç –≤ –æ–±—â–∏–π –∫–æ–Ω–∫—É—Ä—Å –Ω–∞ –±—é–¥–∂–µ—Ç.
–°–µ–π—á–∞—Å –Ω–∞ —Å–∞–π—Ç–µ —É–∫–∞–∑–∞–Ω–æ, —á—Ç–æ –Ω–∞ —Å–ø–µ—Ü–∏–∞–ª–∏—Ç–µ—Ç 20 –±—é–¥–∂–µ—Ç–Ω—ã—Ö –º–µ—Å—Ç, —ç—Ç–æ —É–∂–µ —Å –æ—Å–≤–æ–±–æ–¥–∏–≤—à–∏–º–∏—Å—è —Ü–µ–ª–µ–≤—ã–º–∏ –º–µ—Å—Ç–∞–º–∏? –ò–ª–∏ –µ—Å—Ç—å –µ—â—ë –≤–æ–∑–º–æ–∂–Ω–æ—Å—Ç—å —É–≤–µ–ª–∏—á–µ–Ω–∏—è –±—é–¥–∂–µ—Ç–Ω—ã—Ö –º–µ—Å—Ç?","–ó–¥—Ä–∞–≤—Å—Ç–≤—É–π—Ç–µ, –õ—é–±–æ–≤—å –ú–∏—Ö–∞–π–ª–æ–≤–Ω–∞. –í—Å–µ —Ü–µ–ª–µ–≤—ã–µ –º–µ—Å—Ç–∞ –∑–∞–Ω—è—Ç—ã,  –≤ –æ–±—â–µ–º –∫–æ–Ω–∫—É—Ä—Å–µ –Ω–∞ –≥—Ä–∞–∂–¥–∞–Ω—Å–∫–æ–º —Ç—Ä–µ–∫–µ —Ä–æ–≤–Ω–æ 20 –º–µ—Å—Ç."
"–î–æ–±—Ä—ã–π –≤–µ—á–µ—Ä! –ú–æ—è –¥–æ—á–∫–∞ –º–µ—á—Ç–∞–µ—Ç –ø–æ—Å—Ç—É–ø–∏—Ç—å –Ω–∞ –†–¢–§. –ü–æ–¥—Å–∫–∞–∂–∏—Ç–µ –ø–æ–∂–∞–ª—É–π—Å—Ç–∞,  –∫–æ–≥–¥–∞ –ø–ª–∞–Ω–∏—Ä—É–µ—Ç—Å—è ""–î–µ–Ω—å –æ—Ç–∫—Ä—ã—Ç—ã—Ö –¥–≤–µ—Ä–µ–π""?  –•–æ—Ç–µ–ª–æ—Å—å –±—ã –ø–æ–∑–Ω–∞–∫–æ–º–∏—Ç—å—Å—è) –∏ –∑–∞–¥–∞—Ç—å –∫—É—á–∫—É –≤–æ–ø—Ä–æ—Å–æ–≤.","–ü–µ—Ä–≤—ã–µ –¥–Ω–∏ –æ—Ç–∫—Ä—ã—Ç—ã—Ö –¥–≤–µ—Ä–µ–π –ø—Ä–∏—ë–º–Ω–æ–π –∫–æ–º–∏—Å—Å–∏–∏  –±—É–¥—É—Ç 14-15 —è–Ω–≤–∞—Ä—è. –í –∫–æ–Ω—Ü–µ —Ñ–µ–≤—Ä–∞–ª—è –≤ —Ä–∞–º–∫–∞—Ö –¥–Ω—è —Ä–æ–∂–¥–µ–Ω–∏—è –ò–†–ò–¢-–†–¢–§ –±—É–¥–µ—Ç –Ω–∞—à –¥–µ–Ω—å –æ—Ç–∫—Ä—ã—Ç—ã—Ö –¥–≤–µ—Ä–µ–π ""–í—Å–µ–ª–µ–Ω–Ω–∞—è –ò–†–ò–¢-–†–¢–§ """
"–ü—Ä–∏—Ö–æ–¥–∏—Ç–µ –Ω–∞ –ü–∏–∫ –ò–¢ –∏–ª–∏ –Ω–∞ –Ω–∞—à –¥–µ–Ω—å –æ—Ç–∫—Ä—ã—Ç—ã—Ö –¥–≤–µ—Ä–µ–π, –∫–æ—Ç–æ—Ä—ã–π —Å–∫–æ—Ä–µ–µ –≤—Å–µ–≥–æ –±—É–¥–µ—Ç 7 –∞–ø—Ä–µ–ª—è. –°–∫–æ—Ä–æ —Å–¥–µ–ª–∞–µ–º –∞–Ω–æ–Ω—Å","–∑–¥—Ä–∞–≤—Å—Ç–≤—É–π—Ç–µ, –ø–æ–¥—Å–∫–∞–∂–∏—Ç–µ, —Å–ª–µ–¥—É—é—â–∏–π –¥–µ–Ω—å –æ—Ç–∫—Ä—ã—Ç—ã—Ö –¥–≤–µ—Ä–µ–π –±—É–¥–µ—Ç –∏–º–µ—Ç—å —Ç–∞–∫—É—é –∂–µ –ø—Ä–æ–≥—Ä–∞–º–º—É, —á—Ç–æ –∏ —Å–µ–≥–æ–¥–Ω—è?"
"–∑–¥—Ä–∞–≤—Å—Ç–≤—É–π—Ç–µ, –∞ –∫–æ–≥–¥–∞ –Ω–∞—á–∏–Ω–∞—é—Ç—Å—è –≤—Å—Ç—É–ø–∏—Ç–µ–ª—å–Ω—ã–µ —ç–∫–∑–∞–º–µ–Ω—ã –¥–ª—è –≥—Ä–∞–∂–¥–∞–Ω –¥—Ä—É–≥–∏—Ö —Å—Ç—Ä–∞–Ω —Å–Ω–≥?",–î–æ–±—Ä—ã–π –¥–µ–Ω—å. –í—Å–µ —ç–∫–∑–∞–º–µ–Ω—ã –Ω–∞—á–Ω—É—Ç—Å—è —Å 1 –∏—é–ª—è
–ó–¥—Ä–∞–≤—Å—Ç–≤—É–π—Ç–µ! –ì–¥–µ –º–æ–∂–Ω–æ –Ω–∞–π—Ç–∏ –≤—Å—Ç—É–ø–∏—Ç–µ–ª—å–Ω—ã–µ —ç–∫–∑–∞–º–µ–Ω—ã –ø—Ä–æ—à–ª—ã—Ö –ª–µ—Ç?,–î–æ–±—Ä—ã–π –¥–µ–Ω—å. –û –∫–∞–∫–∏—Ö —ç–∫–∑–∞–º–µ–Ω–∞—Ö –∏–¥—ë—Ç —Ä–µ—á—å?
"–ò –∫–∞–∫ –ø—Ä–æ—Ö–æ–¥–∏—Ç —Å–¥–∞—á–∞ –≤—Å—Ç—É–ø–∏—Ç–µ–ª—å–Ω—ã—Ö —ç–∫–∑–∞–º–µ–Ω–æ–≤, –µ—Å–ª–∏ —è –≤—ã–ø—É—Å–Ω–∏–∫ –∫–æ–ª–ª–µ–¥–∂–∞ (–£–ü–ö-–ú–¶–ö)?",–í—Å—è –∏–Ω—Ñ–æ—Ä–º–∞—Ü–∏—è –¥–ª—è –ø–æ—Å—Ç—É–ø–∞—é—â–∏—Ö –ø–æ—Å–ª–µ –∫–æ–ª–ª–µ–¥–∂–∞ –µ—Å—Ç—å —É –Ω–∞—Å –Ω–∞ —Å–∞–π—Ç–µ https://priem-rtf.urfu.ru/colledj/. –≠–∫–∑–∞–º–µ–Ω—ã –¥–∏—Å—Ç–∞–Ω—Ü–∏–æ–Ω–Ω–æ —Å –∞—Å–∏–Ω—Ö—Ä–æ–Ω–Ω—ã–º  –ø—Ä–æ–∫—Ç–æ—Ä–∏–Ω–≥–æ–º.
—è —Ç–æ –ø–æ—Å—Ç—É–ø–∞—é –ø–æ –≤—Å—Ç—É–ø–∏—Ç–µ–ª—å–Ω—ã–º —ç–∫–∑–∞–º–µ–Ω–∞–º,–ù—É –¥–∞–∫ –∑–∞ —ç–∫–∑–∞–º–µ–Ω—ã —Ç–æ–¥–µ —Ä–µ–∑—É–ª—å—Ç–∞—Ç—ã –¥–æ–ª–∂–Ω—ã –ø—Ä–æ–≤–µ—Ä–∏—Ç—å –∏ –∑–∞–≥—Ä—É–∑–∏—Ç—å
"–ó–¥—Ä–∞–≤—Å—Ç–≤—É–π—Ç–µ, –≥–¥–µ –º–æ–∂–Ω–æ –ø–æ—Å–º–æ—Ç—Ä–µ—Ç—å –∫–æ–Ω–∫—É—Ä—Å–Ω—ã–µ —Å–ø–∏—Å–∫–∏? –Ω–∞ —Å–∞–π—Ç–µ –Ω–µ –Ω–∞—à–µ–ª. –¢–æ—á–Ω–µ–µ –Ω–∞—à–µ–ª, –Ω–æ —á—Ç–æ —Ç–æ —Å—Ç—Ä–∞–Ω–Ω–æ–µ","–ö–æ–Ω–∫—É—Ä—Å–Ω—ã—Ö —Å–ø–∏—Å–∫–æ–≤ –ø–æ–∫–∞ –Ω–µ –±—É–¥–µ—Ç, —Ç–æ–ª—å–∫–æ –∞–ª—Ñ–∞–≤–∏—Ç–Ω—ã–µ. –ù–µ —Ä–∞–Ω—å—à–µ –∏—é–ª—è"
"–ó–¥—Ä–∞–≤—Å—Ç–≤—É–π—Ç–µ, –ø–æ–¥—Å–∫–∞–∂–∏—Ç–µ, –∞ –±—É–¥—É—Ç –ª–∏ –∫–æ–Ω–∫—É—Ä—Å–Ω—ã–µ —Å–ø–∏—Å–∫–∏ –∫–æ–Ω–∫—Ä–µ—Ç–Ω–æ –ø–æ –†–¢–§?","–ö–æ–Ω–∫—É—Ä—Å–Ω—ã–µ —Å–ø–∏—Å–∫–∏ –Ω–∞ —Å–∞–π—Ç–µ –£—Ä–§–£,  –Ω–∞ —Å–≤–æ–µ–π —Å—Ç—Ä–∞–Ω–∏—Ü–µ –º—ã —Å–¥–µ–ª–∞–µ–º –ø–µ—Ä–µ—Ö–æ–¥ –Ω–∞ —Å–ø–∏—Å–∫–∏, –∫–æ–≥–¥–∞ –æ–Ω–∏ –ø–æ—è–≤—è—Ç—Å—è"
"–î–æ–±—Ä–æ–µ —É—Ç—Ä–æ, –ø–æ–¥—Å–∫–∞–∂–∏—Ç–µ –ø–∂–ª—Å—Ç , –∫–æ–Ω–∫—É—Ä—Å–Ω—ã–µ —Å–ø–∏—Å–∫–∏ –∫–∞–∫ –Ω–∞–π—Ç–∏ –Ω–∞ —Å–∞–π—Ç–µ? –ò—Ö —É–∂–µ –ø—É–±–ª–∏–∫—É—é—Ç? –ò–ª–∏ –∫–æ–≥–¥–∞ –±—É–¥—É—Ç –ø—É–±–ª–∏–∫–æ–≤–∞—Ç—å?","–£–∂–µ –Ω–µ—Å–∫–æ–ª—å–∫–æ —Ä–∞–∑ –ø–∏—Å–∞–ª–∏, —á—Ç–æ –∫–æ–Ω–∫—É—Ä—Å–Ω—ã–µ —Å–ø–∏—Å–∫–∏ –µ—Å—Ç—å –Ω–∞ —Å–∞–π—Ç–µ https://urfu.ru/ru/applicant/lists/"
–ö–∞–∫–æ–π —Å–µ–π—á–∞—Å –∫–æ–Ω–∫—É—Ä—Å –Ω–∞ –±–∞–∫–∞–ª–∞–≤—Ä–∏–∞—Ç –≤ 09 –∏ 11,"–°–µ–π—á–∞—Å –≤–∞–º –Ω–∏–∫—Ç–æ –Ω–µ —Å–∫–∞–∂–µ—Ç –∫–æ–Ω–∫—É—Ä—Å, –æ—Ä–∏–µ–Ω—Ç–∏—Ä—É–π—å–µ—Å—å –Ω–∞ –ø—Ä–æ—à–ª—ã–µ –≥–æ–¥—ã –∏–ª–∏ –Ω–∞ –∫–æ–Ω–∫—É—Ä—Å–Ω—ã–π —Å–ø–∏—Å–æ–∫ –ø–æ –æ—Ä–∏–≥–∏–Ω–∞–ª–∞–º"
–°–∫–æ–ª—å–∫–æ —Ä–∞–∑ –≤ –¥–µ–Ω—å –ø–æ—Å–ª–µ 28 –∏—é–ª—è –±—É–¥–µ—Ç –æ–±–Ω–æ–≤–ª—è—Ç—å—Å—è –∫–æ–Ω–∫—É—Ä—Å–Ω—ã–π —Å–ø–∏—Å–æ–∫?,–∫–æ–Ω–∫—É—Ä—Å–Ω—ã–µ —Å–ø–∏—Å–∫–∏ –æ–±–Ω–æ–≤–ª—è—é—Ç—Å—è –∫–∞–∂–¥—ã–π –¥–µ–Ω—å
"–ï—Å–ª–∏ –∞–±–∏—Ç—É—Ä–∏–µ–Ω—Ç –Ω–µ –º–æ–∂–µ—Ç —Ä–∞–∑–æ–±—Ä–∞—Ç—å—Å—è –≤ –≥–æ—Å—É—Å–ª—É–≥–∞—Ö, –±–µ—Å–ø–æ–∫–æ–∏—Ç—Å—è –∑–∞ –ø–æ—Å—Ç—É–ø–ª–µ–Ω–∏–µ, —Å–ø—Ä–∞—à–∏–≤–∞–µ—Ç —É –∫–æ–º–∞–Ω–¥—ã –≤—ã —É–Ω–∏–∂–∞–µ—Ç–µ –µ–≥–æ, –≥–æ–≤–æ—Ä–∏—Ç–µ ""–¥–µ—Ç—Å–∫–∏–π —Å–∞–¥"". –ï—Å–ª–∏ —Ç—Ä–µ–±—É–µ—Ç–µ —É–≤–∞–∂–∏—Ç–µ–ª—å–Ω–æ–≥–æ –æ—Ç–Ω–æ—à–µ–Ω–∏—è - –ø—Ä–æ—è–≤–ª—è–π—Ç–µ –µ–≥–æ –≤ –æ—Ç–≤–µ—Ç","–≤ –ø–µ—Ä–≤—É—é –æ—á–µ—Ä–µ–¥—å –≤–∞—à–µ –ø–æ—Å—Ç—É–ø–ª–µ–Ω–∏–µ - —ç—Ç–æ –≤–∞—à–µ –¥–µ–ª–æ, —Ç–∞–∫ —á—Ç–æ ü§∑üèº‚Äç‚ôÄÔ∏è 
–Ω–∏–∫—Ç–æ –Ω–∏–∫–æ–≥–æ –Ω–µ –æ—Å–∫–æ—Ä–±–ª—è–µ—Ç, –≤—Å–µ —É–∂–µ –≤–∑—Ä–æ—Å–ª—ã–µ!!!! –ª—é–¥–∏
–±—É–¥—å—Ç–µ –ø–æ–æ—Ç–≤–µ—Ç—Å—Ç–≤–µ–Ω–Ω–µ–µ –Ω–µ–º–Ω–æ–∂–∫–æ —Å–∞–º–∏ –∑–∞ —Å–µ–±—è"
